PatientEpoch,Epoch,Subject,Session,Recording,RecordingEpoch,Time,Stage
0,0,sub-00047,ses-1,sub-00047_ses-1_task-sleep_acq-20160628T2232_eeg,0,2016-06-28 22:26:07.105168+00:00,WAKE
1,1,sub-00047,ses-1,sub-00047_ses-1_task-sleep_acq-20160628T2232_eeg,1,2016-06-28 22:26:37.105168+00:00,WAKE
2,2,sub-00047,ses-1,sub-00047_ses-1_task-sleep_acq-20160628T2232_eeg,2,2016-06-28 22:27:07.105168+00:00,WAKE
3,3,sub-00047,ses-1,sub-00047_ses-1_task-sleep_acq-20160628T2232_eeg,3,2016-06-28 22:27:37.105168+00:00,WAKE
4,4,sub-00047,ses-1,sub-00047_ses-1_task-sleep_acq-20160628T2232_eeg,4,2016-06-28 22:28:07.105168+00:00,WAKE
5,5,sub-00047,ses-1,sub-00047_ses-1_task-sleep_acq-20160628T2232_eeg,5,2016-06-28 22:28:37.105168+00:00,WAKE
6,6,sub-00047,ses-1,sub-00047_ses-1_task-sleep_acq-20160628T2232_eeg,6,2016-06-28 22:29:07.105168+00:00,WAKE
7,7,sub-00047,ses-1,sub-00047_ses-1_task-sleep_acq-20160628T2232_eeg,7,2016-06-28 22:29:37.105168+00:00,WAKE
8,8,sub-00047,ses-1,sub-00047_ses-1_task-sleep_acq-20160628T2232_eeg,8,2016-06-28 22:30:07.105168+00:00,WAKE
9,9,sub-00047,ses-1,sub-00047_ses-1_task-sleep_acq-20160628T2232_eeg,9,2016-06-28 22:30:37.105168+00:00,WAKE
10,10,sub-00047,ses-1,sub-00047_ses-1_task-sleep_acq-20160628T2232_eeg,10,2016-06-28 22:31:07.105168+00:00,WAKE
11,11,sub-00047,ses-1,sub-00047_ses-1_task-sleep_acq-20160628T2232_eeg,11,2016-06-28 22:31:37.105168+00:00,WAKE
12,12,sub-00047,ses-1,sub-00047_ses-1_task-sleep_acq-20160628T2232_eeg,12,2016-06-28 22:32:07.105168+00:00,WAKE
13,13,sub-00047,ses-1,sub-00047_ses-1_task-sleep_acq-20160628T2232_eeg,13,2016-06-28 22:32:37.105168+00:00,WAKE
14,14,sub-00047,ses-1,sub-00047_ses-1_task-sleep_acq-20160628T2232_eeg,14,2016-06-28 22:33:07.105168+00:00,WAKE
15,15,sub-00047,ses-1,sub-00047_ses-1_task-sleep_acq-20160628T2232_eeg,15,2016-06-28 22:33:37.105168+00:00,N2
16,16,sub-00047,ses-1,sub-00047_ses-1_task-sleep_acq-20160628T2232_eeg,16,2016-06-28 22:34:07.105168+00:00,N2
17,17,sub-00047,ses-1,sub-00047_ses-1_task-sleep_acq-20160628T2232_eeg,17,2016-06-28 22:34:37.105168+00:00,WAKE
18,18,sub-00047,ses-1,sub-00047_ses-1_task-sleep_acq-20160628T2232_eeg,18,2016-06-28 22:35:07.105168+00:00,WAKE
19,19,sub-00047,ses-1,sub-00047_ses-1_task-sleep_acq-20160628T2232_eeg,19,2016-06-28 22:35:37.105168+00:00,WAKE
20,20,sub-00047,ses-1,sub-00047_ses-1_task-sleep_acq-20160628T2232_eeg,20,2016-06-28 22:36:07.105168+00:00,WAKE
21,21,sub-00047,ses-1,sub-00047_ses-1_task-sleep_acq-20160628T2232_eeg,21,2016-06-28 22:36:37.105168+00:00,WAKE
22,22,sub-00047,ses-1,sub-00047_ses-1_task-sleep_acq-20160628T2232_eeg,22,2016-06-28 22:37:07.105168+00:00,WAKE
23,23,sub-00047,ses-1,sub-00047_ses-1_task-sleep_acq-20160628T2232_eeg,23,2016-06-28 22:37:37.105168+00:00,WAKE
24,24,sub-00047,ses-1,sub-00047_ses-1_task-sleep_acq-20160628T2232_eeg,24,2016-06-28 22:38:07.105168+00:00,WAKE
25,25,sub-00047,ses-1,sub-00047_ses-1_task-sleep_acq-20160628T2232_eeg,25,2016-06-28 22:38:37.105168+00:00,WAKE
26,26,sub-00047,ses-1,sub-00047_ses-1_task-sleep_acq-20160628T2232_eeg,26,2016-06-28 22:39:07.105168+00:00,WAKE
27,27,sub-00047,ses-1,sub-00047_ses-1_task-sleep_acq-20160628T2232_eeg,27,2016-06-28 22:39:37.105168+00:00,WAKE
28,28,sub-00047,ses-1,sub-00047_ses-1_task-sleep_acq-20160628T2232_eeg,28,2016-06-28 22:40:07.105168+00:00,WAKE
29,29,sub-00047,ses-1,sub-00047_ses-1_task-sleep_acq-20160628T2232_eeg,29,2016-06-28 22:40:37.105168+00:00,WAKE
30,30,sub-00047,ses-1,sub-00047_ses-1_task-sleep_acq-20160628T2232_eeg,30,2016-06-28 22:41:07.105168+00:00,WAKE
31,31,sub-00047,ses-1,sub-00047_ses-1_task-sleep_acq-20160628T2232_eeg,31,2016-06-28 22:41:37.105168+00:00,WAKE
32,32,sub-00047,ses-1,sub-00047_ses-1_task-sleep_acq-20160628T2232_eeg,32,2016-06-28 22:42:07.105168+00:00,WAKE
33,33,sub-00047,ses-1,sub-00047_ses-1_task-sleep_acq-20160628T2232_eeg,33,2016-06-28 22:42:37.105168+00:00,WAKE
34,34,sub-00047,ses-1,sub-00047_ses-1_task-sleep_acq-20160628T2232_eeg,34,2016-06-28 22:43:07.105168+00:00,WAKE
35,35,sub-00047,ses-1,sub-00047_ses-1_task-sleep_acq-20160628T2232_eeg,35,2016-06-28 22:43:37.105168+00:00,N2
36,36,sub-00047,ses-1,sub-00047_ses-1_task-sleep_acq-20160628T2232_eeg,36,2016-06-28 22:44:07.105168+00:00,WAKE
37,37,sub-00047,ses-1,sub-00047_ses-1_task-sleep_acq-20160628T2232_eeg,37,2016-06-28 22:44:37.105168+00:00,N2
38,38,sub-00047,ses-1,sub-00047_ses-1_task-sleep_acq-20160628T2232_eeg,38,2016-06-28 22:45:07.105168+00:00,N2
39,39,sub-00047,ses-1,sub-00047_ses-1_task-sleep_acq-20160628T2232_eeg,39,2016-06-28 22:45:37.105168+00:00,N2
40,40,sub-00047,ses-1,sub-00047_ses-1_task-sleep_acq-20160628T2232_eeg,40,2016-06-28 22:46:07.105168+00:00,N2
41,41,sub-00047,ses-1,sub-00047_ses-1_task-sleep_acq-20160628T2232_eeg,41,2016-06-28 22:46:37.105168+00:00,WAKE
42,42,sub-00047,ses-1,sub-00047_ses-1_task-sleep_acq-20160628T2232_eeg,42,2016-06-28 22:47:07.105168+00:00,N2
43,43,sub-00047,ses-1,sub-00047_ses-1_task-sleep_acq-20160628T2232_eeg,43,2016-06-28 22:47:37.105168+00:00,N2
44,44,sub-00047,ses-1,sub-00047_ses-1_task-sleep_acq-20160628T2232_eeg,44,2016-06-28 22:48:07.105168+00:00,N2
45,45,sub-00047,ses-1,sub-00047_ses-1_task-sleep_acq-20160628T2232_eeg,45,2016-06-28 22:48:37.105168+00:00,N2
46,46,sub-00047,ses-1,sub-00047_ses-1_task-sleep_acq-20160628T2232_eeg,46,2016-06-28 22:49:07.105168+00:00,N2
47,47,sub-00047,ses-1,sub-00047_ses-1_task-sleep_acq-20160628T2232_eeg,47,2016-06-28 22:49:37.105168+00:00,WAKE
48,48,sub-00047,ses-1,sub-00047_ses-1_task-sleep_acq-20160628T2232_eeg,48,2016-06-28 22:50:07.105168+00:00,N2
49,49,sub-00047,ses-1,sub-00047_ses-1_task-sleep_acq-20160628T2232_eeg,49,2016-06-28 22:50:37.105168+00:00,N2
50,50,sub-00047,ses-1,sub-00047_ses-1_task-sleep_acq-20160628T2232_eeg,50,2016-06-28 22:51:07.105168+00:00,N2
51,51,sub-00047,ses-1,sub-00047_ses-1_task-sleep_acq-20160628T2232_eeg,51,2016-06-28 22:51:37.105168+00:00,WAKE
52,52,sub-00047,ses-1,sub-00047_ses-1_task-sleep_acq-20160628T2232_eeg,52,2016-06-28 22:52:07.105168+00:00,WAKE
53,53,sub-00047,ses-1,sub-00047_ses-1_task-sleep_acq-20160628T2232_eeg,53,2016-06-28 22:52:37.105168+00:00,WAKE
54,54,sub-00047,ses-1,sub-00047_ses-1_task-sleep_acq-20160628T2232_eeg,54,2016-06-28 22:53:07.105168+00:00,WAKE
55,55,sub-00047,ses-1,sub-00047_ses-1_task-sleep_acq-20160628T2232_eeg,55,2016-06-28 22:53:37.105168+00:00,WAKE
56,56,sub-00047,ses-1,sub-00047_ses-1_task-sleep_acq-20160628T2232_eeg,56,2016-06-28 22:54:07.105168+00:00,WAKE
57,57,sub-00047,ses-1,sub-00047_ses-1_task-sleep_acq-20160628T2232_eeg,57,2016-06-28 22:54:37.105168+00:00,WAKE
58,58,sub-00047,ses-1,sub-00047_ses-1_task-sleep_acq-20160628T2232_eeg,58,2016-06-28 22:55:07.105168+00:00,N2
59,59,sub-00047,ses-1,sub-00047_ses-1_task-sleep_acq-20160628T2232_eeg,59,2016-06-28 22:55:37.105168+00:00,N2
60,60,sub-00047,ses-1,sub-00047_ses-1_task-sleep_acq-20160628T2232_eeg,60,2016-06-28 22:56:07.105168+00:00,N2
61,61,sub-00047,ses-1,sub-00047_ses-1_task-sleep_acq-20160628T2232_eeg,61,2016-06-28 22:56:37.105168+00:00,N2
62,62,sub-00047,ses-1,sub-00047_ses-1_task-sleep_acq-20160628T2232_eeg,62,2016-06-28 22:57:07.105168+00:00,N2
63,63,sub-00047,ses-1,sub-00047_ses-1_task-sleep_acq-20160628T2232_eeg,63,2016-06-28 22:57:37.105168+00:00,N2
64,64,sub-00047,ses-1,sub-00047_ses-1_task-sleep_acq-20160628T2232_eeg,64,2016-06-28 22:58:07.105168+00:00,WAKE
65,65,sub-00047,ses-1,sub-00047_ses-1_task-sleep_acq-20160628T2232_eeg,65,2016-06-28 22:58:37.105168+00:00,WAKE
66,66,sub-00047,ses-1,sub-00047_ses-1_task-sleep_acq-20160628T2232_eeg,66,2016-06-28 22:59:07.105168+00:00,WAKE
67,67,sub-00047,ses-1,sub-00047_ses-1_task-sleep_acq-20160628T2232_eeg,67,2016-06-28 22:59:37.105168+00:00,WAKE
68,68,sub-00047,ses-1,sub-00047_ses-1_task-sleep_acq-20160628T2232_eeg,68,2016-06-28 23:00:07.105168+00:00,WAKE
69,69,sub-00047,ses-1,sub-00047_ses-1_task-sleep_acq-20160628T2232_eeg,69,2016-06-28 23:00:37.105168+00:00,WAKE
70,70,sub-00047,ses-1,sub-00047_ses-1_task-sleep_acq-20160628T2232_eeg,70,2016-06-28 23:01:07.105168+00:00,WAKE
71,71,sub-00047,ses-1,sub-00047_ses-1_task-sleep_acq-20160628T2232_eeg,71,2016-06-28 23:01:37.105168+00:00,WAKE
72,72,sub-00047,ses-1,sub-00047_ses-1_task-sleep_acq-20160628T2232_eeg,72,2016-06-28 23:02:07.105168+00:00,WAKE
73,73,sub-00047,ses-1,sub-00047_ses-1_task-sleep_acq-20160628T2232_eeg,73,2016-06-28 23:02:37.105168+00:00,WAKE
74,74,sub-00047,ses-1,sub-00047_ses-1_task-sleep_acq-20160628T2232_eeg,74,2016-06-28 23:03:07.105168+00:00,WAKE
75,75,sub-00047,ses-1,sub-00047_ses-1_task-sleep_acq-20160628T2232_eeg,75,2016-06-28 23:03:37.105168+00:00,WAKE
76,76,sub-00047,ses-1,sub-00047_ses-1_task-sleep_acq-20160628T2232_eeg,76,2016-06-28 23:04:07.105168+00:00,WAKE
77,77,sub-00047,ses-1,sub-00047_ses-1_task-sleep_acq-20160628T2232_eeg,77,2016-06-28 23:04:37.105168+00:00,WAKE
78,78,sub-00047,ses-1,sub-00047_ses-1_task-sleep_acq-20160628T2232_eeg,78,2016-06-28 23:05:07.105168+00:00,WAKE
79,79,sub-00047,ses-1,sub-00047_ses-1_task-sleep_acq-20160628T2232_eeg,79,2016-06-28 23:05:37.105168+00:00,WAKE
80,80,sub-00047,ses-1,sub-00047_ses-1_task-sleep_acq-20160628T2232_eeg,80,2016-06-28 23:06:07.105168+00:00,WAKE
81,81,sub-00047,ses-1,sub-00047_ses-1_task-sleep_acq-20160628T2232_eeg,81,2016-06-28 23:06:37.105168+00:00,WAKE
82,82,sub-00047,ses-1,sub-00047_ses-1_task-sleep_acq-20160628T2232_eeg,82,2016-06-28 23:07:07.105168+00:00,WAKE
83,83,sub-00047,ses-1,sub-00047_ses-1_task-sleep_acq-20160628T2232_eeg,83,2016-06-28 23:07:37.105168+00:00,REM
84,84,sub-00047,ses-1,sub-00047_ses-1_task-sleep_acq-20160628T2232_eeg,84,2016-06-28 23:08:07.105168+00:00,REM
85,85,sub-00047,ses-1,sub-00047_ses-1_task-sleep_acq-20160628T2232_eeg,85,2016-06-28 23:08:37.105168+00:00,REM
86,86,sub-00047,ses-1,sub-00047_ses-1_task-sleep_acq-20160628T2232_eeg,86,2016-06-28 23:09:07.105168+00:00,N2
87,87,sub-00047,ses-1,sub-00047_ses-1_task-sleep_acq-20160628T2232_eeg,87,2016-06-28 23:09:37.105168+00:00,REM
88,88,sub-00047,ses-1,sub-00047_ses-1_task-sleep_acq-20160628T2232_eeg,88,2016-06-28 23:10:07.105168+00:00,REM
89,89,sub-00047,ses-1,sub-00047_ses-1_task-sleep_acq-20160628T2232_eeg,89,2016-06-28 23:10:37.105168+00:00,REM
90,90,sub-00047,ses-1,sub-00047_ses-1_task-sleep_acq-20160628T2232_eeg,90,2016-06-28 23:11:07.105168+00:00,REM
91,91,sub-00047,ses-1,sub-00047_ses-1_task-sleep_acq-20160628T2232_eeg,91,2016-06-28 23:11:37.105168+00:00,N1
92,92,sub-00047,ses-1,sub-00047_ses-1_task-sleep_acq-20160628T2232_eeg,92,2016-06-28 23:12:07.105168+00:00,N2
93,93,sub-00047,ses-1,sub-00047_ses-1_task-sleep_acq-20160628T2232_eeg,93,2016-06-28 23:12:37.105168+00:00,WAKE
94,94,sub-00047,ses-1,sub-00047_ses-1_task-sleep_acq-20160628T2232_eeg,94,2016-06-28 23:13:07.105168+00:00,WAKE
95,95,sub-00047,ses-1,sub-00047_ses-1_task-sleep_acq-20160628T2232_eeg,95,2016-06-28 23:13:37.105168+00:00,WAKE
96,96,sub-00047,ses-1,sub-00047_ses-1_task-sleep_acq-20160628T2232_eeg,96,2016-06-28 23:14:07.105168+00:00,WAKE
97,97,sub-00047,ses-1,sub-00047_ses-1_task-sleep_acq-20160628T2232_eeg,97,2016-06-28 23:14:37.105168+00:00,WAKE
98,98,sub-00047,ses-1,sub-00047_ses-1_task-sleep_acq-20160628T2232_eeg,98,2016-06-28 23:15:07.105168+00:00,WAKE
99,99,sub-00047,ses-1,sub-00047_ses-1_task-sleep_acq-20160628T2232_eeg,99,2016-06-28 23:15:37.105168+00:00,WAKE
100,100,sub-00047,ses-1,sub-00047_ses-1_task-sleep_acq-20160628T2232_eeg,100,2016-06-28 23:16:07.105168+00:00,N2
101,101,sub-00047,ses-1,sub-00047_ses-1_task-sleep_acq-20160628T2232_eeg,101,2016-06-28 23:16:37.105168+00:00,WAKE
102,102,sub-00047,ses-1,sub-00047_ses-1_task-sleep_acq-20160628T2232_eeg,102,2016-06-28 23:17:07.105168+00:00,N2
103,103,sub-00047,ses-1,sub-00047_ses-1_task-sleep_acq-20160628T2232_eeg,103,2016-06-28 23:17:37.105168+00:00,N2
104,104,sub-00047,ses-1,sub-00047_ses-1_task-sleep_acq-20160628T2232_eeg,104,2016-06-28 23:18:07.105168+00:00,N2
105,105,sub-00047,ses-1,sub-00047_ses-1_task-sleep_acq-20160628T2232_eeg,105,2016-06-28 23:18:37.105168+00:00,N2
106,106,sub-00047,ses-1,sub-00047_ses-1_task-sleep_acq-20160628T2232_eeg,106,2016-06-28 23:19:07.105168+00:00,N2
107,107,sub-00047,ses-1,sub-00047_ses-1_task-sleep_acq-20160628T2232_eeg,107,2016-06-28 23:19:37.105168+00:00,N2
108,108,sub-00047,ses-1,sub-00047_ses-1_task-sleep_acq-20160628T2232_eeg,108,2016-06-28 23:20:07.105168+00:00,N2
109,109,sub-00047,ses-1,sub-00047_ses-1_task-sleep_acq-20160628T2232_eeg,109,2016-06-28 23:20:37.105168+00:00,N2
110,110,sub-00047,ses-1,sub-00047_ses-1_task-sleep_acq-20160628T2232_eeg,110,2016-06-28 23:21:07.105168+00:00,N2
111,111,sub-00047,ses-1,sub-00047_ses-1_task-sleep_acq-20160628T2232_eeg,111,2016-06-28 23:21:37.105168+00:00,N2
112,112,sub-00047,ses-1,sub-00047_ses-1_task-sleep_acq-20160628T2232_eeg,112,2016-06-28 23:22:07.105168+00:00,N2
113,113,sub-00047,ses-1,sub-00047_ses-1_task-sleep_acq-20160628T2232_eeg,113,2016-06-28 23:22:37.105168+00:00,N2
114,114,sub-00047,ses-1,sub-00047_ses-1_task-sleep_acq-20160628T2232_eeg,114,2016-06-28 23:23:07.105168+00:00,N2
115,115,sub-00047,ses-1,sub-00047_ses-1_task-sleep_acq-20160628T2232_eeg,115,2016-06-28 23:23:37.105168+00:00,N2
116,116,sub-00047,ses-1,sub-00047_ses-1_task-sleep_acq-20160628T2232_eeg,116,2016-06-28 23:24:07.105168+00:00,N2
117,117,sub-00047,ses-1,sub-00047_ses-1_task-sleep_acq-20160628T2232_eeg,117,2016-06-28 23:24:37.105168+00:00,N2
118,118,sub-00047,ses-1,sub-00047_ses-1_task-sleep_acq-20160628T2232_eeg,118,2016-06-28 23:25:07.105168+00:00,N2
119,119,sub-00047,ses-1,sub-00047_ses-1_task-sleep_acq-20160628T2232_eeg,119,2016-06-28 23:25:37.105168+00:00,N3
120,120,sub-00047,ses-1,sub-00047_ses-1_task-sleep_acq-20160628T2232_eeg,120,2016-06-28 23:26:07.105168+00:00,N3
121,121,sub-00047,ses-1,sub-00047_ses-1_task-sleep_acq-20160628T2232_eeg,121,2016-06-28 23:26:37.105168+00:00,N2
122,122,sub-00047,ses-1,sub-00047_ses-1_task-sleep_acq-20160628T2232_eeg,122,2016-06-28 23:27:07.105168+00:00,N3
123,123,sub-00047,ses-1,sub-00047_ses-1_task-sleep_acq-20160628T2232_eeg,123,2016-06-28 23:27:37.105168+00:00,N3
124,124,sub-00047,ses-1,sub-00047_ses-1_task-sleep_acq-20160628T2232_eeg,124,2016-06-28 23:28:07.105168+00:00,WAKE
125,125,sub-00047,ses-1,sub-00047_ses-1_task-sleep_acq-20160628T2232_eeg,125,2016-06-28 23:28:37.105168+00:00,WAKE
126,126,sub-00047,ses-1,sub-00047_ses-1_task-sleep_acq-20160628T2232_eeg,126,2016-06-28 23:29:07.105168+00:00,WAKE
127,127,sub-00047,ses-1,sub-00047_ses-1_task-sleep_acq-20160628T2232_eeg,127,2016-06-28 23:29:37.105168+00:00,WAKE
128,0,sub-00047,ses-1,sub-00047_ses-1_task-sleep_acq-20160629T0044_eeg,0,2016-06-29 00:41:21.178880+00:00,WAKE
129,1,sub-00047,ses-1,sub-00047_ses-1_task-sleep_acq-20160629T0044_eeg,1,2016-06-29 00:41:51.178880+00:00,WAKE
130,2,sub-00047,ses-1,sub-00047_ses-1_task-sleep_acq-20160629T0044_eeg,2,2016-06-29 00:42:21.178880+00:00,WAKE
131,3,sub-00047,ses-1,sub-00047_ses-1_task-sleep_acq-20160629T0044_eeg,3,2016-06-29 00:42:51.178880+00:00,WAKE
132,4,sub-00047,ses-1,sub-00047_ses-1_task-sleep_acq-20160629T0044_eeg,4,2016-06-29 00:43:21.178880+00:00,WAKE
133,5,sub-00047,ses-1,sub-00047_ses-1_task-sleep_acq-20160629T0044_eeg,5,2016-06-29 00:43:51.178880+00:00,N3
134,6,sub-00047,ses-1,sub-00047_ses-1_task-sleep_acq-20160629T0044_eeg,6,2016-06-29 00:44:21.178880+00:00,WAKE
135,7,sub-00047,ses-1,sub-00047_ses-1_task-sleep_acq-20160629T0044_eeg,7,2016-06-29 00:44:51.178880+00:00,WAKE
136,8,sub-00047,ses-1,sub-00047_ses-1_task-sleep_acq-20160629T0044_eeg,8,2016-06-29 00:45:21.178880+00:00,WAKE
137,9,sub-00047,ses-1,sub-00047_ses-1_task-sleep_acq-20160629T0044_eeg,9,2016-06-29 00:45:51.178880+00:00,WAKE
138,10,sub-00047,ses-1,sub-00047_ses-1_task-sleep_acq-20160629T0044_eeg,10,2016-06-29 00:46:21.178880+00:00,WAKE
139,11,sub-00047,ses-1,sub-00047_ses-1_task-sleep_acq-20160629T0044_eeg,11,2016-06-29 00:46:51.178880+00:00,WAKE
140,12,sub-00047,ses-1,sub-00047_ses-1_task-sleep_acq-20160629T0044_eeg,12,2016-06-29 00:47:21.178880+00:00,WAKE
141,13,sub-00047,ses-1,sub-00047_ses-1_task-sleep_acq-20160629T0044_eeg,13,2016-06-29 00:47:51.178880+00:00,WAKE
142,14,sub-00047,ses-1,sub-00047_ses-1_task-sleep_acq-20160629T0044_eeg,14,2016-06-29 00:48:21.178880+00:00,WAKE
143,15,sub-00047,ses-1,sub-00047_ses-1_task-sleep_acq-20160629T0044_eeg,15,2016-06-29 00:48:51.178880+00:00,WAKE
144,16,sub-00047,ses-1,sub-00047_ses-1_task-sleep_acq-20160629T0044_eeg,16,2016-06-29 00:49:21.178880+00:00,WAKE
145,17,sub-00047,ses-1,sub-00047_ses-1_task-sleep_acq-20160629T0044_eeg,17,2016-06-29 00:49:51.178880+00:00,WAKE
146,18,sub-00047,ses-1,sub-00047_ses-1_task-sleep_acq-20160629T0044_eeg,18,2016-06-29 00:50:21.178880+00:00,WAKE
147,19,sub-00047,ses-1,sub-00047_ses-1_task-sleep_acq-20160629T0044_eeg,19,2016-06-29 00:50:51.178880+00:00,WAKE
148,20,sub-00047,ses-1,sub-00047_ses-1_task-sleep_acq-20160629T0044_eeg,20,2016-06-29 00:51:21.178880+00:00,WAKE
149,21,sub-00047,ses-1,sub-00047_ses-1_task-sleep_acq-20160629T0044_eeg,21,2016-06-29 00:51:51.178880+00:00,WAKE
150,22,sub-00047,ses-1,sub-00047_ses-1_task-sleep_acq-20160629T0044_eeg,22,2016-06-29 00:52:21.178880+00:00,WAKE
151,23,sub-00047,ses-1,sub-00047_ses-1_task-sleep_acq-20160629T0044_eeg,23,2016-06-29 00:52:51.178880+00:00,WAKE
152,24,sub-00047,ses-1,sub-00047_ses-1_task-sleep_acq-20160629T0044_eeg,24,2016-06-29 00:53:21.178880+00:00,WAKE
153,25,sub-00047,ses-1,sub-00047_ses-1_task-sleep_acq-20160629T0044_eeg,25,2016-06-29 00:53:51.178880+00:00,WAKE
154,26,sub-00047,ses-1,sub-00047_ses-1_task-sleep_acq-20160629T0044_eeg,26,2016-06-29 00:54:21.178880+00:00,WAKE
155,27,sub-00047,ses-1,sub-00047_ses-1_task-sleep_acq-20160629T0044_eeg,27,2016-06-29 00:54:51.178880+00:00,WAKE
156,28,sub-00047,ses-1,sub-00047_ses-1_task-sleep_acq-20160629T0044_eeg,28,2016-06-29 00:55:21.178880+00:00,WAKE
157,29,sub-00047,ses-1,sub-00047_ses-1_task-sleep_acq-20160629T0044_eeg,29,2016-06-29 00:55:51.178880+00:00,WAKE
158,30,sub-00047,ses-1,sub-00047_ses-1_task-sleep_acq-20160629T0044_eeg,30,2016-06-29 00:56:21.178880+00:00,WAKE
159,31,sub-00047,ses-1,sub-00047_ses-1_task-sleep_acq-20160629T0044_eeg,31,2016-06-29 00:56:51.178880+00:00,WAKE
160,32,sub-00047,ses-1,sub-00047_ses-1_task-sleep_acq-20160629T0044_eeg,32,2016-06-29 00:57:21.178880+00:00,WAKE
161,33,sub-00047,ses-1,sub-00047_ses-1_task-sleep_acq-20160629T0044_eeg,33,2016-06-29 00:57:51.178880+00:00,WAKE
162,34,sub-00047,ses-1,sub-00047_ses-1_task-sleep_acq-20160629T0044_eeg,34,2016-06-29 00:58:21.178880+00:00,WAKE
163,35,sub-00047,ses-1,sub-00047_ses-1_task-sleep_acq-20160629T0044_eeg,35,2016-06-29 00:58:51.178880+00:00,WAKE
164,36,sub-00047,ses-1,sub-00047_ses-1_task-sleep_acq-20160629T0044_eeg,36,2016-06-29 00:59:21.178880+00:00,WAKE
165,37,sub-00047,ses-1,sub-00047_ses-1_task-sleep_acq-20160629T0044_eeg,37,2016-06-29 00:59:51.178880+00:00,WAKE
166,38,sub-00047,ses-1,sub-00047_ses-1_task-sleep_acq-20160629T0044_eeg,38,2016-06-29 01:00:21.178880+00:00,WAKE
167,39,sub-00047,ses-1,sub-00047_ses-1_task-sleep_acq-20160629T0044_eeg,39,2016-06-29 01:00:51.178880+00:00,WAKE
168,40,sub-00047,ses-1,sub-00047_ses-1_task-sleep_acq-20160629T0044_eeg,40,2016-06-29 01:01:21.178880+00:00,WAKE
169,41,sub-00047,ses-1,sub-00047_ses-1_task-sleep_acq-20160629T0044_eeg,41,2016-06-29 01:01:51.178880+00:00,WAKE
170,42,sub-00047,ses-1,sub-00047_ses-1_task-sleep_acq-20160629T0044_eeg,42,2016-06-29 01:02:21.178880+00:00,WAKE
171,0,sub-00047,ses-1,sub-00047_ses-1_task-sleep_acq-20160629T0107_eeg,0,2016-06-29 01:06:29.855438+00:00,WAKE
172,1,sub-00047,ses-1,sub-00047_ses-1_task-sleep_acq-20160629T0107_eeg,1,2016-06-29 01:06:59.855438+00:00,WAKE
173,2,sub-00047,ses-1,sub-00047_ses-1_task-sleep_acq-20160629T0107_eeg,2,2016-06-29 01:07:29.855438+00:00,WAKE
174,3,sub-00047,ses-1,sub-00047_ses-1_task-sleep_acq-20160629T0107_eeg,3,2016-06-29 01:07:59.855438+00:00,WAKE
175,4,sub-00047,ses-1,sub-00047_ses-1_task-sleep_acq-20160629T0107_eeg,4,2016-06-29 01:08:29.855438+00:00,WAKE
176,5,sub-00047,ses-1,sub-00047_ses-1_task-sleep_acq-20160629T0107_eeg,5,2016-06-29 01:08:59.855438+00:00,WAKE
177,6,sub-00047,ses-1,sub-00047_ses-1_task-sleep_acq-20160629T0107_eeg,6,2016-06-29 01:09:29.855438+00:00,WAKE
178,7,sub-00047,ses-1,sub-00047_ses-1_task-sleep_acq-20160629T0107_eeg,7,2016-06-29 01:09:59.855438+00:00,WAKE
179,8,sub-00047,ses-1,sub-00047_ses-1_task-sleep_acq-20160629T0107_eeg,8,2016-06-29 01:10:29.855438+00:00,WAKE
180,9,sub-00047,ses-1,sub-00047_ses-1_task-sleep_acq-20160629T0107_eeg,9,2016-06-29 01:10:59.855438+00:00,WAKE
181,10,sub-00047,ses-1,sub-00047_ses-1_task-sleep_acq-20160629T0107_eeg,10,2016-06-29 01:11:29.855438+00:00,WAKE
182,11,sub-00047,ses-1,sub-00047_ses-1_task-sleep_acq-20160629T0107_eeg,11,2016-06-29 01:11:59.855438+00:00,WAKE
183,12,sub-00047,ses-1,sub-00047_ses-1_task-sleep_acq-20160629T0107_eeg,12,2016-06-29 01:12:29.855438+00:00,WAKE
184,13,sub-00047,ses-1,sub-00047_ses-1_task-sleep_acq-20160629T0107_eeg,13,2016-06-29 01:12:59.855438+00:00,WAKE
185,14,sub-00047,ses-1,sub-00047_ses-1_task-sleep_acq-20160629T0107_eeg,14,2016-06-29 01:13:29.855438+00:00,WAKE
186,15,sub-00047,ses-1,sub-00047_ses-1_task-sleep_acq-20160629T0107_eeg,15,2016-06-29 01:13:59.855438+00:00,WAKE
187,16,sub-00047,ses-1,sub-00047_ses-1_task-sleep_acq-20160629T0107_eeg,16,2016-06-29 01:14:29.855438+00:00,WAKE
188,17,sub-00047,ses-1,sub-00047_ses-1_task-sleep_acq-20160629T0107_eeg,17,2016-06-29 01:14:59.855438+00:00,WAKE
189,18,sub-00047,ses-1,sub-00047_ses-1_task-sleep_acq-20160629T0107_eeg,18,2016-06-29 01:15:29.855438+00:00,WAKE
190,19,sub-00047,ses-1,sub-00047_ses-1_task-sleep_acq-20160629T0107_eeg,19,2016-06-29 01:15:59.855438+00:00,WAKE
191,20,sub-00047,ses-1,sub-00047_ses-1_task-sleep_acq-20160629T0107_eeg,20,2016-06-29 01:16:29.855438+00:00,WAKE
192,21,sub-00047,ses-1,sub-00047_ses-1_task-sleep_acq-20160629T0107_eeg,21,2016-06-29 01:16:59.855438+00:00,WAKE
193,22,sub-00047,ses-1,sub-00047_ses-1_task-sleep_acq-20160629T0107_eeg,22,2016-06-29 01:17:29.855438+00:00,WAKE
194,23,sub-00047,ses-1,sub-00047_ses-1_task-sleep_acq-20160629T0107_eeg,23,2016-06-29 01:17:59.855438+00:00,WAKE
195,24,sub-00047,ses-1,sub-00047_ses-1_task-sleep_acq-20160629T0107_eeg,24,2016-06-29 01:18:29.855438+00:00,WAKE
196,25,sub-00047,ses-1,sub-00047_ses-1_task-sleep_acq-20160629T0107_eeg,25,2016-06-29 01:18:59.855438+00:00,WAKE
197,26,sub-00047,ses-1,sub-00047_ses-1_task-sleep_acq-20160629T0107_eeg,26,2016-06-29 01:19:29.855438+00:00,WAKE
198,27,sub-00047,ses-1,sub-00047_ses-1_task-sleep_acq-20160629T0107_eeg,27,2016-06-29 01:19:59.855438+00:00,WAKE
199,28,sub-00047,ses-1,sub-00047_ses-1_task-sleep_acq-20160629T0107_eeg,28,2016-06-29 01:20:29.855438+00:00,WAKE
200,29,sub-00047,ses-1,sub-00047_ses-1_task-sleep_acq-20160629T0107_eeg,29,2016-06-29 01:20:59.855438+00:00,WAKE
201,30,sub-00047,ses-1,sub-00047_ses-1_task-sleep_acq-20160629T0107_eeg,30,2016-06-29 01:21:29.855438+00:00,WAKE
202,31,sub-00047,ses-1,sub-00047_ses-1_task-sleep_acq-20160629T0107_eeg,31,2016-06-29 01:21:59.855438+00:00,WAKE
203,32,sub-00047,ses-1,sub-00047_ses-1_task-sleep_acq-20160629T0107_eeg,32,2016-06-29 01:22:29.855438+00:00,WAKE
204,33,sub-00047,ses-1,sub-00047_ses-1_task-sleep_acq-20160629T0107_eeg,33,2016-06-29 01:22:59.855438+00:00,WAKE
205,34,sub-00047,ses-1,sub-00047_ses-1_task-sleep_acq-20160629T0107_eeg,34,2016-06-29 01:23:29.855438+00:00,WAKE
206,35,sub-00047,ses-1,sub-00047_ses-1_task-sleep_acq-20160629T0107_eeg,35,2016-06-29 01:23:59.855438+00:00,WAKE
207,36,sub-00047,ses-1,sub-00047_ses-1_task-sleep_acq-20160629T0107_eeg,36,2016-06-29 01:24:29.855438+00:00,WAKE
208,37,sub-00047,ses-1,sub-00047_ses-1_task-sleep_acq-20160629T0107_eeg,37,2016-06-29 01:24:59.855438+00:00,WAKE
209,38,sub-00047,ses-1,sub-00047_ses-1_task-sleep_acq-20160629T0107_eeg,38,2016-06-29 01:25:29.855438+00:00,WAKE
210,39,sub-00047,ses-1,sub-00047_ses-1_task-sleep_acq-20160629T0107_eeg,39,2016-06-29 01:25:59.855438+00:00,WAKE
211,40,sub-00047,ses-1,sub-00047_ses-1_task-sleep_acq-20160629T0107_eeg,40,2016-06-29 01:26:29.855438+00:00,WAKE
212,41,sub-00047,ses-1,sub-00047_ses-1_task-sleep_acq-20160629T0107_eeg,41,2016-06-29 01:26:59.855438+00:00,WAKE
213,42,sub-00047,ses-1,sub-00047_ses-1_task-sleep_acq-20160629T0107_eeg,42,2016-06-29 01:27:29.855438+00:00,WAKE
214,43,sub-00047,ses-1,sub-00047_ses-1_task-sleep_acq-20160629T0107_eeg,43,2016-06-29 01:27:59.855438+00:00,WAKE
215,44,sub-00047,ses-1,sub-00047_ses-1_task-sleep_acq-20160629T0107_eeg,44,2016-06-29 01:28:29.855438+00:00,WAKE
216,45,sub-00047,ses-1,sub-00047_ses-1_task-sleep_acq-20160629T0107_eeg,45,2016-06-29 01:28:59.855438+00:00,WAKE
217,46,sub-00047,ses-1,sub-00047_ses-1_task-sleep_acq-20160629T0107_eeg,46,2016-06-29 01:29:29.855438+00:00,WAKE
218,0,sub-00047,ses-1,sub-00047_ses-1_task-sleep_acq-20160629T0135_eeg,0,2016-06-29 01:33:17.371772+00:00,WAKE
219,1,sub-00047,ses-1,sub-00047_ses-1_task-sleep_acq-20160629T0135_eeg,1,2016-06-29 01:33:47.371772+00:00,WAKE
220,2,sub-00047,ses-1,sub-00047_ses-1_task-sleep_acq-20160629T0135_eeg,2,2016-06-29 01:34:17.371772+00:00,WAKE
221,3,sub-00047,ses-1,sub-00047_ses-1_task-sleep_acq-20160629T0135_eeg,3,2016-06-29 01:34:47.371772+00:00,WAKE
222,4,sub-00047,ses-1,sub-00047_ses-1_task-sleep_acq-20160629T0135_eeg,4,2016-06-29 01:35:17.371772+00:00,WAKE
223,5,sub-00047,ses-1,sub-00047_ses-1_task-sleep_acq-20160629T0135_eeg,5,2016-06-29 01:35:47.371772+00:00,WAKE
224,6,sub-00047,ses-1,sub-00047_ses-1_task-sleep_acq-20160629T0135_eeg,6,2016-06-29 01:36:17.371772+00:00,WAKE
225,7,sub-00047,ses-1,sub-00047_ses-1_task-sleep_acq-20160629T0135_eeg,7,2016-06-29 01:36:47.371772+00:00,WAKE
226,8,sub-00047,ses-1,sub-00047_ses-1_task-sleep_acq-20160629T0135_eeg,8,2016-06-29 01:37:17.371772+00:00,WAKE
227,9,sub-00047,ses-1,sub-00047_ses-1_task-sleep_acq-20160629T0135_eeg,9,2016-06-29 01:37:47.371772+00:00,WAKE
228,10,sub-00047,ses-1,sub-00047_ses-1_task-sleep_acq-20160629T0135_eeg,10,2016-06-29 01:38:17.371772+00:00,WAKE
229,11,sub-00047,ses-1,sub-00047_ses-1_task-sleep_acq-20160629T0135_eeg,11,2016-06-29 01:38:47.371772+00:00,WAKE
230,12,sub-00047,ses-1,sub-00047_ses-1_task-sleep_acq-20160629T0135_eeg,12,2016-06-29 01:39:17.371772+00:00,WAKE
231,13,sub-00047,ses-1,sub-00047_ses-1_task-sleep_acq-20160629T0135_eeg,13,2016-06-29 01:39:47.371772+00:00,WAKE
232,14,sub-00047,ses-1,sub-00047_ses-1_task-sleep_acq-20160629T0135_eeg,14,2016-06-29 01:40:17.371772+00:00,WAKE
233,15,sub-00047,ses-1,sub-00047_ses-1_task-sleep_acq-20160629T0135_eeg,15,2016-06-29 01:40:47.371772+00:00,WAKE
234,16,sub-00047,ses-1,sub-00047_ses-1_task-sleep_acq-20160629T0135_eeg,16,2016-06-29 01:41:17.371772+00:00,WAKE
235,17,sub-00047,ses-1,sub-00047_ses-1_task-sleep_acq-20160629T0135_eeg,17,2016-06-29 01:41:47.371772+00:00,WAKE
236,18,sub-00047,ses-1,sub-00047_ses-1_task-sleep_acq-20160629T0135_eeg,18,2016-06-29 01:42:17.371772+00:00,WAKE
237,19,sub-00047,ses-1,sub-00047_ses-1_task-sleep_acq-20160629T0135_eeg,19,2016-06-29 01:42:47.371772+00:00,WAKE
238,20,sub-00047,ses-1,sub-00047_ses-1_task-sleep_acq-20160629T0135_eeg,20,2016-06-29 01:43:17.371772+00:00,WAKE
239,21,sub-00047,ses-1,sub-00047_ses-1_task-sleep_acq-20160629T0135_eeg,21,2016-06-29 01:43:47.371772+00:00,WAKE
240,22,sub-00047,ses-1,sub-00047_ses-1_task-sleep_acq-20160629T0135_eeg,22,2016-06-29 01:44:17.371772+00:00,WAKE
241,23,sub-00047,ses-1,sub-00047_ses-1_task-sleep_acq-20160629T0135_eeg,23,2016-06-29 01:44:47.371772+00:00,WAKE
242,24,sub-00047,ses-1,sub-00047_ses-1_task-sleep_acq-20160629T0135_eeg,24,2016-06-29 01:45:17.371772+00:00,WAKE
243,25,sub-00047,ses-1,sub-00047_ses-1_task-sleep_acq-20160629T0135_eeg,25,2016-06-29 01:45:47.371772+00:00,WAKE
244,26,sub-00047,ses-1,sub-00047_ses-1_task-sleep_acq-20160629T0135_eeg,26,2016-06-29 01:46:17.371772+00:00,WAKE
245,27,sub-00047,ses-1,sub-00047_ses-1_task-sleep_acq-20160629T0135_eeg,27,2016-06-29 01:46:47.371772+00:00,WAKE
246,28,sub-00047,ses-1,sub-00047_ses-1_task-sleep_acq-20160629T0135_eeg,28,2016-06-29 01:47:17.371772+00:00,WAKE
247,29,sub-00047,ses-1,sub-00047_ses-1_task-sleep_acq-20160629T0135_eeg,29,2016-06-29 01:47:47.371772+00:00,REM
248,30,sub-00047,ses-1,sub-00047_ses-1_task-sleep_acq-20160629T0135_eeg,30,2016-06-29 01:48:17.371772+00:00,REM
249,31,sub-00047,ses-1,sub-00047_ses-1_task-sleep_acq-20160629T0135_eeg,31,2016-06-29 01:48:47.371772+00:00,REM
250,32,sub-00047,ses-1,sub-00047_ses-1_task-sleep_acq-20160629T0135_eeg,32,2016-06-29 01:49:17.371772+00:00,REM
251,33,sub-00047,ses-1,sub-00047_ses-1_task-sleep_acq-20160629T0135_eeg,33,2016-06-29 01:49:47.371772+00:00,REM
252,34,sub-00047,ses-1,sub-00047_ses-1_task-sleep_acq-20160629T0135_eeg,34,2016-06-29 01:50:17.371772+00:00,REM
253,35,sub-00047,ses-1,sub-00047_ses-1_task-sleep_acq-20160629T0135_eeg,35,2016-06-29 01:50:47.371772+00:00,REM
254,36,sub-00047,ses-1,sub-00047_ses-1_task-sleep_acq-20160629T0135_eeg,36,2016-06-29 01:51:17.371772+00:00,REM
255,37,sub-00047,ses-1,sub-00047_ses-1_task-sleep_acq-20160629T0135_eeg,37,2016-06-29 01:51:47.371772+00:00,WAKE
256,38,sub-00047,ses-1,sub-00047_ses-1_task-sleep_acq-20160629T0135_eeg,38,2016-06-29 01:52:17.371772+00:00,WAKE
257,39,sub-00047,ses-1,sub-00047_ses-1_task-sleep_acq-20160629T0135_eeg,39,2016-06-29 01:52:47.371772+00:00,WAKE
258,40,sub-00047,ses-1,sub-00047_ses-1_task-sleep_acq-20160629T0135_eeg,40,2016-06-29 01:53:17.371772+00:00,WAKE
259,41,sub-00047,ses-1,sub-00047_ses-1_task-sleep_acq-20160629T0135_eeg,41,2016-06-29 01:53:47.371772+00:00,WAKE
260,42,sub-00047,ses-1,sub-00047_ses-1_task-sleep_acq-20160629T0135_eeg,42,2016-06-29 01:54:17.371772+00:00,WAKE
261,43,sub-00047,ses-1,sub-00047_ses-1_task-sleep_acq-20160629T0135_eeg,43,2016-06-29 01:54:47.371772+00:00,WAKE
262,44,sub-00047,ses-1,sub-00047_ses-1_task-sleep_acq-20160629T0135_eeg,44,2016-06-29 01:55:17.371772+00:00,WAKE
263,45,sub-00047,ses-1,sub-00047_ses-1_task-sleep_acq-20160629T0135_eeg,45,2016-06-29 01:55:47.371772+00:00,WAKE
264,46,sub-00047,ses-1,sub-00047_ses-1_task-sleep_acq-20160629T0135_eeg,46,2016-06-29 01:56:17.371772+00:00,WAKE
265,47,sub-00047,ses-1,sub-00047_ses-1_task-sleep_acq-20160629T0135_eeg,47,2016-06-29 01:56:47.371772+00:00,WAKE
266,48,sub-00047,ses-1,sub-00047_ses-1_task-sleep_acq-20160629T0135_eeg,48,2016-06-29 01:57:17.371772+00:00,WAKE
267,49,sub-00047,ses-1,sub-00047_ses-1_task-sleep_acq-20160629T0135_eeg,49,2016-06-29 01:57:47.371772+00:00,WAKE
268,50,sub-00047,ses-1,sub-00047_ses-1_task-sleep_acq-20160629T0135_eeg,50,2016-06-29 01:58:17.371772+00:00,WAKE
269,51,sub-00047,ses-1,sub-00047_ses-1_task-sleep_acq-20160629T0135_eeg,51,2016-06-29 01:58:47.371772+00:00,WAKE
270,52,sub-00047,ses-1,sub-00047_ses-1_task-sleep_acq-20160629T0135_eeg,52,2016-06-29 01:59:17.371772+00:00,WAKE
271,53,sub-00047,ses-1,sub-00047_ses-1_task-sleep_acq-20160629T0135_eeg,53,2016-06-29 01:59:47.371772+00:00,WAKE
272,54,sub-00047,ses-1,sub-00047_ses-1_task-sleep_acq-20160629T0135_eeg,54,2016-06-29 02:00:17.371772+00:00,WAKE
273,55,sub-00047,ses-1,sub-00047_ses-1_task-sleep_acq-20160629T0135_eeg,55,2016-06-29 02:00:47.371772+00:00,WAKE
274,56,sub-00047,ses-1,sub-00047_ses-1_task-sleep_acq-20160629T0135_eeg,56,2016-06-29 02:01:17.371772+00:00,WAKE
275,57,sub-00047,ses-1,sub-00047_ses-1_task-sleep_acq-20160629T0135_eeg,57,2016-06-29 02:01:47.371772+00:00,WAKE
276,58,sub-00047,ses-1,sub-00047_ses-1_task-sleep_acq-20160629T0135_eeg,58,2016-06-29 02:02:17.371772+00:00,WAKE
277,59,sub-00047,ses-1,sub-00047_ses-1_task-sleep_acq-20160629T0135_eeg,59,2016-06-29 02:02:47.371772+00:00,WAKE
278,60,sub-00047,ses-1,sub-00047_ses-1_task-sleep_acq-20160629T0135_eeg,60,2016-06-29 02:03:17.371772+00:00,WAKE
279,0,sub-00047,ses-1,sub-00047_ses-1_task-sleep_acq-20160629T0208_eeg,0,2016-06-29 02:05:37.007348+00:00,WAKE
280,1,sub-00047,ses-1,sub-00047_ses-1_task-sleep_acq-20160629T0208_eeg,1,2016-06-29 02:06:07.007348+00:00,WAKE
281,2,sub-00047,ses-1,sub-00047_ses-1_task-sleep_acq-20160629T0208_eeg,2,2016-06-29 02:06:37.007348+00:00,WAKE
282,3,sub-00047,ses-1,sub-00047_ses-1_task-sleep_acq-20160629T0208_eeg,3,2016-06-29 02:07:07.007348+00:00,WAKE
283,4,sub-00047,ses-1,sub-00047_ses-1_task-sleep_acq-20160629T0208_eeg,4,2016-06-29 02:07:37.007348+00:00,N3
284,5,sub-00047,ses-1,sub-00047_ses-1_task-sleep_acq-20160629T0208_eeg,5,2016-06-29 02:08:07.007348+00:00,WAKE
285,6,sub-00047,ses-1,sub-00047_ses-1_task-sleep_acq-20160629T0208_eeg,6,2016-06-29 02:08:37.007348+00:00,WAKE
286,7,sub-00047,ses-1,sub-00047_ses-1_task-sleep_acq-20160629T0208_eeg,7,2016-06-29 02:09:07.007348+00:00,WAKE
287,8,sub-00047,ses-1,sub-00047_ses-1_task-sleep_acq-20160629T0208_eeg,8,2016-06-29 02:09:37.007348+00:00,WAKE
288,9,sub-00047,ses-1,sub-00047_ses-1_task-sleep_acq-20160629T0208_eeg,9,2016-06-29 02:10:07.007348+00:00,WAKE
289,10,sub-00047,ses-1,sub-00047_ses-1_task-sleep_acq-20160629T0208_eeg,10,2016-06-29 02:10:37.007348+00:00,WAKE
290,11,sub-00047,ses-1,sub-00047_ses-1_task-sleep_acq-20160629T0208_eeg,11,2016-06-29 02:11:07.007348+00:00,WAKE
291,12,sub-00047,ses-1,sub-00047_ses-1_task-sleep_acq-20160629T0208_eeg,12,2016-06-29 02:11:37.007348+00:00,WAKE
292,13,sub-00047,ses-1,sub-00047_ses-1_task-sleep_acq-20160629T0208_eeg,13,2016-06-29 02:12:07.007348+00:00,WAKE
293,14,sub-00047,ses-1,sub-00047_ses-1_task-sleep_acq-20160629T0208_eeg,14,2016-06-29 02:12:37.007348+00:00,WAKE
294,15,sub-00047,ses-1,sub-00047_ses-1_task-sleep_acq-20160629T0208_eeg,15,2016-06-29 02:13:07.007348+00:00,WAKE
295,16,sub-00047,ses-1,sub-00047_ses-1_task-sleep_acq-20160629T0208_eeg,16,2016-06-29 02:13:37.007348+00:00,WAKE
296,17,sub-00047,ses-1,sub-00047_ses-1_task-sleep_acq-20160629T0208_eeg,17,2016-06-29 02:14:07.007348+00:00,WAKE
297,18,sub-00047,ses-1,sub-00047_ses-1_task-sleep_acq-20160629T0208_eeg,18,2016-06-29 02:14:37.007348+00:00,WAKE
298,19,sub-00047,ses-1,sub-00047_ses-1_task-sleep_acq-20160629T0208_eeg,19,2016-06-29 02:15:07.007348+00:00,WAKE
299,20,sub-00047,ses-1,sub-00047_ses-1_task-sleep_acq-20160629T0208_eeg,20,2016-06-29 02:15:37.007348+00:00,WAKE
300,21,sub-00047,ses-1,sub-00047_ses-1_task-sleep_acq-20160629T0208_eeg,21,2016-06-29 02:16:07.007348+00:00,WAKE
301,22,sub-00047,ses-1,sub-00047_ses-1_task-sleep_acq-20160629T0208_eeg,22,2016-06-29 02:16:37.007348+00:00,WAKE
302,23,sub-00047,ses-1,sub-00047_ses-1_task-sleep_acq-20160629T0208_eeg,23,2016-06-29 02:17:07.007348+00:00,WAKE
303,24,sub-00047,ses-1,sub-00047_ses-1_task-sleep_acq-20160629T0208_eeg,24,2016-06-29 02:17:37.007348+00:00,WAKE
304,25,sub-00047,ses-1,sub-00047_ses-1_task-sleep_acq-20160629T0208_eeg,25,2016-06-29 02:18:07.007348+00:00,WAKE
305,26,sub-00047,ses-1,sub-00047_ses-1_task-sleep_acq-20160629T0208_eeg,26,2016-06-29 02:18:37.007348+00:00,WAKE
306,27,sub-00047,ses-1,sub-00047_ses-1_task-sleep_acq-20160629T0208_eeg,27,2016-06-29 02:19:07.007348+00:00,WAKE
307,28,sub-00047,ses-1,sub-00047_ses-1_task-sleep_acq-20160629T0208_eeg,28,2016-06-29 02:19:37.007348+00:00,WAKE
308,29,sub-00047,ses-1,sub-00047_ses-1_task-sleep_acq-20160629T0208_eeg,29,2016-06-29 02:20:07.007348+00:00,WAKE
309,30,sub-00047,ses-1,sub-00047_ses-1_task-sleep_acq-20160629T0208_eeg,30,2016-06-29 02:20:37.007348+00:00,WAKE
310,31,sub-00047,ses-1,sub-00047_ses-1_task-sleep_acq-20160629T0208_eeg,31,2016-06-29 02:21:07.007348+00:00,WAKE
311,32,sub-00047,ses-1,sub-00047_ses-1_task-sleep_acq-20160629T0208_eeg,32,2016-06-29 02:21:37.007348+00:00,WAKE
312,33,sub-00047,ses-1,sub-00047_ses-1_task-sleep_acq-20160629T0208_eeg,33,2016-06-29 02:22:07.007348+00:00,WAKE
313,34,sub-00047,ses-1,sub-00047_ses-1_task-sleep_acq-20160629T0208_eeg,34,2016-06-29 02:22:37.007348+00:00,WAKE
314,35,sub-00047,ses-1,sub-00047_ses-1_task-sleep_acq-20160629T0208_eeg,35,2016-06-29 02:23:07.007348+00:00,WAKE
315,36,sub-00047,ses-1,sub-00047_ses-1_task-sleep_acq-20160629T0208_eeg,36,2016-06-29 02:23:37.007348+00:00,WAKE
316,37,sub-00047,ses-1,sub-00047_ses-1_task-sleep_acq-20160629T0208_eeg,37,2016-06-29 02:24:07.007348+00:00,WAKE
317,38,sub-00047,ses-1,sub-00047_ses-1_task-sleep_acq-20160629T0208_eeg,38,2016-06-29 02:24:37.007348+00:00,WAKE
318,39,sub-00047,ses-1,sub-00047_ses-1_task-sleep_acq-20160629T0208_eeg,39,2016-06-29 02:25:07.007348+00:00,WAKE
319,40,sub-00047,ses-1,sub-00047_ses-1_task-sleep_acq-20160629T0208_eeg,40,2016-06-29 02:25:37.007348+00:00,WAKE
320,0,sub-00047,ses-1,sub-00047_ses-1_task-sleep_acq-20160629T0228_eeg,0,2016-06-29 02:28:13.564254+00:00,WAKE
321,1,sub-00047,ses-1,sub-00047_ses-1_task-sleep_acq-20160629T0228_eeg,1,2016-06-29 02:28:43.564254+00:00,WAKE
322,2,sub-00047,ses-1,sub-00047_ses-1_task-sleep_acq-20160629T0228_eeg,2,2016-06-29 02:29:13.564254+00:00,WAKE
323,3,sub-00047,ses-1,sub-00047_ses-1_task-sleep_acq-20160629T0228_eeg,3,2016-06-29 02:29:43.564254+00:00,WAKE
324,4,sub-00047,ses-1,sub-00047_ses-1_task-sleep_acq-20160629T0228_eeg,4,2016-06-29 02:30:13.564254+00:00,WAKE
325,5,sub-00047,ses-1,sub-00047_ses-1_task-sleep_acq-20160629T0228_eeg,5,2016-06-29 02:30:43.564254+00:00,WAKE
326,6,sub-00047,ses-1,sub-00047_ses-1_task-sleep_acq-20160629T0228_eeg,6,2016-06-29 02:31:13.564254+00:00,WAKE
327,7,sub-00047,ses-1,sub-00047_ses-1_task-sleep_acq-20160629T0228_eeg,7,2016-06-29 02:31:43.564254+00:00,WAKE
328,8,sub-00047,ses-1,sub-00047_ses-1_task-sleep_acq-20160629T0228_eeg,8,2016-06-29 02:32:13.564254+00:00,WAKE
329,9,sub-00047,ses-1,sub-00047_ses-1_task-sleep_acq-20160629T0228_eeg,9,2016-06-29 02:32:43.564254+00:00,REM
330,10,sub-00047,ses-1,sub-00047_ses-1_task-sleep_acq-20160629T0228_eeg,10,2016-06-29 02:33:13.564254+00:00,REM
331,11,sub-00047,ses-1,sub-00047_ses-1_task-sleep_acq-20160629T0228_eeg,11,2016-06-29 02:33:43.564254+00:00,REM
332,12,sub-00047,ses-1,sub-00047_ses-1_task-sleep_acq-20160629T0228_eeg,12,2016-06-29 02:34:13.564254+00:00,WAKE
333,13,sub-00047,ses-1,sub-00047_ses-1_task-sleep_acq-20160629T0228_eeg,13,2016-06-29 02:34:43.564254+00:00,WAKE
334,0,sub-00047,ses-1,sub-00047_ses-1_task-sleep_acq-20160629T0408_eeg,0,2016-06-29 04:07:12.445534+00:00,WAKE
335,1,sub-00047,ses-1,sub-00047_ses-1_task-sleep_acq-20160629T0408_eeg,1,2016-06-29 04:07:42.445534+00:00,WAKE
336,2,sub-00047,ses-1,sub-00047_ses-1_task-sleep_acq-20160629T0408_eeg,2,2016-06-29 04:08:12.445534+00:00,WAKE
337,3,sub-00047,ses-1,sub-00047_ses-1_task-sleep_acq-20160629T0408_eeg,3,2016-06-29 04:08:42.445534+00:00,WAKE
338,4,sub-00047,ses-1,sub-00047_ses-1_task-sleep_acq-20160629T0408_eeg,4,2016-06-29 04:09:12.445534+00:00,WAKE
339,5,sub-00047,ses-1,sub-00047_ses-1_task-sleep_acq-20160629T0408_eeg,5,2016-06-29 04:09:42.445534+00:00,WAKE
340,6,sub-00047,ses-1,sub-00047_ses-1_task-sleep_acq-20160629T0408_eeg,6,2016-06-29 04:10:12.445534+00:00,WAKE
341,7,sub-00047,ses-1,sub-00047_ses-1_task-sleep_acq-20160629T0408_eeg,7,2016-06-29 04:10:42.445534+00:00,WAKE
342,8,sub-00047,ses-1,sub-00047_ses-1_task-sleep_acq-20160629T0408_eeg,8,2016-06-29 04:11:12.445534+00:00,WAKE
343,9,sub-00047,ses-1,sub-00047_ses-1_task-sleep_acq-20160629T0408_eeg,9,2016-06-29 04:11:42.445534+00:00,WAKE
344,10,sub-00047,ses-1,sub-00047_ses-1_task-sleep_acq-20160629T0408_eeg,10,2016-06-29 04:12:12.445534+00:00,WAKE
345,11,sub-00047,ses-1,sub-00047_ses-1_task-sleep_acq-20160629T0408_eeg,11,2016-06-29 04:12:42.445534+00:00,WAKE
346,12,sub-00047,ses-1,sub-00047_ses-1_task-sleep_acq-20160629T0408_eeg,12,2016-06-29 04:13:12.445534+00:00,WAKE
347,13,sub-00047,ses-1,sub-00047_ses-1_task-sleep_acq-20160629T0408_eeg,13,2016-06-29 04:13:42.445534+00:00,WAKE
348,14,sub-00047,ses-1,sub-00047_ses-1_task-sleep_acq-20160629T0408_eeg,14,2016-06-29 04:14:12.445534+00:00,WAKE
349,15,sub-00047,ses-1,sub-00047_ses-1_task-sleep_acq-20160629T0408_eeg,15,2016-06-29 04:14:42.445534+00:00,WAKE
350,16,sub-00047,ses-1,sub-00047_ses-1_task-sleep_acq-20160629T0408_eeg,16,2016-06-29 04:15:12.445534+00:00,WAKE
351,17,sub-00047,ses-1,sub-00047_ses-1_task-sleep_acq-20160629T0408_eeg,17,2016-06-29 04:15:42.445534+00:00,WAKE
352,18,sub-00047,ses-1,sub-00047_ses-1_task-sleep_acq-20160629T0408_eeg,18,2016-06-29 04:16:12.445534+00:00,WAKE
353,19,sub-00047,ses-1,sub-00047_ses-1_task-sleep_acq-20160629T0408_eeg,19,2016-06-29 04:16:42.445534+00:00,WAKE
354,20,sub-00047,ses-1,sub-00047_ses-1_task-sleep_acq-20160629T0408_eeg,20,2016-06-29 04:17:12.445534+00:00,WAKE
355,21,sub-00047,ses-1,sub-00047_ses-1_task-sleep_acq-20160629T0408_eeg,21,2016-06-29 04:17:42.445534+00:00,WAKE
356,22,sub-00047,ses-1,sub-00047_ses-1_task-sleep_acq-20160629T0408_eeg,22,2016-06-29 04:18:12.445534+00:00,WAKE
357,23,sub-00047,ses-1,sub-00047_ses-1_task-sleep_acq-20160629T0408_eeg,23,2016-06-29 04:18:42.445534+00:00,WAKE
358,24,sub-00047,ses-1,sub-00047_ses-1_task-sleep_acq-20160629T0408_eeg,24,2016-06-29 04:19:12.445534+00:00,WAKE
359,25,sub-00047,ses-1,sub-00047_ses-1_task-sleep_acq-20160629T0408_eeg,25,2016-06-29 04:19:42.445534+00:00,WAKE
360,26,sub-00047,ses-1,sub-00047_ses-1_task-sleep_acq-20160629T0408_eeg,26,2016-06-29 04:20:12.445534+00:00,WAKE
361,27,sub-00047,ses-1,sub-00047_ses-1_task-sleep_acq-20160629T0408_eeg,27,2016-06-29 04:20:42.445534+00:00,WAKE
362,28,sub-00047,ses-1,sub-00047_ses-1_task-sleep_acq-20160629T0408_eeg,28,2016-06-29 04:21:12.445534+00:00,WAKE
363,29,sub-00047,ses-1,sub-00047_ses-1_task-sleep_acq-20160629T0408_eeg,29,2016-06-29 04:21:42.445534+00:00,WAKE
364,30,sub-00047,ses-1,sub-00047_ses-1_task-sleep_acq-20160629T0408_eeg,30,2016-06-29 04:22:12.445534+00:00,WAKE
365,31,sub-00047,ses-1,sub-00047_ses-1_task-sleep_acq-20160629T0408_eeg,31,2016-06-29 04:22:42.445534+00:00,WAKE
366,32,sub-00047,ses-1,sub-00047_ses-1_task-sleep_acq-20160629T0408_eeg,32,2016-06-29 04:23:12.445534+00:00,WAKE
367,33,sub-00047,ses-1,sub-00047_ses-1_task-sleep_acq-20160629T0408_eeg,33,2016-06-29 04:23:42.445534+00:00,WAKE
368,34,sub-00047,ses-1,sub-00047_ses-1_task-sleep_acq-20160629T0408_eeg,34,2016-06-29 04:24:12.445534+00:00,WAKE
369,35,sub-00047,ses-1,sub-00047_ses-1_task-sleep_acq-20160629T0408_eeg,35,2016-06-29 04:24:42.445534+00:00,WAKE
370,36,sub-00047,ses-1,sub-00047_ses-1_task-sleep_acq-20160629T0408_eeg,36,2016-06-29 04:25:12.445534+00:00,WAKE
371,37,sub-00047,ses-1,sub-00047_ses-1_task-sleep_acq-20160629T0408_eeg,37,2016-06-29 04:25:42.445534+00:00,WAKE
372,38,sub-00047,ses-1,sub-00047_ses-1_task-sleep_acq-20160629T0408_eeg,38,2016-06-29 04:26:12.445534+00:00,WAKE
373,39,sub-00047,ses-1,sub-00047_ses-1_task-sleep_acq-20160629T0408_eeg,39,2016-06-29 04:26:42.445534+00:00,WAKE
374,40,sub-00047,ses-1,sub-00047_ses-1_task-sleep_acq-20160629T0408_eeg,40,2016-06-29 04:27:12.445534+00:00,WAKE
375,41,sub-00047,ses-1,sub-00047_ses-1_task-sleep_acq-20160629T0408_eeg,41,2016-06-29 04:27:42.445534+00:00,WAKE
376,42,sub-00047,ses-1,sub-00047_ses-1_task-sleep_acq-20160629T0408_eeg,42,2016-06-29 04:28:12.445534+00:00,WAKE
377,43,sub-00047,ses-1,sub-00047_ses-1_task-sleep_acq-20160629T0408_eeg,43,2016-06-29 04:28:42.445534+00:00,WAKE
378,44,sub-00047,ses-1,sub-00047_ses-1_task-sleep_acq-20160629T0408_eeg,44,2016-06-29 04:29:12.445534+00:00,WAKE
379,45,sub-00047,ses-1,sub-00047_ses-1_task-sleep_acq-20160629T0408_eeg,45,2016-06-29 04:29:42.445534+00:00,WAKE
380,46,sub-00047,ses-1,sub-00047_ses-1_task-sleep_acq-20160629T0408_eeg,46,2016-06-29 04:30:12.445534+00:00,WAKE
381,47,sub-00047,ses-1,sub-00047_ses-1_task-sleep_acq-20160629T0408_eeg,47,2016-06-29 04:30:42.445534+00:00,WAKE
382,48,sub-00047,ses-1,sub-00047_ses-1_task-sleep_acq-20160629T0408_eeg,48,2016-06-29 04:31:12.445534+00:00,WAKE
383,49,sub-00047,ses-1,sub-00047_ses-1_task-sleep_acq-20160629T0408_eeg,49,2016-06-29 04:31:42.445534+00:00,WAKE
384,50,sub-00047,ses-1,sub-00047_ses-1_task-sleep_acq-20160629T0408_eeg,50,2016-06-29 04:32:12.445534+00:00,WAKE
385,51,sub-00047,ses-1,sub-00047_ses-1_task-sleep_acq-20160629T0408_eeg,51,2016-06-29 04:32:42.445534+00:00,WAKE
386,52,sub-00047,ses-1,sub-00047_ses-1_task-sleep_acq-20160629T0408_eeg,52,2016-06-29 04:33:12.445534+00:00,WAKE
387,53,sub-00047,ses-1,sub-00047_ses-1_task-sleep_acq-20160629T0408_eeg,53,2016-06-29 04:33:42.445534+00:00,WAKE
388,54,sub-00047,ses-1,sub-00047_ses-1_task-sleep_acq-20160629T0408_eeg,54,2016-06-29 04:34:12.445534+00:00,WAKE
389,55,sub-00047,ses-1,sub-00047_ses-1_task-sleep_acq-20160629T0408_eeg,55,2016-06-29 04:34:42.445534+00:00,WAKE
390,56,sub-00047,ses-1,sub-00047_ses-1_task-sleep_acq-20160629T0408_eeg,56,2016-06-29 04:35:12.445534+00:00,WAKE
391,57,sub-00047,ses-1,sub-00047_ses-1_task-sleep_acq-20160629T0408_eeg,57,2016-06-29 04:35:42.445534+00:00,WAKE
392,58,sub-00047,ses-1,sub-00047_ses-1_task-sleep_acq-20160629T0408_eeg,58,2016-06-29 04:36:12.445534+00:00,WAKE
393,59,sub-00047,ses-1,sub-00047_ses-1_task-sleep_acq-20160629T0408_eeg,59,2016-06-29 04:36:42.445534+00:00,WAKE
394,60,sub-00047,ses-1,sub-00047_ses-1_task-sleep_acq-20160629T0408_eeg,60,2016-06-29 04:37:12.445534+00:00,WAKE
395,61,sub-00047,ses-1,sub-00047_ses-1_task-sleep_acq-20160629T0408_eeg,61,2016-06-29 04:37:42.445534+00:00,WAKE
396,62,sub-00047,ses-1,sub-00047_ses-1_task-sleep_acq-20160629T0408_eeg,62,2016-06-29 04:38:12.445534+00:00,WAKE
397,63,sub-00047,ses-1,sub-00047_ses-1_task-sleep_acq-20160629T0408_eeg,63,2016-06-29 04:38:42.445534+00:00,WAKE
398,64,sub-00047,ses-1,sub-00047_ses-1_task-sleep_acq-20160629T0408_eeg,64,2016-06-29 04:39:12.445534+00:00,WAKE
399,65,sub-00047,ses-1,sub-00047_ses-1_task-sleep_acq-20160629T0408_eeg,65,2016-06-29 04:39:42.445534+00:00,WAKE
400,66,sub-00047,ses-1,sub-00047_ses-1_task-sleep_acq-20160629T0408_eeg,66,2016-06-29 04:40:12.445534+00:00,WAKE
401,67,sub-00047,ses-1,sub-00047_ses-1_task-sleep_acq-20160629T0408_eeg,67,2016-06-29 04:40:42.445534+00:00,WAKE
402,68,sub-00047,ses-1,sub-00047_ses-1_task-sleep_acq-20160629T0408_eeg,68,2016-06-29 04:41:12.445534+00:00,WAKE
403,69,sub-00047,ses-1,sub-00047_ses-1_task-sleep_acq-20160629T0408_eeg,69,2016-06-29 04:41:42.445534+00:00,WAKE
404,70,sub-00047,ses-1,sub-00047_ses-1_task-sleep_acq-20160629T0408_eeg,70,2016-06-29 04:42:12.445534+00:00,WAKE
405,71,sub-00047,ses-1,sub-00047_ses-1_task-sleep_acq-20160629T0408_eeg,71,2016-06-29 04:42:42.445534+00:00,WAKE
406,72,sub-00047,ses-1,sub-00047_ses-1_task-sleep_acq-20160629T0408_eeg,72,2016-06-29 04:43:12.445534+00:00,WAKE
407,73,sub-00047,ses-1,sub-00047_ses-1_task-sleep_acq-20160629T0408_eeg,73,2016-06-29 04:43:42.445534+00:00,WAKE
408,74,sub-00047,ses-1,sub-00047_ses-1_task-sleep_acq-20160629T0408_eeg,74,2016-06-29 04:44:12.445534+00:00,WAKE
409,75,sub-00047,ses-1,sub-00047_ses-1_task-sleep_acq-20160629T0408_eeg,75,2016-06-29 04:44:42.445534+00:00,WAKE
410,76,sub-00047,ses-1,sub-00047_ses-1_task-sleep_acq-20160629T0408_eeg,76,2016-06-29 04:45:12.445534+00:00,WAKE
411,77,sub-00047,ses-1,sub-00047_ses-1_task-sleep_acq-20160629T0408_eeg,77,2016-06-29 04:45:42.445534+00:00,WAKE
412,78,sub-00047,ses-1,sub-00047_ses-1_task-sleep_acq-20160629T0408_eeg,78,2016-06-29 04:46:12.445534+00:00,WAKE
413,79,sub-00047,ses-1,sub-00047_ses-1_task-sleep_acq-20160629T0408_eeg,79,2016-06-29 04:46:42.445534+00:00,WAKE
414,80,sub-00047,ses-1,sub-00047_ses-1_task-sleep_acq-20160629T0408_eeg,80,2016-06-29 04:47:12.445534+00:00,WAKE
415,81,sub-00047,ses-1,sub-00047_ses-1_task-sleep_acq-20160629T0408_eeg,81,2016-06-29 04:47:42.445534+00:00,WAKE
416,82,sub-00047,ses-1,sub-00047_ses-1_task-sleep_acq-20160629T0408_eeg,82,2016-06-29 04:48:12.445534+00:00,WAKE
417,83,sub-00047,ses-1,sub-00047_ses-1_task-sleep_acq-20160629T0408_eeg,83,2016-06-29 04:48:42.445534+00:00,WAKE
418,84,sub-00047,ses-1,sub-00047_ses-1_task-sleep_acq-20160629T0408_eeg,84,2016-06-29 04:49:12.445534+00:00,WAKE
419,85,sub-00047,ses-1,sub-00047_ses-1_task-sleep_acq-20160629T0408_eeg,85,2016-06-29 04:49:42.445534+00:00,WAKE
420,86,sub-00047,ses-1,sub-00047_ses-1_task-sleep_acq-20160629T0408_eeg,86,2016-06-29 04:50:12.445534+00:00,WAKE
421,87,sub-00047,ses-1,sub-00047_ses-1_task-sleep_acq-20160629T0408_eeg,87,2016-06-29 04:50:42.445534+00:00,WAKE
422,88,sub-00047,ses-1,sub-00047_ses-1_task-sleep_acq-20160629T0408_eeg,88,2016-06-29 04:51:12.445534+00:00,WAKE
423,89,sub-00047,ses-1,sub-00047_ses-1_task-sleep_acq-20160629T0408_eeg,89,2016-06-29 04:51:42.445534+00:00,WAKE
424,90,sub-00047,ses-1,sub-00047_ses-1_task-sleep_acq-20160629T0408_eeg,90,2016-06-29 04:52:12.445534+00:00,WAKE
425,91,sub-00047,ses-1,sub-00047_ses-1_task-sleep_acq-20160629T0408_eeg,91,2016-06-29 04:52:42.445534+00:00,WAKE
426,92,sub-00047,ses-1,sub-00047_ses-1_task-sleep_acq-20160629T0408_eeg,92,2016-06-29 04:53:12.445534+00:00,WAKE
427,93,sub-00047,ses-1,sub-00047_ses-1_task-sleep_acq-20160629T0408_eeg,93,2016-06-29 04:53:42.445534+00:00,WAKE
428,94,sub-00047,ses-1,sub-00047_ses-1_task-sleep_acq-20160629T0408_eeg,94,2016-06-29 04:54:12.445534+00:00,WAKE
429,95,sub-00047,ses-1,sub-00047_ses-1_task-sleep_acq-20160629T0408_eeg,95,2016-06-29 04:54:42.445534+00:00,WAKE
430,96,sub-00047,ses-1,sub-00047_ses-1_task-sleep_acq-20160629T0408_eeg,96,2016-06-29 04:55:12.445534+00:00,WAKE
431,97,sub-00047,ses-1,sub-00047_ses-1_task-sleep_acq-20160629T0408_eeg,97,2016-06-29 04:55:42.445534+00:00,WAKE
432,98,sub-00047,ses-1,sub-00047_ses-1_task-sleep_acq-20160629T0408_eeg,98,2016-06-29 04:56:12.445534+00:00,WAKE
433,99,sub-00047,ses-1,sub-00047_ses-1_task-sleep_acq-20160629T0408_eeg,99,2016-06-29 04:56:42.445534+00:00,WAKE
434,100,sub-00047,ses-1,sub-00047_ses-1_task-sleep_acq-20160629T0408_eeg,100,2016-06-29 04:57:12.445534+00:00,WAKE
435,101,sub-00047,ses-1,sub-00047_ses-1_task-sleep_acq-20160629T0408_eeg,101,2016-06-29 04:57:42.445534+00:00,WAKE
436,102,sub-00047,ses-1,sub-00047_ses-1_task-sleep_acq-20160629T0408_eeg,102,2016-06-29 04:58:12.445534+00:00,WAKE
437,103,sub-00047,ses-1,sub-00047_ses-1_task-sleep_acq-20160629T0408_eeg,103,2016-06-29 04:58:42.445534+00:00,WAKE
438,104,sub-00047,ses-1,sub-00047_ses-1_task-sleep_acq-20160629T0408_eeg,104,2016-06-29 04:59:12.445534+00:00,WAKE
439,105,sub-00047,ses-1,sub-00047_ses-1_task-sleep_acq-20160629T0408_eeg,105,2016-06-29 04:59:42.445534+00:00,WAKE
440,106,sub-00047,ses-1,sub-00047_ses-1_task-sleep_acq-20160629T0408_eeg,106,2016-06-29 05:00:12.445534+00:00,WAKE
441,107,sub-00047,ses-1,sub-00047_ses-1_task-sleep_acq-20160629T0408_eeg,107,2016-06-29 05:00:42.445534+00:00,WAKE
442,108,sub-00047,ses-1,sub-00047_ses-1_task-sleep_acq-20160629T0408_eeg,108,2016-06-29 05:01:12.445534+00:00,WAKE
443,109,sub-00047,ses-1,sub-00047_ses-1_task-sleep_acq-20160629T0408_eeg,109,2016-06-29 05:01:42.445534+00:00,WAKE
444,110,sub-00047,ses-1,sub-00047_ses-1_task-sleep_acq-20160629T0408_eeg,110,2016-06-29 05:02:12.445534+00:00,WAKE
445,111,sub-00047,ses-1,sub-00047_ses-1_task-sleep_acq-20160629T0408_eeg,111,2016-06-29 05:02:42.445534+00:00,WAKE
446,112,sub-00047,ses-1,sub-00047_ses-1_task-sleep_acq-20160629T0408_eeg,112,2016-06-29 05:03:12.445534+00:00,WAKE
447,113,sub-00047,ses-1,sub-00047_ses-1_task-sleep_acq-20160629T0408_eeg,113,2016-06-29 05:03:42.445534+00:00,WAKE
448,114,sub-00047,ses-1,sub-00047_ses-1_task-sleep_acq-20160629T0408_eeg,114,2016-06-29 05:04:12.445534+00:00,WAKE
449,115,sub-00047,ses-1,sub-00047_ses-1_task-sleep_acq-20160629T0408_eeg,115,2016-06-29 05:04:42.445534+00:00,WAKE
450,116,sub-00047,ses-1,sub-00047_ses-1_task-sleep_acq-20160629T0408_eeg,116,2016-06-29 05:05:12.445534+00:00,WAKE
451,117,sub-00047,ses-1,sub-00047_ses-1_task-sleep_acq-20160629T0408_eeg,117,2016-06-29 05:05:42.445534+00:00,WAKE
452,118,sub-00047,ses-1,sub-00047_ses-1_task-sleep_acq-20160629T0408_eeg,118,2016-06-29 05:06:12.445534+00:00,WAKE
453,119,sub-00047,ses-1,sub-00047_ses-1_task-sleep_acq-20160629T0408_eeg,119,2016-06-29 05:06:42.445534+00:00,WAKE
454,120,sub-00047,ses-1,sub-00047_ses-1_task-sleep_acq-20160629T0408_eeg,120,2016-06-29 05:07:12.445534+00:00,WAKE
455,121,sub-00047,ses-1,sub-00047_ses-1_task-sleep_acq-20160629T0408_eeg,121,2016-06-29 05:07:42.445534+00:00,WAKE
456,122,sub-00047,ses-1,sub-00047_ses-1_task-sleep_acq-20160629T0408_eeg,122,2016-06-29 05:08:12.445534+00:00,WAKE
457,123,sub-00047,ses-1,sub-00047_ses-1_task-sleep_acq-20160629T0408_eeg,123,2016-06-29 05:08:42.445534+00:00,WAKE
458,124,sub-00047,ses-1,sub-00047_ses-1_task-sleep_acq-20160629T0408_eeg,124,2016-06-29 05:09:12.445534+00:00,WAKE
459,125,sub-00047,ses-1,sub-00047_ses-1_task-sleep_acq-20160629T0408_eeg,125,2016-06-29 05:09:42.445534+00:00,WAKE
460,126,sub-00047,ses-1,sub-00047_ses-1_task-sleep_acq-20160629T0408_eeg,126,2016-06-29 05:10:12.445534+00:00,WAKE
461,127,sub-00047,ses-1,sub-00047_ses-1_task-sleep_acq-20160629T0408_eeg,127,2016-06-29 05:10:42.445534+00:00,WAKE
462,128,sub-00047,ses-1,sub-00047_ses-1_task-sleep_acq-20160629T0408_eeg,128,2016-06-29 05:11:12.445534+00:00,WAKE
463,129,sub-00047,ses-1,sub-00047_ses-1_task-sleep_acq-20160629T0408_eeg,129,2016-06-29 05:11:42.445534+00:00,WAKE
464,130,sub-00047,ses-1,sub-00047_ses-1_task-sleep_acq-20160629T0408_eeg,130,2016-06-29 05:12:12.445534+00:00,WAKE
465,131,sub-00047,ses-1,sub-00047_ses-1_task-sleep_acq-20160629T0408_eeg,131,2016-06-29 05:12:42.445534+00:00,WAKE
466,132,sub-00047,ses-1,sub-00047_ses-1_task-sleep_acq-20160629T0408_eeg,132,2016-06-29 05:13:12.445534+00:00,WAKE
467,133,sub-00047,ses-1,sub-00047_ses-1_task-sleep_acq-20160629T0408_eeg,133,2016-06-29 05:13:42.445534+00:00,WAKE
468,134,sub-00047,ses-1,sub-00047_ses-1_task-sleep_acq-20160629T0408_eeg,134,2016-06-29 05:14:12.445534+00:00,WAKE
469,135,sub-00047,ses-1,sub-00047_ses-1_task-sleep_acq-20160629T0408_eeg,135,2016-06-29 05:14:42.445534+00:00,WAKE
470,136,sub-00047,ses-1,sub-00047_ses-1_task-sleep_acq-20160629T0408_eeg,136,2016-06-29 05:15:12.445534+00:00,WAKE
471,137,sub-00047,ses-1,sub-00047_ses-1_task-sleep_acq-20160629T0408_eeg,137,2016-06-29 05:15:42.445534+00:00,WAKE
472,138,sub-00047,ses-1,sub-00047_ses-1_task-sleep_acq-20160629T0408_eeg,138,2016-06-29 05:16:12.445534+00:00,WAKE
473,139,sub-00047,ses-1,sub-00047_ses-1_task-sleep_acq-20160629T0408_eeg,139,2016-06-29 05:16:42.445534+00:00,WAKE
474,140,sub-00047,ses-1,sub-00047_ses-1_task-sleep_acq-20160629T0408_eeg,140,2016-06-29 05:17:12.445534+00:00,WAKE
475,141,sub-00047,ses-1,sub-00047_ses-1_task-sleep_acq-20160629T0408_eeg,141,2016-06-29 05:17:42.445534+00:00,WAKE
476,142,sub-00047,ses-1,sub-00047_ses-1_task-sleep_acq-20160629T0408_eeg,142,2016-06-29 05:18:12.445534+00:00,WAKE
477,143,sub-00047,ses-1,sub-00047_ses-1_task-sleep_acq-20160629T0408_eeg,143,2016-06-29 05:18:42.445534+00:00,WAKE
478,144,sub-00047,ses-1,sub-00047_ses-1_task-sleep_acq-20160629T0408_eeg,144,2016-06-29 05:19:12.445534+00:00,WAKE
479,145,sub-00047,ses-1,sub-00047_ses-1_task-sleep_acq-20160629T0408_eeg,145,2016-06-29 05:19:42.445534+00:00,WAKE
480,146,sub-00047,ses-1,sub-00047_ses-1_task-sleep_acq-20160629T0408_eeg,146,2016-06-29 05:20:12.445534+00:00,WAKE
481,147,sub-00047,ses-1,sub-00047_ses-1_task-sleep_acq-20160629T0408_eeg,147,2016-06-29 05:20:42.445534+00:00,WAKE
482,148,sub-00047,ses-1,sub-00047_ses-1_task-sleep_acq-20160629T0408_eeg,148,2016-06-29 05:21:12.445534+00:00,WAKE
483,149,sub-00047,ses-1,sub-00047_ses-1_task-sleep_acq-20160629T0408_eeg,149,2016-06-29 05:21:42.445534+00:00,WAKE
484,150,sub-00047,ses-1,sub-00047_ses-1_task-sleep_acq-20160629T0408_eeg,150,2016-06-29 05:22:12.445534+00:00,WAKE
485,151,sub-00047,ses-1,sub-00047_ses-1_task-sleep_acq-20160629T0408_eeg,151,2016-06-29 05:22:42.445534+00:00,WAKE
486,152,sub-00047,ses-1,sub-00047_ses-1_task-sleep_acq-20160629T0408_eeg,152,2016-06-29 05:23:12.445534+00:00,WAKE
487,153,sub-00047,ses-1,sub-00047_ses-1_task-sleep_acq-20160629T0408_eeg,153,2016-06-29 05:23:42.445534+00:00,WAKE
488,154,sub-00047,ses-1,sub-00047_ses-1_task-sleep_acq-20160629T0408_eeg,154,2016-06-29 05:24:12.445534+00:00,WAKE
489,155,sub-00047,ses-1,sub-00047_ses-1_task-sleep_acq-20160629T0408_eeg,155,2016-06-29 05:24:42.445534+00:00,WAKE
490,156,sub-00047,ses-1,sub-00047_ses-1_task-sleep_acq-20160629T0408_eeg,156,2016-06-29 05:25:12.445534+00:00,WAKE
491,157,sub-00047,ses-1,sub-00047_ses-1_task-sleep_acq-20160629T0408_eeg,157,2016-06-29 05:25:42.445534+00:00,WAKE
492,158,sub-00047,ses-1,sub-00047_ses-1_task-sleep_acq-20160629T0408_eeg,158,2016-06-29 05:26:12.445534+00:00,WAKE
493,159,sub-00047,ses-1,sub-00047_ses-1_task-sleep_acq-20160629T0408_eeg,159,2016-06-29 05:26:42.445534+00:00,WAKE
494,160,sub-00047,ses-1,sub-00047_ses-1_task-sleep_acq-20160629T0408_eeg,160,2016-06-29 05:27:12.445534+00:00,WAKE
495,161,sub-00047,ses-1,sub-00047_ses-1_task-sleep_acq-20160629T0408_eeg,161,2016-06-29 05:27:42.445534+00:00,WAKE
496,162,sub-00047,ses-1,sub-00047_ses-1_task-sleep_acq-20160629T0408_eeg,162,2016-06-29 05:28:12.445534+00:00,WAKE
497,163,sub-00047,ses-1,sub-00047_ses-1_task-sleep_acq-20160629T0408_eeg,163,2016-06-29 05:28:42.445534+00:00,WAKE
498,164,sub-00047,ses-1,sub-00047_ses-1_task-sleep_acq-20160629T0408_eeg,164,2016-06-29 05:29:12.445534+00:00,WAKE
499,165,sub-00047,ses-1,sub-00047_ses-1_task-sleep_acq-20160629T0408_eeg,165,2016-06-29 05:29:42.445534+00:00,WAKE
500,166,sub-00047,ses-1,sub-00047_ses-1_task-sleep_acq-20160629T0408_eeg,166,2016-06-29 05:30:12.445534+00:00,WAKE
501,167,sub-00047,ses-1,sub-00047_ses-1_task-sleep_acq-20160629T0408_eeg,167,2016-06-29 05:30:42.445534+00:00,WAKE
502,168,sub-00047,ses-1,sub-00047_ses-1_task-sleep_acq-20160629T0408_eeg,168,2016-06-29 05:31:12.445534+00:00,WAKE
503,169,sub-00047,ses-1,sub-00047_ses-1_task-sleep_acq-20160629T0408_eeg,169,2016-06-29 05:31:42.445534+00:00,WAKE
504,170,sub-00047,ses-1,sub-00047_ses-1_task-sleep_acq-20160629T0408_eeg,170,2016-06-29 05:32:12.445534+00:00,WAKE
505,171,sub-00047,ses-1,sub-00047_ses-1_task-sleep_acq-20160629T0408_eeg,171,2016-06-29 05:32:42.445534+00:00,WAKE
506,172,sub-00047,ses-1,sub-00047_ses-1_task-sleep_acq-20160629T0408_eeg,172,2016-06-29 05:33:12.445534+00:00,WAKE
507,173,sub-00047,ses-1,sub-00047_ses-1_task-sleep_acq-20160629T0408_eeg,173,2016-06-29 05:33:42.445534+00:00,WAKE
508,174,sub-00047,ses-1,sub-00047_ses-1_task-sleep_acq-20160629T0408_eeg,174,2016-06-29 05:34:12.445534+00:00,WAKE
509,175,sub-00047,ses-1,sub-00047_ses-1_task-sleep_acq-20160629T0408_eeg,175,2016-06-29 05:34:42.445534+00:00,N2
510,176,sub-00047,ses-1,sub-00047_ses-1_task-sleep_acq-20160629T0408_eeg,176,2016-06-29 05:35:12.445534+00:00,WAKE
511,177,sub-00047,ses-1,sub-00047_ses-1_task-sleep_acq-20160629T0408_eeg,177,2016-06-29 05:35:42.445534+00:00,WAKE
512,178,sub-00047,ses-1,sub-00047_ses-1_task-sleep_acq-20160629T0408_eeg,178,2016-06-29 05:36:12.445534+00:00,WAKE
513,179,sub-00047,ses-1,sub-00047_ses-1_task-sleep_acq-20160629T0408_eeg,179,2016-06-29 05:36:42.445534+00:00,WAKE
514,180,sub-00047,ses-1,sub-00047_ses-1_task-sleep_acq-20160629T0408_eeg,180,2016-06-29 05:37:12.445534+00:00,WAKE
515,181,sub-00047,ses-1,sub-00047_ses-1_task-sleep_acq-20160629T0408_eeg,181,2016-06-29 05:37:42.445534+00:00,WAKE
516,182,sub-00047,ses-1,sub-00047_ses-1_task-sleep_acq-20160629T0408_eeg,182,2016-06-29 05:38:12.445534+00:00,WAKE
517,183,sub-00047,ses-1,sub-00047_ses-1_task-sleep_acq-20160629T0408_eeg,183,2016-06-29 05:38:42.445534+00:00,WAKE
518,184,sub-00047,ses-1,sub-00047_ses-1_task-sleep_acq-20160629T0408_eeg,184,2016-06-29 05:39:12.445534+00:00,WAKE
519,185,sub-00047,ses-1,sub-00047_ses-1_task-sleep_acq-20160629T0408_eeg,185,2016-06-29 05:39:42.445534+00:00,WAKE
520,186,sub-00047,ses-1,sub-00047_ses-1_task-sleep_acq-20160629T0408_eeg,186,2016-06-29 05:40:12.445534+00:00,WAKE
521,187,sub-00047,ses-1,sub-00047_ses-1_task-sleep_acq-20160629T0408_eeg,187,2016-06-29 05:40:42.445534+00:00,WAKE
522,188,sub-00047,ses-1,sub-00047_ses-1_task-sleep_acq-20160629T0408_eeg,188,2016-06-29 05:41:12.445534+00:00,WAKE
523,189,sub-00047,ses-1,sub-00047_ses-1_task-sleep_acq-20160629T0408_eeg,189,2016-06-29 05:41:42.445534+00:00,WAKE
524,190,sub-00047,ses-1,sub-00047_ses-1_task-sleep_acq-20160629T0408_eeg,190,2016-06-29 05:42:12.445534+00:00,WAKE
525,191,sub-00047,ses-1,sub-00047_ses-1_task-sleep_acq-20160629T0408_eeg,191,2016-06-29 05:42:42.445534+00:00,WAKE
526,192,sub-00047,ses-1,sub-00047_ses-1_task-sleep_acq-20160629T0408_eeg,192,2016-06-29 05:43:12.445534+00:00,WAKE
527,193,sub-00047,ses-1,sub-00047_ses-1_task-sleep_acq-20160629T0408_eeg,193,2016-06-29 05:43:42.445534+00:00,WAKE
528,194,sub-00047,ses-1,sub-00047_ses-1_task-sleep_acq-20160629T0408_eeg,194,2016-06-29 05:44:12.445534+00:00,WAKE
529,195,sub-00047,ses-1,sub-00047_ses-1_task-sleep_acq-20160629T0408_eeg,195,2016-06-29 05:44:42.445534+00:00,WAKE
530,196,sub-00047,ses-1,sub-00047_ses-1_task-sleep_acq-20160629T0408_eeg,196,2016-06-29 05:45:12.445534+00:00,WAKE
531,197,sub-00047,ses-1,sub-00047_ses-1_task-sleep_acq-20160629T0408_eeg,197,2016-06-29 05:45:42.445534+00:00,WAKE
532,198,sub-00047,ses-1,sub-00047_ses-1_task-sleep_acq-20160629T0408_eeg,198,2016-06-29 05:46:12.445534+00:00,WAKE
533,199,sub-00047,ses-1,sub-00047_ses-1_task-sleep_acq-20160629T0408_eeg,199,2016-06-29 05:46:42.445534+00:00,WAKE
534,200,sub-00047,ses-1,sub-00047_ses-1_task-sleep_acq-20160629T0408_eeg,200,2016-06-29 05:47:12.445534+00:00,WAKE
535,201,sub-00047,ses-1,sub-00047_ses-1_task-sleep_acq-20160629T0408_eeg,201,2016-06-29 05:47:42.445534+00:00,WAKE
536,202,sub-00047,ses-1,sub-00047_ses-1_task-sleep_acq-20160629T0408_eeg,202,2016-06-29 05:48:12.445534+00:00,WAKE
537,203,sub-00047,ses-1,sub-00047_ses-1_task-sleep_acq-20160629T0408_eeg,203,2016-06-29 05:48:42.445534+00:00,WAKE
538,204,sub-00047,ses-1,sub-00047_ses-1_task-sleep_acq-20160629T0408_eeg,204,2016-06-29 05:49:12.445534+00:00,WAKE
539,205,sub-00047,ses-1,sub-00047_ses-1_task-sleep_acq-20160629T0408_eeg,205,2016-06-29 05:49:42.445534+00:00,WAKE
540,206,sub-00047,ses-1,sub-00047_ses-1_task-sleep_acq-20160629T0408_eeg,206,2016-06-29 05:50:12.445534+00:00,WAKE
541,207,sub-00047,ses-1,sub-00047_ses-1_task-sleep_acq-20160629T0408_eeg,207,2016-06-29 05:50:42.445534+00:00,WAKE
542,208,sub-00047,ses-1,sub-00047_ses-1_task-sleep_acq-20160629T0408_eeg,208,2016-06-29 05:51:12.445534+00:00,WAKE
543,209,sub-00047,ses-1,sub-00047_ses-1_task-sleep_acq-20160629T0408_eeg,209,2016-06-29 05:51:42.445534+00:00,WAKE
544,210,sub-00047,ses-1,sub-00047_ses-1_task-sleep_acq-20160629T0408_eeg,210,2016-06-29 05:52:12.445534+00:00,WAKE
545,211,sub-00047,ses-1,sub-00047_ses-1_task-sleep_acq-20160629T0408_eeg,211,2016-06-29 05:52:42.445534+00:00,WAKE
546,212,sub-00047,ses-1,sub-00047_ses-1_task-sleep_acq-20160629T0408_eeg,212,2016-06-29 05:53:12.445534+00:00,WAKE
547,213,sub-00047,ses-1,sub-00047_ses-1_task-sleep_acq-20160629T0408_eeg,213,2016-06-29 05:53:42.445534+00:00,WAKE
548,214,sub-00047,ses-1,sub-00047_ses-1_task-sleep_acq-20160629T0408_eeg,214,2016-06-29 05:54:12.445534+00:00,WAKE
549,215,sub-00047,ses-1,sub-00047_ses-1_task-sleep_acq-20160629T0408_eeg,215,2016-06-29 05:54:42.445534+00:00,WAKE
550,216,sub-00047,ses-1,sub-00047_ses-1_task-sleep_acq-20160629T0408_eeg,216,2016-06-29 05:55:12.445534+00:00,WAKE
551,217,sub-00047,ses-1,sub-00047_ses-1_task-sleep_acq-20160629T0408_eeg,217,2016-06-29 05:55:42.445534+00:00,WAKE
552,218,sub-00047,ses-1,sub-00047_ses-1_task-sleep_acq-20160629T0408_eeg,218,2016-06-29 05:56:12.445534+00:00,WAKE
553,219,sub-00047,ses-1,sub-00047_ses-1_task-sleep_acq-20160629T0408_eeg,219,2016-06-29 05:56:42.445534+00:00,WAKE
554,220,sub-00047,ses-1,sub-00047_ses-1_task-sleep_acq-20160629T0408_eeg,220,2016-06-29 05:57:12.445534+00:00,WAKE
555,221,sub-00047,ses-1,sub-00047_ses-1_task-sleep_acq-20160629T0408_eeg,221,2016-06-29 05:57:42.445534+00:00,WAKE
556,222,sub-00047,ses-1,sub-00047_ses-1_task-sleep_acq-20160629T0408_eeg,222,2016-06-29 05:58:12.445534+00:00,WAKE
557,223,sub-00047,ses-1,sub-00047_ses-1_task-sleep_acq-20160629T0408_eeg,223,2016-06-29 05:58:42.445534+00:00,WAKE
558,224,sub-00047,ses-1,sub-00047_ses-1_task-sleep_acq-20160629T0408_eeg,224,2016-06-29 05:59:12.445534+00:00,WAKE
559,225,sub-00047,ses-1,sub-00047_ses-1_task-sleep_acq-20160629T0408_eeg,225,2016-06-29 05:59:42.445534+00:00,WAKE
560,226,sub-00047,ses-1,sub-00047_ses-1_task-sleep_acq-20160629T0408_eeg,226,2016-06-29 06:00:12.445534+00:00,WAKE
561,227,sub-00047,ses-1,sub-00047_ses-1_task-sleep_acq-20160629T0408_eeg,227,2016-06-29 06:00:42.445534+00:00,WAKE
562,228,sub-00047,ses-1,sub-00047_ses-1_task-sleep_acq-20160629T0408_eeg,228,2016-06-29 06:01:12.445534+00:00,WAKE
563,229,sub-00047,ses-1,sub-00047_ses-1_task-sleep_acq-20160629T0408_eeg,229,2016-06-29 06:01:42.445534+00:00,WAKE
564,230,sub-00047,ses-1,sub-00047_ses-1_task-sleep_acq-20160629T0408_eeg,230,2016-06-29 06:02:12.445534+00:00,WAKE
565,231,sub-00047,ses-1,sub-00047_ses-1_task-sleep_acq-20160629T0408_eeg,231,2016-06-29 06:02:42.445534+00:00,WAKE
566,232,sub-00047,ses-1,sub-00047_ses-1_task-sleep_acq-20160629T0408_eeg,232,2016-06-29 06:03:12.445534+00:00,WAKE
567,233,sub-00047,ses-1,sub-00047_ses-1_task-sleep_acq-20160629T0408_eeg,233,2016-06-29 06:03:42.445534+00:00,WAKE
568,234,sub-00047,ses-1,sub-00047_ses-1_task-sleep_acq-20160629T0408_eeg,234,2016-06-29 06:04:12.445534+00:00,WAKE
569,235,sub-00047,ses-1,sub-00047_ses-1_task-sleep_acq-20160629T0408_eeg,235,2016-06-29 06:04:42.445534+00:00,WAKE
570,236,sub-00047,ses-1,sub-00047_ses-1_task-sleep_acq-20160629T0408_eeg,236,2016-06-29 06:05:12.445534+00:00,WAKE
571,237,sub-00047,ses-1,sub-00047_ses-1_task-sleep_acq-20160629T0408_eeg,237,2016-06-29 06:05:42.445534+00:00,WAKE
572,238,sub-00047,ses-1,sub-00047_ses-1_task-sleep_acq-20160629T0408_eeg,238,2016-06-29 06:06:12.445534+00:00,WAKE
573,239,sub-00047,ses-1,sub-00047_ses-1_task-sleep_acq-20160629T0408_eeg,239,2016-06-29 06:06:42.445534+00:00,WAKE
574,240,sub-00047,ses-1,sub-00047_ses-1_task-sleep_acq-20160629T0408_eeg,240,2016-06-29 06:07:12.445534+00:00,WAKE
575,241,sub-00047,ses-1,sub-00047_ses-1_task-sleep_acq-20160629T0408_eeg,241,2016-06-29 06:07:42.445534+00:00,WAKE
576,242,sub-00047,ses-1,sub-00047_ses-1_task-sleep_acq-20160629T0408_eeg,242,2016-06-29 06:08:12.445534+00:00,WAKE
577,243,sub-00047,ses-1,sub-00047_ses-1_task-sleep_acq-20160629T0408_eeg,243,2016-06-29 06:08:42.445534+00:00,WAKE
578,244,sub-00047,ses-1,sub-00047_ses-1_task-sleep_acq-20160629T0408_eeg,244,2016-06-29 06:09:12.445534+00:00,WAKE
579,245,sub-00047,ses-1,sub-00047_ses-1_task-sleep_acq-20160629T0408_eeg,245,2016-06-29 06:09:42.445534+00:00,WAKE
580,246,sub-00047,ses-1,sub-00047_ses-1_task-sleep_acq-20160629T0408_eeg,246,2016-06-29 06:10:12.445534+00:00,REM
581,247,sub-00047,ses-1,sub-00047_ses-1_task-sleep_acq-20160629T0408_eeg,247,2016-06-29 06:10:42.445534+00:00,WAKE
582,248,sub-00047,ses-1,sub-00047_ses-1_task-sleep_acq-20160629T0408_eeg,248,2016-06-29 06:11:12.445534+00:00,WAKE
583,249,sub-00047,ses-1,sub-00047_ses-1_task-sleep_acq-20160629T0408_eeg,249,2016-06-29 06:11:42.445534+00:00,WAKE
584,250,sub-00047,ses-1,sub-00047_ses-1_task-sleep_acq-20160629T0408_eeg,250,2016-06-29 06:12:12.445534+00:00,WAKE
585,251,sub-00047,ses-1,sub-00047_ses-1_task-sleep_acq-20160629T0408_eeg,251,2016-06-29 06:12:42.445534+00:00,WAKE
586,252,sub-00047,ses-1,sub-00047_ses-1_task-sleep_acq-20160629T0408_eeg,252,2016-06-29 06:13:12.445534+00:00,WAKE
587,253,sub-00047,ses-1,sub-00047_ses-1_task-sleep_acq-20160629T0408_eeg,253,2016-06-29 06:13:42.445534+00:00,WAKE
588,254,sub-00047,ses-1,sub-00047_ses-1_task-sleep_acq-20160629T0408_eeg,254,2016-06-29 06:14:12.445534+00:00,WAKE
589,255,sub-00047,ses-1,sub-00047_ses-1_task-sleep_acq-20160629T0408_eeg,255,2016-06-29 06:14:42.445534+00:00,WAKE
590,256,sub-00047,ses-1,sub-00047_ses-1_task-sleep_acq-20160629T0408_eeg,256,2016-06-29 06:15:12.445534+00:00,WAKE
591,257,sub-00047,ses-1,sub-00047_ses-1_task-sleep_acq-20160629T0408_eeg,257,2016-06-29 06:15:42.445534+00:00,WAKE
592,258,sub-00047,ses-1,sub-00047_ses-1_task-sleep_acq-20160629T0408_eeg,258,2016-06-29 06:16:12.445534+00:00,WAKE
593,259,sub-00047,ses-1,sub-00047_ses-1_task-sleep_acq-20160629T0408_eeg,259,2016-06-29 06:16:42.445534+00:00,WAKE
594,260,sub-00047,ses-1,sub-00047_ses-1_task-sleep_acq-20160629T0408_eeg,260,2016-06-29 06:17:12.445534+00:00,WAKE
595,261,sub-00047,ses-1,sub-00047_ses-1_task-sleep_acq-20160629T0408_eeg,261,2016-06-29 06:17:42.445534+00:00,WAKE
596,262,sub-00047,ses-1,sub-00047_ses-1_task-sleep_acq-20160629T0408_eeg,262,2016-06-29 06:18:12.445534+00:00,WAKE
597,263,sub-00047,ses-1,sub-00047_ses-1_task-sleep_acq-20160629T0408_eeg,263,2016-06-29 06:18:42.445534+00:00,WAKE
598,264,sub-00047,ses-1,sub-00047_ses-1_task-sleep_acq-20160629T0408_eeg,264,2016-06-29 06:19:12.445534+00:00,WAKE
599,265,sub-00047,ses-1,sub-00047_ses-1_task-sleep_acq-20160629T0408_eeg,265,2016-06-29 06:19:42.445534+00:00,WAKE
600,266,sub-00047,ses-1,sub-00047_ses-1_task-sleep_acq-20160629T0408_eeg,266,2016-06-29 06:20:12.445534+00:00,WAKE
601,267,sub-00047,ses-1,sub-00047_ses-1_task-sleep_acq-20160629T0408_eeg,267,2016-06-29 06:20:42.445534+00:00,WAKE
602,268,sub-00047,ses-1,sub-00047_ses-1_task-sleep_acq-20160629T0408_eeg,268,2016-06-29 06:21:12.445534+00:00,WAKE
603,269,sub-00047,ses-1,sub-00047_ses-1_task-sleep_acq-20160629T0408_eeg,269,2016-06-29 06:21:42.445534+00:00,WAKE
604,270,sub-00047,ses-1,sub-00047_ses-1_task-sleep_acq-20160629T0408_eeg,270,2016-06-29 06:22:12.445534+00:00,WAKE
605,271,sub-00047,ses-1,sub-00047_ses-1_task-sleep_acq-20160629T0408_eeg,271,2016-06-29 06:22:42.445534+00:00,WAKE
606,272,sub-00047,ses-1,sub-00047_ses-1_task-sleep_acq-20160629T0408_eeg,272,2016-06-29 06:23:12.445534+00:00,WAKE
607,273,sub-00047,ses-1,sub-00047_ses-1_task-sleep_acq-20160629T0408_eeg,273,2016-06-29 06:23:42.445534+00:00,WAKE
608,274,sub-00047,ses-1,sub-00047_ses-1_task-sleep_acq-20160629T0408_eeg,274,2016-06-29 06:24:12.445534+00:00,WAKE
609,275,sub-00047,ses-1,sub-00047_ses-1_task-sleep_acq-20160629T0408_eeg,275,2016-06-29 06:24:42.445534+00:00,WAKE
610,276,sub-00047,ses-1,sub-00047_ses-1_task-sleep_acq-20160629T0408_eeg,276,2016-06-29 06:25:12.445534+00:00,WAKE
611,277,sub-00047,ses-1,sub-00047_ses-1_task-sleep_acq-20160629T0408_eeg,277,2016-06-29 06:25:42.445534+00:00,WAKE
612,278,sub-00047,ses-1,sub-00047_ses-1_task-sleep_acq-20160629T0408_eeg,278,2016-06-29 06:26:12.445534+00:00,WAKE
613,279,sub-00047,ses-1,sub-00047_ses-1_task-sleep_acq-20160629T0408_eeg,279,2016-06-29 06:26:42.445534+00:00,WAKE
614,280,sub-00047,ses-1,sub-00047_ses-1_task-sleep_acq-20160629T0408_eeg,280,2016-06-29 06:27:12.445534+00:00,WAKE
615,281,sub-00047,ses-1,sub-00047_ses-1_task-sleep_acq-20160629T0408_eeg,281,2016-06-29 06:27:42.445534+00:00,WAKE
616,282,sub-00047,ses-1,sub-00047_ses-1_task-sleep_acq-20160629T0408_eeg,282,2016-06-29 06:28:12.445534+00:00,WAKE
617,283,sub-00047,ses-1,sub-00047_ses-1_task-sleep_acq-20160629T0408_eeg,283,2016-06-29 06:28:42.445534+00:00,WAKE
618,284,sub-00047,ses-1,sub-00047_ses-1_task-sleep_acq-20160629T0408_eeg,284,2016-06-29 06:29:12.445534+00:00,WAKE
619,285,sub-00047,ses-1,sub-00047_ses-1_task-sleep_acq-20160629T0408_eeg,285,2016-06-29 06:29:42.445534+00:00,WAKE
620,286,sub-00047,ses-1,sub-00047_ses-1_task-sleep_acq-20160629T0408_eeg,286,2016-06-29 06:30:12.445534+00:00,WAKE
621,287,sub-00047,ses-1,sub-00047_ses-1_task-sleep_acq-20160629T0408_eeg,287,2016-06-29 06:30:42.445534+00:00,WAKE
622,288,sub-00047,ses-1,sub-00047_ses-1_task-sleep_acq-20160629T0408_eeg,288,2016-06-29 06:31:12.445534+00:00,WAKE
623,289,sub-00047,ses-1,sub-00047_ses-1_task-sleep_acq-20160629T0408_eeg,289,2016-06-29 06:31:42.445534+00:00,WAKE
624,290,sub-00047,ses-1,sub-00047_ses-1_task-sleep_acq-20160629T0408_eeg,290,2016-06-29 06:32:12.445534+00:00,WAKE
625,291,sub-00047,ses-1,sub-00047_ses-1_task-sleep_acq-20160629T0408_eeg,291,2016-06-29 06:32:42.445534+00:00,WAKE
626,292,sub-00047,ses-1,sub-00047_ses-1_task-sleep_acq-20160629T0408_eeg,292,2016-06-29 06:33:12.445534+00:00,WAKE
627,293,sub-00047,ses-1,sub-00047_ses-1_task-sleep_acq-20160629T0408_eeg,293,2016-06-29 06:33:42.445534+00:00,WAKE
628,294,sub-00047,ses-1,sub-00047_ses-1_task-sleep_acq-20160629T0408_eeg,294,2016-06-29 06:34:12.445534+00:00,WAKE
629,295,sub-00047,ses-1,sub-00047_ses-1_task-sleep_acq-20160629T0408_eeg,295,2016-06-29 06:34:42.445534+00:00,WAKE
630,296,sub-00047,ses-1,sub-00047_ses-1_task-sleep_acq-20160629T0408_eeg,296,2016-06-29 06:35:12.445534+00:00,WAKE
631,297,sub-00047,ses-1,sub-00047_ses-1_task-sleep_acq-20160629T0408_eeg,297,2016-06-29 06:35:42.445534+00:00,WAKE
632,298,sub-00047,ses-1,sub-00047_ses-1_task-sleep_acq-20160629T0408_eeg,298,2016-06-29 06:36:12.445534+00:00,WAKE
633,299,sub-00047,ses-1,sub-00047_ses-1_task-sleep_acq-20160629T0408_eeg,299,2016-06-29 06:36:42.445534+00:00,WAKE
634,300,sub-00047,ses-1,sub-00047_ses-1_task-sleep_acq-20160629T0408_eeg,300,2016-06-29 06:37:12.445534+00:00,WAKE
635,301,sub-00047,ses-1,sub-00047_ses-1_task-sleep_acq-20160629T0408_eeg,301,2016-06-29 06:37:42.445534+00:00,WAKE
636,302,sub-00047,ses-1,sub-00047_ses-1_task-sleep_acq-20160629T0408_eeg,302,2016-06-29 06:38:12.445534+00:00,WAKE
637,303,sub-00047,ses-1,sub-00047_ses-1_task-sleep_acq-20160629T0408_eeg,303,2016-06-29 06:38:42.445534+00:00,WAKE
638,304,sub-00047,ses-1,sub-00047_ses-1_task-sleep_acq-20160629T0408_eeg,304,2016-06-29 06:39:12.445534+00:00,WAKE
639,305,sub-00047,ses-1,sub-00047_ses-1_task-sleep_acq-20160629T0408_eeg,305,2016-06-29 06:39:42.445534+00:00,WAKE
640,306,sub-00047,ses-1,sub-00047_ses-1_task-sleep_acq-20160629T0408_eeg,306,2016-06-29 06:40:12.445534+00:00,WAKE
641,307,sub-00047,ses-1,sub-00047_ses-1_task-sleep_acq-20160629T0408_eeg,307,2016-06-29 06:40:42.445534+00:00,WAKE
642,308,sub-00047,ses-1,sub-00047_ses-1_task-sleep_acq-20160629T0408_eeg,308,2016-06-29 06:41:12.445534+00:00,WAKE
643,309,sub-00047,ses-1,sub-00047_ses-1_task-sleep_acq-20160629T0408_eeg,309,2016-06-29 06:41:42.445534+00:00,WAKE
644,310,sub-00047,ses-1,sub-00047_ses-1_task-sleep_acq-20160629T0408_eeg,310,2016-06-29 06:42:12.445534+00:00,WAKE
645,311,sub-00047,ses-1,sub-00047_ses-1_task-sleep_acq-20160629T0408_eeg,311,2016-06-29 06:42:42.445534+00:00,WAKE
646,312,sub-00047,ses-1,sub-00047_ses-1_task-sleep_acq-20160629T0408_eeg,312,2016-06-29 06:43:12.445534+00:00,WAKE
647,313,sub-00047,ses-1,sub-00047_ses-1_task-sleep_acq-20160629T0408_eeg,313,2016-06-29 06:43:42.445534+00:00,WAKE
648,314,sub-00047,ses-1,sub-00047_ses-1_task-sleep_acq-20160629T0408_eeg,314,2016-06-29 06:44:12.445534+00:00,WAKE
649,315,sub-00047,ses-1,sub-00047_ses-1_task-sleep_acq-20160629T0408_eeg,315,2016-06-29 06:44:42.445534+00:00,WAKE
650,316,sub-00047,ses-1,sub-00047_ses-1_task-sleep_acq-20160629T0408_eeg,316,2016-06-29 06:45:12.445534+00:00,WAKE
651,317,sub-00047,ses-1,sub-00047_ses-1_task-sleep_acq-20160629T0408_eeg,317,2016-06-29 06:45:42.445534+00:00,WAKE
652,318,sub-00047,ses-1,sub-00047_ses-1_task-sleep_acq-20160629T0408_eeg,318,2016-06-29 06:46:12.445534+00:00,WAKE
653,319,sub-00047,ses-1,sub-00047_ses-1_task-sleep_acq-20160629T0408_eeg,319,2016-06-29 06:46:42.445534+00:00,WAKE
654,320,sub-00047,ses-1,sub-00047_ses-1_task-sleep_acq-20160629T0408_eeg,320,2016-06-29 06:47:12.445534+00:00,WAKE
655,321,sub-00047,ses-1,sub-00047_ses-1_task-sleep_acq-20160629T0408_eeg,321,2016-06-29 06:47:42.445534+00:00,WAKE
656,322,sub-00047,ses-1,sub-00047_ses-1_task-sleep_acq-20160629T0408_eeg,322,2016-06-29 06:48:12.445534+00:00,WAKE
657,323,sub-00047,ses-1,sub-00047_ses-1_task-sleep_acq-20160629T0408_eeg,323,2016-06-29 06:48:42.445534+00:00,WAKE
658,0,sub-00047,ses-2,sub-00047_ses-2_task-sleep_acq-20160630T0000_eeg,0,2016-06-29 23:54:01.016756+00:00,WAKE
659,1,sub-00047,ses-2,sub-00047_ses-2_task-sleep_acq-20160630T0000_eeg,1,2016-06-29 23:54:31.016756+00:00,WAKE
660,2,sub-00047,ses-2,sub-00047_ses-2_task-sleep_acq-20160630T0000_eeg,2,2016-06-29 23:55:01.016756+00:00,WAKE
661,3,sub-00047,ses-2,sub-00047_ses-2_task-sleep_acq-20160630T0000_eeg,3,2016-06-29 23:55:31.016756+00:00,WAKE
662,4,sub-00047,ses-2,sub-00047_ses-2_task-sleep_acq-20160630T0000_eeg,4,2016-06-29 23:56:01.016756+00:00,WAKE
663,5,sub-00047,ses-2,sub-00047_ses-2_task-sleep_acq-20160630T0000_eeg,5,2016-06-29 23:56:31.016756+00:00,N3
664,6,sub-00047,ses-2,sub-00047_ses-2_task-sleep_acq-20160630T0000_eeg,6,2016-06-29 23:57:01.016756+00:00,WAKE
665,7,sub-00047,ses-2,sub-00047_ses-2_task-sleep_acq-20160630T0000_eeg,7,2016-06-29 23:57:31.016756+00:00,N3
666,8,sub-00047,ses-2,sub-00047_ses-2_task-sleep_acq-20160630T0000_eeg,8,2016-06-29 23:58:01.016756+00:00,N3
667,9,sub-00047,ses-2,sub-00047_ses-2_task-sleep_acq-20160630T0000_eeg,9,2016-06-29 23:58:31.016756+00:00,WAKE
668,10,sub-00047,ses-2,sub-00047_ses-2_task-sleep_acq-20160630T0000_eeg,10,2016-06-29 23:59:01.016756+00:00,N3
669,11,sub-00047,ses-2,sub-00047_ses-2_task-sleep_acq-20160630T0000_eeg,11,2016-06-29 23:59:31.016756+00:00,N3
670,12,sub-00047,ses-2,sub-00047_ses-2_task-sleep_acq-20160630T0000_eeg,12,2016-06-30 00:00:01.016756+00:00,N2
671,13,sub-00047,ses-2,sub-00047_ses-2_task-sleep_acq-20160630T0000_eeg,13,2016-06-30 00:00:31.016756+00:00,WAKE
672,14,sub-00047,ses-2,sub-00047_ses-2_task-sleep_acq-20160630T0000_eeg,14,2016-06-30 00:01:01.016756+00:00,WAKE
673,15,sub-00047,ses-2,sub-00047_ses-2_task-sleep_acq-20160630T0000_eeg,15,2016-06-30 00:01:31.016756+00:00,WAKE
674,16,sub-00047,ses-2,sub-00047_ses-2_task-sleep_acq-20160630T0000_eeg,16,2016-06-30 00:02:01.016756+00:00,WAKE
675,17,sub-00047,ses-2,sub-00047_ses-2_task-sleep_acq-20160630T0000_eeg,17,2016-06-30 00:02:31.016756+00:00,WAKE
676,18,sub-00047,ses-2,sub-00047_ses-2_task-sleep_acq-20160630T0000_eeg,18,2016-06-30 00:03:01.016756+00:00,WAKE
677,19,sub-00047,ses-2,sub-00047_ses-2_task-sleep_acq-20160630T0000_eeg,19,2016-06-30 00:03:31.016756+00:00,WAKE
678,20,sub-00047,ses-2,sub-00047_ses-2_task-sleep_acq-20160630T0000_eeg,20,2016-06-30 00:04:01.016756+00:00,WAKE
679,21,sub-00047,ses-2,sub-00047_ses-2_task-sleep_acq-20160630T0000_eeg,21,2016-06-30 00:04:31.016756+00:00,WAKE
680,22,sub-00047,ses-2,sub-00047_ses-2_task-sleep_acq-20160630T0000_eeg,22,2016-06-30 00:05:01.016756+00:00,WAKE
681,23,sub-00047,ses-2,sub-00047_ses-2_task-sleep_acq-20160630T0000_eeg,23,2016-06-30 00:05:31.016756+00:00,WAKE
682,24,sub-00047,ses-2,sub-00047_ses-2_task-sleep_acq-20160630T0000_eeg,24,2016-06-30 00:06:01.016756+00:00,N2
683,25,sub-00047,ses-2,sub-00047_ses-2_task-sleep_acq-20160630T0000_eeg,25,2016-06-30 00:06:31.016756+00:00,WAKE
684,26,sub-00047,ses-2,sub-00047_ses-2_task-sleep_acq-20160630T0000_eeg,26,2016-06-30 00:07:01.016756+00:00,WAKE
685,27,sub-00047,ses-2,sub-00047_ses-2_task-sleep_acq-20160630T0000_eeg,27,2016-06-30 00:07:31.016756+00:00,WAKE
686,28,sub-00047,ses-2,sub-00047_ses-2_task-sleep_acq-20160630T0000_eeg,28,2016-06-30 00:08:01.016756+00:00,WAKE
687,29,sub-00047,ses-2,sub-00047_ses-2_task-sleep_acq-20160630T0000_eeg,29,2016-06-30 00:08:31.016756+00:00,WAKE
688,30,sub-00047,ses-2,sub-00047_ses-2_task-sleep_acq-20160630T0000_eeg,30,2016-06-30 00:09:01.016756+00:00,WAKE
689,31,sub-00047,ses-2,sub-00047_ses-2_task-sleep_acq-20160630T0000_eeg,31,2016-06-30 00:09:31.016756+00:00,WAKE
690,32,sub-00047,ses-2,sub-00047_ses-2_task-sleep_acq-20160630T0000_eeg,32,2016-06-30 00:10:01.016756+00:00,WAKE
691,33,sub-00047,ses-2,sub-00047_ses-2_task-sleep_acq-20160630T0000_eeg,33,2016-06-30 00:10:31.016756+00:00,WAKE
692,34,sub-00047,ses-2,sub-00047_ses-2_task-sleep_acq-20160630T0000_eeg,34,2016-06-30 00:11:01.016756+00:00,WAKE
693,35,sub-00047,ses-2,sub-00047_ses-2_task-sleep_acq-20160630T0000_eeg,35,2016-06-30 00:11:31.016756+00:00,WAKE
694,36,sub-00047,ses-2,sub-00047_ses-2_task-sleep_acq-20160630T0000_eeg,36,2016-06-30 00:12:01.016756+00:00,WAKE
695,37,sub-00047,ses-2,sub-00047_ses-2_task-sleep_acq-20160630T0000_eeg,37,2016-06-30 00:12:31.016756+00:00,WAKE
696,38,sub-00047,ses-2,sub-00047_ses-2_task-sleep_acq-20160630T0000_eeg,38,2016-06-30 00:13:01.016756+00:00,WAKE
697,39,sub-00047,ses-2,sub-00047_ses-2_task-sleep_acq-20160630T0000_eeg,39,2016-06-30 00:13:31.016756+00:00,WAKE
698,40,sub-00047,ses-2,sub-00047_ses-2_task-sleep_acq-20160630T0000_eeg,40,2016-06-30 00:14:01.016756+00:00,WAKE
699,41,sub-00047,ses-2,sub-00047_ses-2_task-sleep_acq-20160630T0000_eeg,41,2016-06-30 00:14:31.016756+00:00,WAKE
700,42,sub-00047,ses-2,sub-00047_ses-2_task-sleep_acq-20160630T0000_eeg,42,2016-06-30 00:15:01.016756+00:00,WAKE
701,43,sub-00047,ses-2,sub-00047_ses-2_task-sleep_acq-20160630T0000_eeg,43,2016-06-30 00:15:31.016756+00:00,N2
702,44,sub-00047,ses-2,sub-00047_ses-2_task-sleep_acq-20160630T0000_eeg,44,2016-06-30 00:16:01.016756+00:00,WAKE
703,45,sub-00047,ses-2,sub-00047_ses-2_task-sleep_acq-20160630T0000_eeg,45,2016-06-30 00:16:31.016756+00:00,N2
704,46,sub-00047,ses-2,sub-00047_ses-2_task-sleep_acq-20160630T0000_eeg,46,2016-06-30 00:17:01.016756+00:00,N2
705,47,sub-00047,ses-2,sub-00047_ses-2_task-sleep_acq-20160630T0000_eeg,47,2016-06-30 00:17:31.016756+00:00,N2
706,48,sub-00047,ses-2,sub-00047_ses-2_task-sleep_acq-20160630T0000_eeg,48,2016-06-30 00:18:01.016756+00:00,WAKE
707,49,sub-00047,ses-2,sub-00047_ses-2_task-sleep_acq-20160630T0000_eeg,49,2016-06-30 00:18:31.016756+00:00,WAKE
708,50,sub-00047,ses-2,sub-00047_ses-2_task-sleep_acq-20160630T0000_eeg,50,2016-06-30 00:19:01.016756+00:00,WAKE
709,51,sub-00047,ses-2,sub-00047_ses-2_task-sleep_acq-20160630T0000_eeg,51,2016-06-30 00:19:31.016756+00:00,WAKE
710,52,sub-00047,ses-2,sub-00047_ses-2_task-sleep_acq-20160630T0000_eeg,52,2016-06-30 00:20:01.016756+00:00,WAKE
711,53,sub-00047,ses-2,sub-00047_ses-2_task-sleep_acq-20160630T0000_eeg,53,2016-06-30 00:20:31.016756+00:00,N2
712,54,sub-00047,ses-2,sub-00047_ses-2_task-sleep_acq-20160630T0000_eeg,54,2016-06-30 00:21:01.016756+00:00,WAKE
713,55,sub-00047,ses-2,sub-00047_ses-2_task-sleep_acq-20160630T0000_eeg,55,2016-06-30 00:21:31.016756+00:00,WAKE
714,56,sub-00047,ses-2,sub-00047_ses-2_task-sleep_acq-20160630T0000_eeg,56,2016-06-30 00:22:01.016756+00:00,WAKE
715,57,sub-00047,ses-2,sub-00047_ses-2_task-sleep_acq-20160630T0000_eeg,57,2016-06-30 00:22:31.016756+00:00,WAKE
716,58,sub-00047,ses-2,sub-00047_ses-2_task-sleep_acq-20160630T0000_eeg,58,2016-06-30 00:23:01.016756+00:00,WAKE
717,59,sub-00047,ses-2,sub-00047_ses-2_task-sleep_acq-20160630T0000_eeg,59,2016-06-30 00:23:31.016756+00:00,WAKE
718,60,sub-00047,ses-2,sub-00047_ses-2_task-sleep_acq-20160630T0000_eeg,60,2016-06-30 00:24:01.016756+00:00,WAKE
719,61,sub-00047,ses-2,sub-00047_ses-2_task-sleep_acq-20160630T0000_eeg,61,2016-06-30 00:24:31.016756+00:00,WAKE
720,62,sub-00047,ses-2,sub-00047_ses-2_task-sleep_acq-20160630T0000_eeg,62,2016-06-30 00:25:01.016756+00:00,WAKE
721,63,sub-00047,ses-2,sub-00047_ses-2_task-sleep_acq-20160630T0000_eeg,63,2016-06-30 00:25:31.016756+00:00,WAKE
722,64,sub-00047,ses-2,sub-00047_ses-2_task-sleep_acq-20160630T0000_eeg,64,2016-06-30 00:26:01.016756+00:00,WAKE
723,65,sub-00047,ses-2,sub-00047_ses-2_task-sleep_acq-20160630T0000_eeg,65,2016-06-30 00:26:31.016756+00:00,WAKE
724,66,sub-00047,ses-2,sub-00047_ses-2_task-sleep_acq-20160630T0000_eeg,66,2016-06-30 00:27:01.016756+00:00,WAKE
725,67,sub-00047,ses-2,sub-00047_ses-2_task-sleep_acq-20160630T0000_eeg,67,2016-06-30 00:27:31.016756+00:00,WAKE
726,68,sub-00047,ses-2,sub-00047_ses-2_task-sleep_acq-20160630T0000_eeg,68,2016-06-30 00:28:01.016756+00:00,WAKE
727,0,sub-00047,ses-2,sub-00047_ses-2_task-sleep_acq-20160630T0031_eeg,0,2016-06-30 00:29:04.931957+00:00,WAKE
728,1,sub-00047,ses-2,sub-00047_ses-2_task-sleep_acq-20160630T0031_eeg,1,2016-06-30 00:29:34.931957+00:00,WAKE
729,2,sub-00047,ses-2,sub-00047_ses-2_task-sleep_acq-20160630T0031_eeg,2,2016-06-30 00:30:04.931957+00:00,WAKE
730,3,sub-00047,ses-2,sub-00047_ses-2_task-sleep_acq-20160630T0031_eeg,3,2016-06-30 00:30:34.931957+00:00,WAKE
731,4,sub-00047,ses-2,sub-00047_ses-2_task-sleep_acq-20160630T0031_eeg,4,2016-06-30 00:31:04.931957+00:00,WAKE
732,5,sub-00047,ses-2,sub-00047_ses-2_task-sleep_acq-20160630T0031_eeg,5,2016-06-30 00:31:34.931957+00:00,WAKE
733,6,sub-00047,ses-2,sub-00047_ses-2_task-sleep_acq-20160630T0031_eeg,6,2016-06-30 00:32:04.931957+00:00,WAKE
734,7,sub-00047,ses-2,sub-00047_ses-2_task-sleep_acq-20160630T0031_eeg,7,2016-06-30 00:32:34.931957+00:00,WAKE
735,8,sub-00047,ses-2,sub-00047_ses-2_task-sleep_acq-20160630T0031_eeg,8,2016-06-30 00:33:04.931957+00:00,WAKE
736,9,sub-00047,ses-2,sub-00047_ses-2_task-sleep_acq-20160630T0031_eeg,9,2016-06-30 00:33:34.931957+00:00,WAKE
737,10,sub-00047,ses-2,sub-00047_ses-2_task-sleep_acq-20160630T0031_eeg,10,2016-06-30 00:34:04.931957+00:00,WAKE
738,11,sub-00047,ses-2,sub-00047_ses-2_task-sleep_acq-20160630T0031_eeg,11,2016-06-30 00:34:34.931957+00:00,WAKE
739,12,sub-00047,ses-2,sub-00047_ses-2_task-sleep_acq-20160630T0031_eeg,12,2016-06-30 00:35:04.931957+00:00,WAKE
740,13,sub-00047,ses-2,sub-00047_ses-2_task-sleep_acq-20160630T0031_eeg,13,2016-06-30 00:35:34.931957+00:00,WAKE
741,14,sub-00047,ses-2,sub-00047_ses-2_task-sleep_acq-20160630T0031_eeg,14,2016-06-30 00:36:04.931957+00:00,WAKE
742,15,sub-00047,ses-2,sub-00047_ses-2_task-sleep_acq-20160630T0031_eeg,15,2016-06-30 00:36:34.931957+00:00,WAKE
743,16,sub-00047,ses-2,sub-00047_ses-2_task-sleep_acq-20160630T0031_eeg,16,2016-06-30 00:37:04.931957+00:00,WAKE
744,17,sub-00047,ses-2,sub-00047_ses-2_task-sleep_acq-20160630T0031_eeg,17,2016-06-30 00:37:34.931957+00:00,WAKE
745,18,sub-00047,ses-2,sub-00047_ses-2_task-sleep_acq-20160630T0031_eeg,18,2016-06-30 00:38:04.931957+00:00,WAKE
746,19,sub-00047,ses-2,sub-00047_ses-2_task-sleep_acq-20160630T0031_eeg,19,2016-06-30 00:38:34.931957+00:00,WAKE
747,20,sub-00047,ses-2,sub-00047_ses-2_task-sleep_acq-20160630T0031_eeg,20,2016-06-30 00:39:04.931957+00:00,WAKE
748,21,sub-00047,ses-2,sub-00047_ses-2_task-sleep_acq-20160630T0031_eeg,21,2016-06-30 00:39:34.931957+00:00,WAKE
749,22,sub-00047,ses-2,sub-00047_ses-2_task-sleep_acq-20160630T0031_eeg,22,2016-06-30 00:40:04.931957+00:00,WAKE
750,23,sub-00047,ses-2,sub-00047_ses-2_task-sleep_acq-20160630T0031_eeg,23,2016-06-30 00:40:34.931957+00:00,WAKE
751,24,sub-00047,ses-2,sub-00047_ses-2_task-sleep_acq-20160630T0031_eeg,24,2016-06-30 00:41:04.931957+00:00,WAKE
752,25,sub-00047,ses-2,sub-00047_ses-2_task-sleep_acq-20160630T0031_eeg,25,2016-06-30 00:41:34.931957+00:00,WAKE
753,26,sub-00047,ses-2,sub-00047_ses-2_task-sleep_acq-20160630T0031_eeg,26,2016-06-30 00:42:04.931957+00:00,WAKE
754,27,sub-00047,ses-2,sub-00047_ses-2_task-sleep_acq-20160630T0031_eeg,27,2016-06-30 00:42:34.931957+00:00,WAKE
755,28,sub-00047,ses-2,sub-00047_ses-2_task-sleep_acq-20160630T0031_eeg,28,2016-06-30 00:43:04.931957+00:00,WAKE
756,29,sub-00047,ses-2,sub-00047_ses-2_task-sleep_acq-20160630T0031_eeg,29,2016-06-30 00:43:34.931957+00:00,WAKE
757,30,sub-00047,ses-2,sub-00047_ses-2_task-sleep_acq-20160630T0031_eeg,30,2016-06-30 00:44:04.931957+00:00,WAKE
758,31,sub-00047,ses-2,sub-00047_ses-2_task-sleep_acq-20160630T0031_eeg,31,2016-06-30 00:44:34.931957+00:00,WAKE
759,32,sub-00047,ses-2,sub-00047_ses-2_task-sleep_acq-20160630T0031_eeg,32,2016-06-30 00:45:04.931957+00:00,WAKE
760,33,sub-00047,ses-2,sub-00047_ses-2_task-sleep_acq-20160630T0031_eeg,33,2016-06-30 00:45:34.931957+00:00,WAKE
761,34,sub-00047,ses-2,sub-00047_ses-2_task-sleep_acq-20160630T0031_eeg,34,2016-06-30 00:46:04.931957+00:00,WAKE
762,35,sub-00047,ses-2,sub-00047_ses-2_task-sleep_acq-20160630T0031_eeg,35,2016-06-30 00:46:34.931957+00:00,WAKE
763,36,sub-00047,ses-2,sub-00047_ses-2_task-sleep_acq-20160630T0031_eeg,36,2016-06-30 00:47:04.931957+00:00,WAKE
764,37,sub-00047,ses-2,sub-00047_ses-2_task-sleep_acq-20160630T0031_eeg,37,2016-06-30 00:47:34.931957+00:00,WAKE
765,38,sub-00047,ses-2,sub-00047_ses-2_task-sleep_acq-20160630T0031_eeg,38,2016-06-30 00:48:04.931957+00:00,WAKE
766,39,sub-00047,ses-2,sub-00047_ses-2_task-sleep_acq-20160630T0031_eeg,39,2016-06-30 00:48:34.931957+00:00,WAKE
767,40,sub-00047,ses-2,sub-00047_ses-2_task-sleep_acq-20160630T0031_eeg,40,2016-06-30 00:49:04.931957+00:00,WAKE
768,41,sub-00047,ses-2,sub-00047_ses-2_task-sleep_acq-20160630T0031_eeg,41,2016-06-30 00:49:34.931957+00:00,N2
769,42,sub-00047,ses-2,sub-00047_ses-2_task-sleep_acq-20160630T0031_eeg,42,2016-06-30 00:50:04.931957+00:00,N2
770,43,sub-00047,ses-2,sub-00047_ses-2_task-sleep_acq-20160630T0031_eeg,43,2016-06-30 00:50:34.931957+00:00,WAKE
771,44,sub-00047,ses-2,sub-00047_ses-2_task-sleep_acq-20160630T0031_eeg,44,2016-06-30 00:51:04.931957+00:00,WAKE
772,45,sub-00047,ses-2,sub-00047_ses-2_task-sleep_acq-20160630T0031_eeg,45,2016-06-30 00:51:34.931957+00:00,WAKE
773,46,sub-00047,ses-2,sub-00047_ses-2_task-sleep_acq-20160630T0031_eeg,46,2016-06-30 00:52:04.931957+00:00,WAKE
774,47,sub-00047,ses-2,sub-00047_ses-2_task-sleep_acq-20160630T0031_eeg,47,2016-06-30 00:52:34.931957+00:00,N2
775,48,sub-00047,ses-2,sub-00047_ses-2_task-sleep_acq-20160630T0031_eeg,48,2016-06-30 00:53:04.931957+00:00,N2
776,49,sub-00047,ses-2,sub-00047_ses-2_task-sleep_acq-20160630T0031_eeg,49,2016-06-30 00:53:34.931957+00:00,N2
777,50,sub-00047,ses-2,sub-00047_ses-2_task-sleep_acq-20160630T0031_eeg,50,2016-06-30 00:54:04.931957+00:00,N2
778,51,sub-00047,ses-2,sub-00047_ses-2_task-sleep_acq-20160630T0031_eeg,51,2016-06-30 00:54:34.931957+00:00,N2
779,52,sub-00047,ses-2,sub-00047_ses-2_task-sleep_acq-20160630T0031_eeg,52,2016-06-30 00:55:04.931957+00:00,N2
780,53,sub-00047,ses-2,sub-00047_ses-2_task-sleep_acq-20160630T0031_eeg,53,2016-06-30 00:55:34.931957+00:00,N2
781,54,sub-00047,ses-2,sub-00047_ses-2_task-sleep_acq-20160630T0031_eeg,54,2016-06-30 00:56:04.931957+00:00,N2
782,55,sub-00047,ses-2,sub-00047_ses-2_task-sleep_acq-20160630T0031_eeg,55,2016-06-30 00:56:34.931957+00:00,N2
783,56,sub-00047,ses-2,sub-00047_ses-2_task-sleep_acq-20160630T0031_eeg,56,2016-06-30 00:57:04.931957+00:00,WAKE
784,57,sub-00047,ses-2,sub-00047_ses-2_task-sleep_acq-20160630T0031_eeg,57,2016-06-30 00:57:34.931957+00:00,N2
785,58,sub-00047,ses-2,sub-00047_ses-2_task-sleep_acq-20160630T0031_eeg,58,2016-06-30 00:58:04.931957+00:00,WAKE
786,59,sub-00047,ses-2,sub-00047_ses-2_task-sleep_acq-20160630T0031_eeg,59,2016-06-30 00:58:34.931957+00:00,WAKE
787,60,sub-00047,ses-2,sub-00047_ses-2_task-sleep_acq-20160630T0031_eeg,60,2016-06-30 00:59:04.931957+00:00,WAKE
788,61,sub-00047,ses-2,sub-00047_ses-2_task-sleep_acq-20160630T0031_eeg,61,2016-06-30 00:59:34.931957+00:00,WAKE
789,62,sub-00047,ses-2,sub-00047_ses-2_task-sleep_acq-20160630T0031_eeg,62,2016-06-30 01:00:04.931957+00:00,WAKE
790,63,sub-00047,ses-2,sub-00047_ses-2_task-sleep_acq-20160630T0031_eeg,63,2016-06-30 01:00:34.931957+00:00,WAKE
791,64,sub-00047,ses-2,sub-00047_ses-2_task-sleep_acq-20160630T0031_eeg,64,2016-06-30 01:01:04.931957+00:00,WAKE
792,65,sub-00047,ses-2,sub-00047_ses-2_task-sleep_acq-20160630T0031_eeg,65,2016-06-30 01:01:34.931957+00:00,WAKE
793,66,sub-00047,ses-2,sub-00047_ses-2_task-sleep_acq-20160630T0031_eeg,66,2016-06-30 01:02:04.931957+00:00,WAKE
794,0,sub-00047,ses-2,sub-00047_ses-2_task-sleep_acq-20160630T0124_eeg,0,2016-06-30 01:23:56.393328+00:00,WAKE
795,1,sub-00047,ses-2,sub-00047_ses-2_task-sleep_acq-20160630T0124_eeg,1,2016-06-30 01:24:26.393328+00:00,WAKE
796,2,sub-00047,ses-2,sub-00047_ses-2_task-sleep_acq-20160630T0124_eeg,2,2016-06-30 01:24:56.393328+00:00,WAKE
797,3,sub-00047,ses-2,sub-00047_ses-2_task-sleep_acq-20160630T0124_eeg,3,2016-06-30 01:25:26.393328+00:00,N1
798,4,sub-00047,ses-2,sub-00047_ses-2_task-sleep_acq-20160630T0124_eeg,4,2016-06-30 01:25:56.393328+00:00,WAKE
799,5,sub-00047,ses-2,sub-00047_ses-2_task-sleep_acq-20160630T0124_eeg,5,2016-06-30 01:26:26.393328+00:00,WAKE
800,6,sub-00047,ses-2,sub-00047_ses-2_task-sleep_acq-20160630T0124_eeg,6,2016-06-30 01:26:56.393328+00:00,WAKE
801,7,sub-00047,ses-2,sub-00047_ses-2_task-sleep_acq-20160630T0124_eeg,7,2016-06-30 01:27:26.393328+00:00,WAKE
802,8,sub-00047,ses-2,sub-00047_ses-2_task-sleep_acq-20160630T0124_eeg,8,2016-06-30 01:27:56.393328+00:00,WAKE
803,9,sub-00047,ses-2,sub-00047_ses-2_task-sleep_acq-20160630T0124_eeg,9,2016-06-30 01:28:26.393328+00:00,WAKE
804,10,sub-00047,ses-2,sub-00047_ses-2_task-sleep_acq-20160630T0124_eeg,10,2016-06-30 01:28:56.393328+00:00,WAKE
805,11,sub-00047,ses-2,sub-00047_ses-2_task-sleep_acq-20160630T0124_eeg,11,2016-06-30 01:29:26.393328+00:00,WAKE
806,12,sub-00047,ses-2,sub-00047_ses-2_task-sleep_acq-20160630T0124_eeg,12,2016-06-30 01:29:56.393328+00:00,WAKE
807,13,sub-00047,ses-2,sub-00047_ses-2_task-sleep_acq-20160630T0124_eeg,13,2016-06-30 01:30:26.393328+00:00,WAKE
808,14,sub-00047,ses-2,sub-00047_ses-2_task-sleep_acq-20160630T0124_eeg,14,2016-06-30 01:30:56.393328+00:00,WAKE
809,15,sub-00047,ses-2,sub-00047_ses-2_task-sleep_acq-20160630T0124_eeg,15,2016-06-30 01:31:26.393328+00:00,WAKE
810,16,sub-00047,ses-2,sub-00047_ses-2_task-sleep_acq-20160630T0124_eeg,16,2016-06-30 01:31:56.393328+00:00,WAKE
811,17,sub-00047,ses-2,sub-00047_ses-2_task-sleep_acq-20160630T0124_eeg,17,2016-06-30 01:32:26.393328+00:00,WAKE
812,18,sub-00047,ses-2,sub-00047_ses-2_task-sleep_acq-20160630T0124_eeg,18,2016-06-30 01:32:56.393328+00:00,WAKE
813,19,sub-00047,ses-2,sub-00047_ses-2_task-sleep_acq-20160630T0124_eeg,19,2016-06-30 01:33:26.393328+00:00,WAKE
814,20,sub-00047,ses-2,sub-00047_ses-2_task-sleep_acq-20160630T0124_eeg,20,2016-06-30 01:33:56.393328+00:00,WAKE
815,21,sub-00047,ses-2,sub-00047_ses-2_task-sleep_acq-20160630T0124_eeg,21,2016-06-30 01:34:26.393328+00:00,WAKE
816,22,sub-00047,ses-2,sub-00047_ses-2_task-sleep_acq-20160630T0124_eeg,22,2016-06-30 01:34:56.393328+00:00,WAKE
817,23,sub-00047,ses-2,sub-00047_ses-2_task-sleep_acq-20160630T0124_eeg,23,2016-06-30 01:35:26.393328+00:00,WAKE
818,24,sub-00047,ses-2,sub-00047_ses-2_task-sleep_acq-20160630T0124_eeg,24,2016-06-30 01:35:56.393328+00:00,WAKE
819,25,sub-00047,ses-2,sub-00047_ses-2_task-sleep_acq-20160630T0124_eeg,25,2016-06-30 01:36:26.393328+00:00,WAKE
820,26,sub-00047,ses-2,sub-00047_ses-2_task-sleep_acq-20160630T0124_eeg,26,2016-06-30 01:36:56.393328+00:00,WAKE
821,27,sub-00047,ses-2,sub-00047_ses-2_task-sleep_acq-20160630T0124_eeg,27,2016-06-30 01:37:26.393328+00:00,WAKE
822,28,sub-00047,ses-2,sub-00047_ses-2_task-sleep_acq-20160630T0124_eeg,28,2016-06-30 01:37:56.393328+00:00,WAKE
823,29,sub-00047,ses-2,sub-00047_ses-2_task-sleep_acq-20160630T0124_eeg,29,2016-06-30 01:38:26.393328+00:00,WAKE
824,30,sub-00047,ses-2,sub-00047_ses-2_task-sleep_acq-20160630T0124_eeg,30,2016-06-30 01:38:56.393328+00:00,WAKE
825,31,sub-00047,ses-2,sub-00047_ses-2_task-sleep_acq-20160630T0124_eeg,31,2016-06-30 01:39:26.393328+00:00,WAKE
826,32,sub-00047,ses-2,sub-00047_ses-2_task-sleep_acq-20160630T0124_eeg,32,2016-06-30 01:39:56.393328+00:00,WAKE
827,33,sub-00047,ses-2,sub-00047_ses-2_task-sleep_acq-20160630T0124_eeg,33,2016-06-30 01:40:26.393328+00:00,WAKE
828,34,sub-00047,ses-2,sub-00047_ses-2_task-sleep_acq-20160630T0124_eeg,34,2016-06-30 01:40:56.393328+00:00,WAKE
829,35,sub-00047,ses-2,sub-00047_ses-2_task-sleep_acq-20160630T0124_eeg,35,2016-06-30 01:41:26.393328+00:00,WAKE
830,36,sub-00047,ses-2,sub-00047_ses-2_task-sleep_acq-20160630T0124_eeg,36,2016-06-30 01:41:56.393328+00:00,WAKE
831,37,sub-00047,ses-2,sub-00047_ses-2_task-sleep_acq-20160630T0124_eeg,37,2016-06-30 01:42:26.393328+00:00,WAKE
832,38,sub-00047,ses-2,sub-00047_ses-2_task-sleep_acq-20160630T0124_eeg,38,2016-06-30 01:42:56.393328+00:00,WAKE
833,39,sub-00047,ses-2,sub-00047_ses-2_task-sleep_acq-20160630T0124_eeg,39,2016-06-30 01:43:26.393328+00:00,WAKE
834,40,sub-00047,ses-2,sub-00047_ses-2_task-sleep_acq-20160630T0124_eeg,40,2016-06-30 01:43:56.393328+00:00,WAKE
835,41,sub-00047,ses-2,sub-00047_ses-2_task-sleep_acq-20160630T0124_eeg,41,2016-06-30 01:44:26.393328+00:00,WAKE
836,42,sub-00047,ses-2,sub-00047_ses-2_task-sleep_acq-20160630T0124_eeg,42,2016-06-30 01:44:56.393328+00:00,WAKE
837,43,sub-00047,ses-2,sub-00047_ses-2_task-sleep_acq-20160630T0124_eeg,43,2016-06-30 01:45:26.393328+00:00,WAKE
838,44,sub-00047,ses-2,sub-00047_ses-2_task-sleep_acq-20160630T0124_eeg,44,2016-06-30 01:45:56.393328+00:00,WAKE
839,45,sub-00047,ses-2,sub-00047_ses-2_task-sleep_acq-20160630T0124_eeg,45,2016-06-30 01:46:26.393328+00:00,WAKE
840,46,sub-00047,ses-2,sub-00047_ses-2_task-sleep_acq-20160630T0124_eeg,46,2016-06-30 01:46:56.393328+00:00,WAKE
841,47,sub-00047,ses-2,sub-00047_ses-2_task-sleep_acq-20160630T0124_eeg,47,2016-06-30 01:47:26.393328+00:00,WAKE
842,48,sub-00047,ses-2,sub-00047_ses-2_task-sleep_acq-20160630T0124_eeg,48,2016-06-30 01:47:56.393328+00:00,WAKE
843,49,sub-00047,ses-2,sub-00047_ses-2_task-sleep_acq-20160630T0124_eeg,49,2016-06-30 01:48:26.393328+00:00,WAKE
844,50,sub-00047,ses-2,sub-00047_ses-2_task-sleep_acq-20160630T0124_eeg,50,2016-06-30 01:48:56.393328+00:00,WAKE
845,51,sub-00047,ses-2,sub-00047_ses-2_task-sleep_acq-20160630T0124_eeg,51,2016-06-30 01:49:26.393328+00:00,WAKE
846,52,sub-00047,ses-2,sub-00047_ses-2_task-sleep_acq-20160630T0124_eeg,52,2016-06-30 01:49:56.393328+00:00,WAKE
847,53,sub-00047,ses-2,sub-00047_ses-2_task-sleep_acq-20160630T0124_eeg,53,2016-06-30 01:50:26.393328+00:00,WAKE
848,54,sub-00047,ses-2,sub-00047_ses-2_task-sleep_acq-20160630T0124_eeg,54,2016-06-30 01:50:56.393328+00:00,WAKE
849,55,sub-00047,ses-2,sub-00047_ses-2_task-sleep_acq-20160630T0124_eeg,55,2016-06-30 01:51:26.393328+00:00,WAKE
850,56,sub-00047,ses-2,sub-00047_ses-2_task-sleep_acq-20160630T0124_eeg,56,2016-06-30 01:51:56.393328+00:00,WAKE
851,57,sub-00047,ses-2,sub-00047_ses-2_task-sleep_acq-20160630T0124_eeg,57,2016-06-30 01:52:26.393328+00:00,WAKE
852,58,sub-00047,ses-2,sub-00047_ses-2_task-sleep_acq-20160630T0124_eeg,58,2016-06-30 01:52:56.393328+00:00,WAKE
853,59,sub-00047,ses-2,sub-00047_ses-2_task-sleep_acq-20160630T0124_eeg,59,2016-06-30 01:53:26.393328+00:00,WAKE
854,0,sub-00047,ses-2,sub-00047_ses-2_task-sleep_acq-20160630T0204_eeg,0,2016-06-30 02:02:09.588097+00:00,WAKE
855,1,sub-00047,ses-2,sub-00047_ses-2_task-sleep_acq-20160630T0204_eeg,1,2016-06-30 02:02:39.588097+00:00,WAKE
856,2,sub-00047,ses-2,sub-00047_ses-2_task-sleep_acq-20160630T0204_eeg,2,2016-06-30 02:03:09.588097+00:00,WAKE
857,3,sub-00047,ses-2,sub-00047_ses-2_task-sleep_acq-20160630T0204_eeg,3,2016-06-30 02:03:39.588097+00:00,WAKE
858,4,sub-00047,ses-2,sub-00047_ses-2_task-sleep_acq-20160630T0204_eeg,4,2016-06-30 02:04:09.588097+00:00,WAKE
859,5,sub-00047,ses-2,sub-00047_ses-2_task-sleep_acq-20160630T0204_eeg,5,2016-06-30 02:04:39.588097+00:00,WAKE
860,6,sub-00047,ses-2,sub-00047_ses-2_task-sleep_acq-20160630T0204_eeg,6,2016-06-30 02:05:09.588097+00:00,WAKE
861,7,sub-00047,ses-2,sub-00047_ses-2_task-sleep_acq-20160630T0204_eeg,7,2016-06-30 02:05:39.588097+00:00,WAKE
862,8,sub-00047,ses-2,sub-00047_ses-2_task-sleep_acq-20160630T0204_eeg,8,2016-06-30 02:06:09.588097+00:00,WAKE
863,9,sub-00047,ses-2,sub-00047_ses-2_task-sleep_acq-20160630T0204_eeg,9,2016-06-30 02:06:39.588097+00:00,WAKE
864,10,sub-00047,ses-2,sub-00047_ses-2_task-sleep_acq-20160630T0204_eeg,10,2016-06-30 02:07:09.588097+00:00,WAKE
865,11,sub-00047,ses-2,sub-00047_ses-2_task-sleep_acq-20160630T0204_eeg,11,2016-06-30 02:07:39.588097+00:00,WAKE
866,12,sub-00047,ses-2,sub-00047_ses-2_task-sleep_acq-20160630T0204_eeg,12,2016-06-30 02:08:09.588097+00:00,WAKE
867,13,sub-00047,ses-2,sub-00047_ses-2_task-sleep_acq-20160630T0204_eeg,13,2016-06-30 02:08:39.588097+00:00,WAKE
868,14,sub-00047,ses-2,sub-00047_ses-2_task-sleep_acq-20160630T0204_eeg,14,2016-06-30 02:09:09.588097+00:00,WAKE
869,15,sub-00047,ses-2,sub-00047_ses-2_task-sleep_acq-20160630T0204_eeg,15,2016-06-30 02:09:39.588097+00:00,WAKE
870,16,sub-00047,ses-2,sub-00047_ses-2_task-sleep_acq-20160630T0204_eeg,16,2016-06-30 02:10:09.588097+00:00,WAKE
871,17,sub-00047,ses-2,sub-00047_ses-2_task-sleep_acq-20160630T0204_eeg,17,2016-06-30 02:10:39.588097+00:00,WAKE
872,18,sub-00047,ses-2,sub-00047_ses-2_task-sleep_acq-20160630T0204_eeg,18,2016-06-30 02:11:09.588097+00:00,WAKE
873,19,sub-00047,ses-2,sub-00047_ses-2_task-sleep_acq-20160630T0204_eeg,19,2016-06-30 02:11:39.588097+00:00,WAKE
874,20,sub-00047,ses-2,sub-00047_ses-2_task-sleep_acq-20160630T0204_eeg,20,2016-06-30 02:12:09.588097+00:00,WAKE
875,21,sub-00047,ses-2,sub-00047_ses-2_task-sleep_acq-20160630T0204_eeg,21,2016-06-30 02:12:39.588097+00:00,WAKE
876,22,sub-00047,ses-2,sub-00047_ses-2_task-sleep_acq-20160630T0204_eeg,22,2016-06-30 02:13:09.588097+00:00,WAKE
877,23,sub-00047,ses-2,sub-00047_ses-2_task-sleep_acq-20160630T0204_eeg,23,2016-06-30 02:13:39.588097+00:00,WAKE
878,24,sub-00047,ses-2,sub-00047_ses-2_task-sleep_acq-20160630T0204_eeg,24,2016-06-30 02:14:09.588097+00:00,WAKE
879,25,sub-00047,ses-2,sub-00047_ses-2_task-sleep_acq-20160630T0204_eeg,25,2016-06-30 02:14:39.588097+00:00,WAKE
880,26,sub-00047,ses-2,sub-00047_ses-2_task-sleep_acq-20160630T0204_eeg,26,2016-06-30 02:15:09.588097+00:00,WAKE
881,27,sub-00047,ses-2,sub-00047_ses-2_task-sleep_acq-20160630T0204_eeg,27,2016-06-30 02:15:39.588097+00:00,WAKE
882,28,sub-00047,ses-2,sub-00047_ses-2_task-sleep_acq-20160630T0204_eeg,28,2016-06-30 02:16:09.588097+00:00,WAKE
883,29,sub-00047,ses-2,sub-00047_ses-2_task-sleep_acq-20160630T0204_eeg,29,2016-06-30 02:16:39.588097+00:00,WAKE
884,30,sub-00047,ses-2,sub-00047_ses-2_task-sleep_acq-20160630T0204_eeg,30,2016-06-30 02:17:09.588097+00:00,WAKE
885,31,sub-00047,ses-2,sub-00047_ses-2_task-sleep_acq-20160630T0204_eeg,31,2016-06-30 02:17:39.588097+00:00,WAKE
886,32,sub-00047,ses-2,sub-00047_ses-2_task-sleep_acq-20160630T0204_eeg,32,2016-06-30 02:18:09.588097+00:00,WAKE
887,33,sub-00047,ses-2,sub-00047_ses-2_task-sleep_acq-20160630T0204_eeg,33,2016-06-30 02:18:39.588097+00:00,WAKE
888,34,sub-00047,ses-2,sub-00047_ses-2_task-sleep_acq-20160630T0204_eeg,34,2016-06-30 02:19:09.588097+00:00,WAKE
889,35,sub-00047,ses-2,sub-00047_ses-2_task-sleep_acq-20160630T0204_eeg,35,2016-06-30 02:19:39.588097+00:00,WAKE
890,36,sub-00047,ses-2,sub-00047_ses-2_task-sleep_acq-20160630T0204_eeg,36,2016-06-30 02:20:09.588097+00:00,WAKE
891,37,sub-00047,ses-2,sub-00047_ses-2_task-sleep_acq-20160630T0204_eeg,37,2016-06-30 02:20:39.588097+00:00,WAKE
892,38,sub-00047,ses-2,sub-00047_ses-2_task-sleep_acq-20160630T0204_eeg,38,2016-06-30 02:21:09.588097+00:00,WAKE
893,39,sub-00047,ses-2,sub-00047_ses-2_task-sleep_acq-20160630T0204_eeg,39,2016-06-30 02:21:39.588097+00:00,WAKE
894,40,sub-00047,ses-2,sub-00047_ses-2_task-sleep_acq-20160630T0204_eeg,40,2016-06-30 02:22:09.588097+00:00,WAKE
895,41,sub-00047,ses-2,sub-00047_ses-2_task-sleep_acq-20160630T0204_eeg,41,2016-06-30 02:22:39.588097+00:00,WAKE
896,42,sub-00047,ses-2,sub-00047_ses-2_task-sleep_acq-20160630T0204_eeg,42,2016-06-30 02:23:09.588097+00:00,WAKE
897,43,sub-00047,ses-2,sub-00047_ses-2_task-sleep_acq-20160630T0204_eeg,43,2016-06-30 02:23:39.588097+00:00,WAKE
898,44,sub-00047,ses-2,sub-00047_ses-2_task-sleep_acq-20160630T0204_eeg,44,2016-06-30 02:24:09.588097+00:00,WAKE
899,45,sub-00047,ses-2,sub-00047_ses-2_task-sleep_acq-20160630T0204_eeg,45,2016-06-30 02:24:39.588097+00:00,WAKE
900,46,sub-00047,ses-2,sub-00047_ses-2_task-sleep_acq-20160630T0204_eeg,46,2016-06-30 02:25:09.588097+00:00,WAKE
901,47,sub-00047,ses-2,sub-00047_ses-2_task-sleep_acq-20160630T0204_eeg,47,2016-06-30 02:25:39.588097+00:00,WAKE
902,48,sub-00047,ses-2,sub-00047_ses-2_task-sleep_acq-20160630T0204_eeg,48,2016-06-30 02:26:09.588097+00:00,WAKE
903,49,sub-00047,ses-2,sub-00047_ses-2_task-sleep_acq-20160630T0204_eeg,49,2016-06-30 02:26:39.588097+00:00,WAKE
904,50,sub-00047,ses-2,sub-00047_ses-2_task-sleep_acq-20160630T0204_eeg,50,2016-06-30 02:27:09.588097+00:00,WAKE
905,51,sub-00047,ses-2,sub-00047_ses-2_task-sleep_acq-20160630T0204_eeg,51,2016-06-30 02:27:39.588097+00:00,WAKE
906,52,sub-00047,ses-2,sub-00047_ses-2_task-sleep_acq-20160630T0204_eeg,52,2016-06-30 02:28:09.588097+00:00,WAKE
907,53,sub-00047,ses-2,sub-00047_ses-2_task-sleep_acq-20160630T0204_eeg,53,2016-06-30 02:28:39.588097+00:00,WAKE
908,54,sub-00047,ses-2,sub-00047_ses-2_task-sleep_acq-20160630T0204_eeg,54,2016-06-30 02:29:09.588097+00:00,WAKE
909,55,sub-00047,ses-2,sub-00047_ses-2_task-sleep_acq-20160630T0204_eeg,55,2016-06-30 02:29:39.588097+00:00,WAKE
910,56,sub-00047,ses-2,sub-00047_ses-2_task-sleep_acq-20160630T0204_eeg,56,2016-06-30 02:30:09.588097+00:00,WAKE
911,57,sub-00047,ses-2,sub-00047_ses-2_task-sleep_acq-20160630T0204_eeg,57,2016-06-30 02:30:39.588097+00:00,WAKE
912,58,sub-00047,ses-2,sub-00047_ses-2_task-sleep_acq-20160630T0204_eeg,58,2016-06-30 02:31:09.588097+00:00,WAKE
913,59,sub-00047,ses-2,sub-00047_ses-2_task-sleep_acq-20160630T0204_eeg,59,2016-06-30 02:31:39.588097+00:00,WAKE
914,60,sub-00047,ses-2,sub-00047_ses-2_task-sleep_acq-20160630T0204_eeg,60,2016-06-30 02:32:09.588097+00:00,WAKE
915,61,sub-00047,ses-2,sub-00047_ses-2_task-sleep_acq-20160630T0204_eeg,61,2016-06-30 02:32:39.588097+00:00,WAKE
916,62,sub-00047,ses-2,sub-00047_ses-2_task-sleep_acq-20160630T0204_eeg,62,2016-06-30 02:33:09.588097+00:00,WAKE
917,63,sub-00047,ses-2,sub-00047_ses-2_task-sleep_acq-20160630T0204_eeg,63,2016-06-30 02:33:39.588097+00:00,WAKE
918,64,sub-00047,ses-2,sub-00047_ses-2_task-sleep_acq-20160630T0204_eeg,64,2016-06-30 02:34:09.588097+00:00,WAKE
919,65,sub-00047,ses-2,sub-00047_ses-2_task-sleep_acq-20160630T0204_eeg,65,2016-06-30 02:34:39.588097+00:00,WAKE
920,66,sub-00047,ses-2,sub-00047_ses-2_task-sleep_acq-20160630T0204_eeg,66,2016-06-30 02:35:09.588097+00:00,WAKE
921,67,sub-00047,ses-2,sub-00047_ses-2_task-sleep_acq-20160630T0204_eeg,67,2016-06-30 02:35:39.588097+00:00,WAKE
922,68,sub-00047,ses-2,sub-00047_ses-2_task-sleep_acq-20160630T0204_eeg,68,2016-06-30 02:36:09.588097+00:00,WAKE
923,69,sub-00047,ses-2,sub-00047_ses-2_task-sleep_acq-20160630T0204_eeg,69,2016-06-30 02:36:39.588097+00:00,WAKE
924,70,sub-00047,ses-2,sub-00047_ses-2_task-sleep_acq-20160630T0204_eeg,70,2016-06-30 02:37:09.588097+00:00,WAKE
925,71,sub-00047,ses-2,sub-00047_ses-2_task-sleep_acq-20160630T0204_eeg,71,2016-06-30 02:37:39.588097+00:00,WAKE
926,72,sub-00047,ses-2,sub-00047_ses-2_task-sleep_acq-20160630T0204_eeg,72,2016-06-30 02:38:09.588097+00:00,WAKE
927,73,sub-00047,ses-2,sub-00047_ses-2_task-sleep_acq-20160630T0204_eeg,73,2016-06-30 02:38:39.588097+00:00,WAKE
928,74,sub-00047,ses-2,sub-00047_ses-2_task-sleep_acq-20160630T0204_eeg,74,2016-06-30 02:39:09.588097+00:00,WAKE
929,75,sub-00047,ses-2,sub-00047_ses-2_task-sleep_acq-20160630T0204_eeg,75,2016-06-30 02:39:39.588097+00:00,WAKE
930,76,sub-00047,ses-2,sub-00047_ses-2_task-sleep_acq-20160630T0204_eeg,76,2016-06-30 02:40:09.588097+00:00,WAKE
931,77,sub-00047,ses-2,sub-00047_ses-2_task-sleep_acq-20160630T0204_eeg,77,2016-06-30 02:40:39.588097+00:00,WAKE
932,78,sub-00047,ses-2,sub-00047_ses-2_task-sleep_acq-20160630T0204_eeg,78,2016-06-30 02:41:09.588097+00:00,WAKE
933,79,sub-00047,ses-2,sub-00047_ses-2_task-sleep_acq-20160630T0204_eeg,79,2016-06-30 02:41:39.588097+00:00,WAKE
934,80,sub-00047,ses-2,sub-00047_ses-2_task-sleep_acq-20160630T0204_eeg,80,2016-06-30 02:42:09.588097+00:00,WAKE
935,81,sub-00047,ses-2,sub-00047_ses-2_task-sleep_acq-20160630T0204_eeg,81,2016-06-30 02:42:39.588097+00:00,WAKE
936,82,sub-00047,ses-2,sub-00047_ses-2_task-sleep_acq-20160630T0204_eeg,82,2016-06-30 02:43:09.588097+00:00,WAKE
937,83,sub-00047,ses-2,sub-00047_ses-2_task-sleep_acq-20160630T0204_eeg,83,2016-06-30 02:43:39.588097+00:00,WAKE
938,84,sub-00047,ses-2,sub-00047_ses-2_task-sleep_acq-20160630T0204_eeg,84,2016-06-30 02:44:09.588097+00:00,WAKE
939,85,sub-00047,ses-2,sub-00047_ses-2_task-sleep_acq-20160630T0204_eeg,85,2016-06-30 02:44:39.588097+00:00,WAKE
940,86,sub-00047,ses-2,sub-00047_ses-2_task-sleep_acq-20160630T0204_eeg,86,2016-06-30 02:45:09.588097+00:00,WAKE
941,87,sub-00047,ses-2,sub-00047_ses-2_task-sleep_acq-20160630T0204_eeg,87,2016-06-30 02:45:39.588097+00:00,WAKE
942,88,sub-00047,ses-2,sub-00047_ses-2_task-sleep_acq-20160630T0204_eeg,88,2016-06-30 02:46:09.588097+00:00,WAKE
943,89,sub-00047,ses-2,sub-00047_ses-2_task-sleep_acq-20160630T0204_eeg,89,2016-06-30 02:46:39.588097+00:00,WAKE
944,90,sub-00047,ses-2,sub-00047_ses-2_task-sleep_acq-20160630T0204_eeg,90,2016-06-30 02:47:09.588097+00:00,WAKE
945,91,sub-00047,ses-2,sub-00047_ses-2_task-sleep_acq-20160630T0204_eeg,91,2016-06-30 02:47:39.588097+00:00,WAKE
946,92,sub-00047,ses-2,sub-00047_ses-2_task-sleep_acq-20160630T0204_eeg,92,2016-06-30 02:48:09.588097+00:00,WAKE
947,93,sub-00047,ses-2,sub-00047_ses-2_task-sleep_acq-20160630T0204_eeg,93,2016-06-30 02:48:39.588097+00:00,WAKE
948,94,sub-00047,ses-2,sub-00047_ses-2_task-sleep_acq-20160630T0204_eeg,94,2016-06-30 02:49:09.588097+00:00,WAKE
949,95,sub-00047,ses-2,sub-00047_ses-2_task-sleep_acq-20160630T0204_eeg,95,2016-06-30 02:49:39.588097+00:00,WAKE
950,96,sub-00047,ses-2,sub-00047_ses-2_task-sleep_acq-20160630T0204_eeg,96,2016-06-30 02:50:09.588097+00:00,WAKE
951,97,sub-00047,ses-2,sub-00047_ses-2_task-sleep_acq-20160630T0204_eeg,97,2016-06-30 02:50:39.588097+00:00,WAKE
952,98,sub-00047,ses-2,sub-00047_ses-2_task-sleep_acq-20160630T0204_eeg,98,2016-06-30 02:51:09.588097+00:00,WAKE
953,99,sub-00047,ses-2,sub-00047_ses-2_task-sleep_acq-20160630T0204_eeg,99,2016-06-30 02:51:39.588097+00:00,WAKE
954,100,sub-00047,ses-2,sub-00047_ses-2_task-sleep_acq-20160630T0204_eeg,100,2016-06-30 02:52:09.588097+00:00,WAKE
955,101,sub-00047,ses-2,sub-00047_ses-2_task-sleep_acq-20160630T0204_eeg,101,2016-06-30 02:52:39.588097+00:00,WAKE
956,102,sub-00047,ses-2,sub-00047_ses-2_task-sleep_acq-20160630T0204_eeg,102,2016-06-30 02:53:09.588097+00:00,WAKE
957,103,sub-00047,ses-2,sub-00047_ses-2_task-sleep_acq-20160630T0204_eeg,103,2016-06-30 02:53:39.588097+00:00,WAKE
958,104,sub-00047,ses-2,sub-00047_ses-2_task-sleep_acq-20160630T0204_eeg,104,2016-06-30 02:54:09.588097+00:00,WAKE
959,105,sub-00047,ses-2,sub-00047_ses-2_task-sleep_acq-20160630T0204_eeg,105,2016-06-30 02:54:39.588097+00:00,WAKE
960,106,sub-00047,ses-2,sub-00047_ses-2_task-sleep_acq-20160630T0204_eeg,106,2016-06-30 02:55:09.588097+00:00,WAKE
961,107,sub-00047,ses-2,sub-00047_ses-2_task-sleep_acq-20160630T0204_eeg,107,2016-06-30 02:55:39.588097+00:00,WAKE
962,108,sub-00047,ses-2,sub-00047_ses-2_task-sleep_acq-20160630T0204_eeg,108,2016-06-30 02:56:09.588097+00:00,WAKE
963,109,sub-00047,ses-2,sub-00047_ses-2_task-sleep_acq-20160630T0204_eeg,109,2016-06-30 02:56:39.588097+00:00,WAKE
964,110,sub-00047,ses-2,sub-00047_ses-2_task-sleep_acq-20160630T0204_eeg,110,2016-06-30 02:57:09.588097+00:00,WAKE
965,111,sub-00047,ses-2,sub-00047_ses-2_task-sleep_acq-20160630T0204_eeg,111,2016-06-30 02:57:39.588097+00:00,WAKE
966,112,sub-00047,ses-2,sub-00047_ses-2_task-sleep_acq-20160630T0204_eeg,112,2016-06-30 02:58:09.588097+00:00,WAKE
967,113,sub-00047,ses-2,sub-00047_ses-2_task-sleep_acq-20160630T0204_eeg,113,2016-06-30 02:58:39.588097+00:00,WAKE
968,114,sub-00047,ses-2,sub-00047_ses-2_task-sleep_acq-20160630T0204_eeg,114,2016-06-30 02:59:09.588097+00:00,WAKE
969,115,sub-00047,ses-2,sub-00047_ses-2_task-sleep_acq-20160630T0204_eeg,115,2016-06-30 02:59:39.588097+00:00,WAKE
970,116,sub-00047,ses-2,sub-00047_ses-2_task-sleep_acq-20160630T0204_eeg,116,2016-06-30 03:00:09.588097+00:00,WAKE
971,117,sub-00047,ses-2,sub-00047_ses-2_task-sleep_acq-20160630T0204_eeg,117,2016-06-30 03:00:39.588097+00:00,WAKE
972,118,sub-00047,ses-2,sub-00047_ses-2_task-sleep_acq-20160630T0204_eeg,118,2016-06-30 03:01:09.588097+00:00,WAKE
973,119,sub-00047,ses-2,sub-00047_ses-2_task-sleep_acq-20160630T0204_eeg,119,2016-06-30 03:01:39.588097+00:00,WAKE
974,120,sub-00047,ses-2,sub-00047_ses-2_task-sleep_acq-20160630T0204_eeg,120,2016-06-30 03:02:09.588097+00:00,WAKE
975,121,sub-00047,ses-2,sub-00047_ses-2_task-sleep_acq-20160630T0204_eeg,121,2016-06-30 03:02:39.588097+00:00,WAKE
976,122,sub-00047,ses-2,sub-00047_ses-2_task-sleep_acq-20160630T0204_eeg,122,2016-06-30 03:03:09.588097+00:00,WAKE
977,123,sub-00047,ses-2,sub-00047_ses-2_task-sleep_acq-20160630T0204_eeg,123,2016-06-30 03:03:39.588097+00:00,WAKE
978,124,sub-00047,ses-2,sub-00047_ses-2_task-sleep_acq-20160630T0204_eeg,124,2016-06-30 03:04:09.588097+00:00,WAKE
979,125,sub-00047,ses-2,sub-00047_ses-2_task-sleep_acq-20160630T0204_eeg,125,2016-06-30 03:04:39.588097+00:00,WAKE
980,126,sub-00047,ses-2,sub-00047_ses-2_task-sleep_acq-20160630T0204_eeg,126,2016-06-30 03:05:09.588097+00:00,WAKE
981,127,sub-00047,ses-2,sub-00047_ses-2_task-sleep_acq-20160630T0204_eeg,127,2016-06-30 03:05:39.588097+00:00,WAKE
982,128,sub-00047,ses-2,sub-00047_ses-2_task-sleep_acq-20160630T0204_eeg,128,2016-06-30 03:06:09.588097+00:00,WAKE
983,129,sub-00047,ses-2,sub-00047_ses-2_task-sleep_acq-20160630T0204_eeg,129,2016-06-30 03:06:39.588097+00:00,WAKE
984,130,sub-00047,ses-2,sub-00047_ses-2_task-sleep_acq-20160630T0204_eeg,130,2016-06-30 03:07:09.588097+00:00,WAKE
985,131,sub-00047,ses-2,sub-00047_ses-2_task-sleep_acq-20160630T0204_eeg,131,2016-06-30 03:07:39.588097+00:00,WAKE
986,132,sub-00047,ses-2,sub-00047_ses-2_task-sleep_acq-20160630T0204_eeg,132,2016-06-30 03:08:09.588097+00:00,WAKE
987,133,sub-00047,ses-2,sub-00047_ses-2_task-sleep_acq-20160630T0204_eeg,133,2016-06-30 03:08:39.588097+00:00,WAKE
988,134,sub-00047,ses-2,sub-00047_ses-2_task-sleep_acq-20160630T0204_eeg,134,2016-06-30 03:09:09.588097+00:00,WAKE
989,135,sub-00047,ses-2,sub-00047_ses-2_task-sleep_acq-20160630T0204_eeg,135,2016-06-30 03:09:39.588097+00:00,WAKE
990,136,sub-00047,ses-2,sub-00047_ses-2_task-sleep_acq-20160630T0204_eeg,136,2016-06-30 03:10:09.588097+00:00,WAKE
991,137,sub-00047,ses-2,sub-00047_ses-2_task-sleep_acq-20160630T0204_eeg,137,2016-06-30 03:10:39.588097+00:00,WAKE
992,138,sub-00047,ses-2,sub-00047_ses-2_task-sleep_acq-20160630T0204_eeg,138,2016-06-30 03:11:09.588097+00:00,WAKE
993,139,sub-00047,ses-2,sub-00047_ses-2_task-sleep_acq-20160630T0204_eeg,139,2016-06-30 03:11:39.588097+00:00,WAKE
994,140,sub-00047,ses-2,sub-00047_ses-2_task-sleep_acq-20160630T0204_eeg,140,2016-06-30 03:12:09.588097+00:00,WAKE
995,141,sub-00047,ses-2,sub-00047_ses-2_task-sleep_acq-20160630T0204_eeg,141,2016-06-30 03:12:39.588097+00:00,WAKE
996,142,sub-00047,ses-2,sub-00047_ses-2_task-sleep_acq-20160630T0204_eeg,142,2016-06-30 03:13:09.588097+00:00,WAKE
997,143,sub-00047,ses-2,sub-00047_ses-2_task-sleep_acq-20160630T0204_eeg,143,2016-06-30 03:13:39.588097+00:00,WAKE
998,144,sub-00047,ses-2,sub-00047_ses-2_task-sleep_acq-20160630T0204_eeg,144,2016-06-30 03:14:09.588097+00:00,WAKE
999,145,sub-00047,ses-2,sub-00047_ses-2_task-sleep_acq-20160630T0204_eeg,145,2016-06-30 03:14:39.588097+00:00,WAKE
1000,146,sub-00047,ses-2,sub-00047_ses-2_task-sleep_acq-20160630T0204_eeg,146,2016-06-30 03:15:09.588097+00:00,WAKE
1001,147,sub-00047,ses-2,sub-00047_ses-2_task-sleep_acq-20160630T0204_eeg,147,2016-06-30 03:15:39.588097+00:00,WAKE
1002,148,sub-00047,ses-2,sub-00047_ses-2_task-sleep_acq-20160630T0204_eeg,148,2016-06-30 03:16:09.588097+00:00,WAKE
1003,149,sub-00047,ses-2,sub-00047_ses-2_task-sleep_acq-20160630T0204_eeg,149,2016-06-30 03:16:39.588097+00:00,WAKE
1004,150,sub-00047,ses-2,sub-00047_ses-2_task-sleep_acq-20160630T0204_eeg,150,2016-06-30 03:17:09.588097+00:00,WAKE
1005,151,sub-00047,ses-2,sub-00047_ses-2_task-sleep_acq-20160630T0204_eeg,151,2016-06-30 03:17:39.588097+00:00,WAKE
1006,152,sub-00047,ses-2,sub-00047_ses-2_task-sleep_acq-20160630T0204_eeg,152,2016-06-30 03:18:09.588097+00:00,WAKE
1007,153,sub-00047,ses-2,sub-00047_ses-2_task-sleep_acq-20160630T0204_eeg,153,2016-06-30 03:18:39.588097+00:00,WAKE
1008,154,sub-00047,ses-2,sub-00047_ses-2_task-sleep_acq-20160630T0204_eeg,154,2016-06-30 03:19:09.588097+00:00,WAKE
1009,155,sub-00047,ses-2,sub-00047_ses-2_task-sleep_acq-20160630T0204_eeg,155,2016-06-30 03:19:39.588097+00:00,WAKE
1010,156,sub-00047,ses-2,sub-00047_ses-2_task-sleep_acq-20160630T0204_eeg,156,2016-06-30 03:20:09.588097+00:00,WAKE
1011,157,sub-00047,ses-2,sub-00047_ses-2_task-sleep_acq-20160630T0204_eeg,157,2016-06-30 03:20:39.588097+00:00,WAKE
1012,158,sub-00047,ses-2,sub-00047_ses-2_task-sleep_acq-20160630T0204_eeg,158,2016-06-30 03:21:09.588097+00:00,WAKE
1013,159,sub-00047,ses-2,sub-00047_ses-2_task-sleep_acq-20160630T0204_eeg,159,2016-06-30 03:21:39.588097+00:00,WAKE
1014,160,sub-00047,ses-2,sub-00047_ses-2_task-sleep_acq-20160630T0204_eeg,160,2016-06-30 03:22:09.588097+00:00,WAKE
1015,161,sub-00047,ses-2,sub-00047_ses-2_task-sleep_acq-20160630T0204_eeg,161,2016-06-30 03:22:39.588097+00:00,WAKE
1016,162,sub-00047,ses-2,sub-00047_ses-2_task-sleep_acq-20160630T0204_eeg,162,2016-06-30 03:23:09.588097+00:00,WAKE
1017,163,sub-00047,ses-2,sub-00047_ses-2_task-sleep_acq-20160630T0204_eeg,163,2016-06-30 03:23:39.588097+00:00,WAKE
1018,164,sub-00047,ses-2,sub-00047_ses-2_task-sleep_acq-20160630T0204_eeg,164,2016-06-30 03:24:09.588097+00:00,WAKE
1019,165,sub-00047,ses-2,sub-00047_ses-2_task-sleep_acq-20160630T0204_eeg,165,2016-06-30 03:24:39.588097+00:00,WAKE
1020,166,sub-00047,ses-2,sub-00047_ses-2_task-sleep_acq-20160630T0204_eeg,166,2016-06-30 03:25:09.588097+00:00,WAKE
1021,167,sub-00047,ses-2,sub-00047_ses-2_task-sleep_acq-20160630T0204_eeg,167,2016-06-30 03:25:39.588097+00:00,WAKE
1022,168,sub-00047,ses-2,sub-00047_ses-2_task-sleep_acq-20160630T0204_eeg,168,2016-06-30 03:26:09.588097+00:00,WAKE
1023,169,sub-00047,ses-2,sub-00047_ses-2_task-sleep_acq-20160630T0204_eeg,169,2016-06-30 03:26:39.588097+00:00,WAKE
1024,170,sub-00047,ses-2,sub-00047_ses-2_task-sleep_acq-20160630T0204_eeg,170,2016-06-30 03:27:09.588097+00:00,WAKE
1025,171,sub-00047,ses-2,sub-00047_ses-2_task-sleep_acq-20160630T0204_eeg,171,2016-06-30 03:27:39.588097+00:00,WAKE
1026,172,sub-00047,ses-2,sub-00047_ses-2_task-sleep_acq-20160630T0204_eeg,172,2016-06-30 03:28:09.588097+00:00,WAKE
1027,173,sub-00047,ses-2,sub-00047_ses-2_task-sleep_acq-20160630T0204_eeg,173,2016-06-30 03:28:39.588097+00:00,WAKE
1028,174,sub-00047,ses-2,sub-00047_ses-2_task-sleep_acq-20160630T0204_eeg,174,2016-06-30 03:29:09.588097+00:00,WAKE
1029,175,sub-00047,ses-2,sub-00047_ses-2_task-sleep_acq-20160630T0204_eeg,175,2016-06-30 03:29:39.588097+00:00,WAKE
1030,176,sub-00047,ses-2,sub-00047_ses-2_task-sleep_acq-20160630T0204_eeg,176,2016-06-30 03:30:09.588097+00:00,WAKE
1031,177,sub-00047,ses-2,sub-00047_ses-2_task-sleep_acq-20160630T0204_eeg,177,2016-06-30 03:30:39.588097+00:00,WAKE
1032,178,sub-00047,ses-2,sub-00047_ses-2_task-sleep_acq-20160630T0204_eeg,178,2016-06-30 03:31:09.588097+00:00,WAKE
1033,179,sub-00047,ses-2,sub-00047_ses-2_task-sleep_acq-20160630T0204_eeg,179,2016-06-30 03:31:39.588097+00:00,WAKE
1034,180,sub-00047,ses-2,sub-00047_ses-2_task-sleep_acq-20160630T0204_eeg,180,2016-06-30 03:32:09.588097+00:00,WAKE
1035,181,sub-00047,ses-2,sub-00047_ses-2_task-sleep_acq-20160630T0204_eeg,181,2016-06-30 03:32:39.588097+00:00,WAKE
1036,182,sub-00047,ses-2,sub-00047_ses-2_task-sleep_acq-20160630T0204_eeg,182,2016-06-30 03:33:09.588097+00:00,WAKE
1037,183,sub-00047,ses-2,sub-00047_ses-2_task-sleep_acq-20160630T0204_eeg,183,2016-06-30 03:33:39.588097+00:00,WAKE
1038,184,sub-00047,ses-2,sub-00047_ses-2_task-sleep_acq-20160630T0204_eeg,184,2016-06-30 03:34:09.588097+00:00,WAKE
1039,185,sub-00047,ses-2,sub-00047_ses-2_task-sleep_acq-20160630T0204_eeg,185,2016-06-30 03:34:39.588097+00:00,WAKE
1040,186,sub-00047,ses-2,sub-00047_ses-2_task-sleep_acq-20160630T0204_eeg,186,2016-06-30 03:35:09.588097+00:00,WAKE
1041,187,sub-00047,ses-2,sub-00047_ses-2_task-sleep_acq-20160630T0204_eeg,187,2016-06-30 03:35:39.588097+00:00,WAKE
1042,188,sub-00047,ses-2,sub-00047_ses-2_task-sleep_acq-20160630T0204_eeg,188,2016-06-30 03:36:09.588097+00:00,WAKE
1043,189,sub-00047,ses-2,sub-00047_ses-2_task-sleep_acq-20160630T0204_eeg,189,2016-06-30 03:36:39.588097+00:00,WAKE
1044,190,sub-00047,ses-2,sub-00047_ses-2_task-sleep_acq-20160630T0204_eeg,190,2016-06-30 03:37:09.588097+00:00,WAKE
1045,191,sub-00047,ses-2,sub-00047_ses-2_task-sleep_acq-20160630T0204_eeg,191,2016-06-30 03:37:39.588097+00:00,WAKE
1046,192,sub-00047,ses-2,sub-00047_ses-2_task-sleep_acq-20160630T0204_eeg,192,2016-06-30 03:38:09.588097+00:00,WAKE
1047,193,sub-00047,ses-2,sub-00047_ses-2_task-sleep_acq-20160630T0204_eeg,193,2016-06-30 03:38:39.588097+00:00,WAKE
1048,194,sub-00047,ses-2,sub-00047_ses-2_task-sleep_acq-20160630T0204_eeg,194,2016-06-30 03:39:09.588097+00:00,WAKE
1049,195,sub-00047,ses-2,sub-00047_ses-2_task-sleep_acq-20160630T0204_eeg,195,2016-06-30 03:39:39.588097+00:00,WAKE
1050,196,sub-00047,ses-2,sub-00047_ses-2_task-sleep_acq-20160630T0204_eeg,196,2016-06-30 03:40:09.588097+00:00,WAKE
1051,197,sub-00047,ses-2,sub-00047_ses-2_task-sleep_acq-20160630T0204_eeg,197,2016-06-30 03:40:39.588097+00:00,WAKE
1052,198,sub-00047,ses-2,sub-00047_ses-2_task-sleep_acq-20160630T0204_eeg,198,2016-06-30 03:41:09.588097+00:00,WAKE
1053,199,sub-00047,ses-2,sub-00047_ses-2_task-sleep_acq-20160630T0204_eeg,199,2016-06-30 03:41:39.588097+00:00,WAKE
1054,200,sub-00047,ses-2,sub-00047_ses-2_task-sleep_acq-20160630T0204_eeg,200,2016-06-30 03:42:09.588097+00:00,WAKE
1055,201,sub-00047,ses-2,sub-00047_ses-2_task-sleep_acq-20160630T0204_eeg,201,2016-06-30 03:42:39.588097+00:00,WAKE
1056,202,sub-00047,ses-2,sub-00047_ses-2_task-sleep_acq-20160630T0204_eeg,202,2016-06-30 03:43:09.588097+00:00,WAKE
1057,203,sub-00047,ses-2,sub-00047_ses-2_task-sleep_acq-20160630T0204_eeg,203,2016-06-30 03:43:39.588097+00:00,WAKE
1058,204,sub-00047,ses-2,sub-00047_ses-2_task-sleep_acq-20160630T0204_eeg,204,2016-06-30 03:44:09.588097+00:00,WAKE
1059,205,sub-00047,ses-2,sub-00047_ses-2_task-sleep_acq-20160630T0204_eeg,205,2016-06-30 03:44:39.588097+00:00,WAKE
1060,206,sub-00047,ses-2,sub-00047_ses-2_task-sleep_acq-20160630T0204_eeg,206,2016-06-30 03:45:09.588097+00:00,WAKE
1061,207,sub-00047,ses-2,sub-00047_ses-2_task-sleep_acq-20160630T0204_eeg,207,2016-06-30 03:45:39.588097+00:00,WAKE
1062,208,sub-00047,ses-2,sub-00047_ses-2_task-sleep_acq-20160630T0204_eeg,208,2016-06-30 03:46:09.588097+00:00,WAKE
1063,209,sub-00047,ses-2,sub-00047_ses-2_task-sleep_acq-20160630T0204_eeg,209,2016-06-30 03:46:39.588097+00:00,WAKE
1064,210,sub-00047,ses-2,sub-00047_ses-2_task-sleep_acq-20160630T0204_eeg,210,2016-06-30 03:47:09.588097+00:00,WAKE
1065,211,sub-00047,ses-2,sub-00047_ses-2_task-sleep_acq-20160630T0204_eeg,211,2016-06-30 03:47:39.588097+00:00,WAKE
1066,212,sub-00047,ses-2,sub-00047_ses-2_task-sleep_acq-20160630T0204_eeg,212,2016-06-30 03:48:09.588097+00:00,WAKE
1067,213,sub-00047,ses-2,sub-00047_ses-2_task-sleep_acq-20160630T0204_eeg,213,2016-06-30 03:48:39.588097+00:00,WAKE
1068,214,sub-00047,ses-2,sub-00047_ses-2_task-sleep_acq-20160630T0204_eeg,214,2016-06-30 03:49:09.588097+00:00,WAKE
1069,215,sub-00047,ses-2,sub-00047_ses-2_task-sleep_acq-20160630T0204_eeg,215,2016-06-30 03:49:39.588097+00:00,WAKE
1070,216,sub-00047,ses-2,sub-00047_ses-2_task-sleep_acq-20160630T0204_eeg,216,2016-06-30 03:50:09.588097+00:00,WAKE
1071,217,sub-00047,ses-2,sub-00047_ses-2_task-sleep_acq-20160630T0204_eeg,217,2016-06-30 03:50:39.588097+00:00,WAKE
1072,218,sub-00047,ses-2,sub-00047_ses-2_task-sleep_acq-20160630T0204_eeg,218,2016-06-30 03:51:09.588097+00:00,WAKE
1073,219,sub-00047,ses-2,sub-00047_ses-2_task-sleep_acq-20160630T0204_eeg,219,2016-06-30 03:51:39.588097+00:00,WAKE
1074,220,sub-00047,ses-2,sub-00047_ses-2_task-sleep_acq-20160630T0204_eeg,220,2016-06-30 03:52:09.588097+00:00,WAKE
1075,221,sub-00047,ses-2,sub-00047_ses-2_task-sleep_acq-20160630T0204_eeg,221,2016-06-30 03:52:39.588097+00:00,WAKE
1076,222,sub-00047,ses-2,sub-00047_ses-2_task-sleep_acq-20160630T0204_eeg,222,2016-06-30 03:53:09.588097+00:00,WAKE
1077,223,sub-00047,ses-2,sub-00047_ses-2_task-sleep_acq-20160630T0204_eeg,223,2016-06-30 03:53:39.588097+00:00,WAKE
1078,224,sub-00047,ses-2,sub-00047_ses-2_task-sleep_acq-20160630T0204_eeg,224,2016-06-30 03:54:09.588097+00:00,WAKE
1079,225,sub-00047,ses-2,sub-00047_ses-2_task-sleep_acq-20160630T0204_eeg,225,2016-06-30 03:54:39.588097+00:00,WAKE
1080,226,sub-00047,ses-2,sub-00047_ses-2_task-sleep_acq-20160630T0204_eeg,226,2016-06-30 03:55:09.588097+00:00,WAKE
1081,227,sub-00047,ses-2,sub-00047_ses-2_task-sleep_acq-20160630T0204_eeg,227,2016-06-30 03:55:39.588097+00:00,WAKE
1082,228,sub-00047,ses-2,sub-00047_ses-2_task-sleep_acq-20160630T0204_eeg,228,2016-06-30 03:56:09.588097+00:00,WAKE
1083,229,sub-00047,ses-2,sub-00047_ses-2_task-sleep_acq-20160630T0204_eeg,229,2016-06-30 03:56:39.588097+00:00,WAKE
1084,230,sub-00047,ses-2,sub-00047_ses-2_task-sleep_acq-20160630T0204_eeg,230,2016-06-30 03:57:09.588097+00:00,WAKE
1085,231,sub-00047,ses-2,sub-00047_ses-2_task-sleep_acq-20160630T0204_eeg,231,2016-06-30 03:57:39.588097+00:00,WAKE
1086,232,sub-00047,ses-2,sub-00047_ses-2_task-sleep_acq-20160630T0204_eeg,232,2016-06-30 03:58:09.588097+00:00,WAKE
1087,233,sub-00047,ses-2,sub-00047_ses-2_task-sleep_acq-20160630T0204_eeg,233,2016-06-30 03:58:39.588097+00:00,WAKE
1088,234,sub-00047,ses-2,sub-00047_ses-2_task-sleep_acq-20160630T0204_eeg,234,2016-06-30 03:59:09.588097+00:00,WAKE
1089,235,sub-00047,ses-2,sub-00047_ses-2_task-sleep_acq-20160630T0204_eeg,235,2016-06-30 03:59:39.588097+00:00,WAKE
1090,236,sub-00047,ses-2,sub-00047_ses-2_task-sleep_acq-20160630T0204_eeg,236,2016-06-30 04:00:09.588097+00:00,WAKE
1091,237,sub-00047,ses-2,sub-00047_ses-2_task-sleep_acq-20160630T0204_eeg,237,2016-06-30 04:00:39.588097+00:00,WAKE
1092,238,sub-00047,ses-2,sub-00047_ses-2_task-sleep_acq-20160630T0204_eeg,238,2016-06-30 04:01:09.588097+00:00,WAKE
1093,239,sub-00047,ses-2,sub-00047_ses-2_task-sleep_acq-20160630T0204_eeg,239,2016-06-30 04:01:39.588097+00:00,WAKE
1094,240,sub-00047,ses-2,sub-00047_ses-2_task-sleep_acq-20160630T0204_eeg,240,2016-06-30 04:02:09.588097+00:00,WAKE
1095,241,sub-00047,ses-2,sub-00047_ses-2_task-sleep_acq-20160630T0204_eeg,241,2016-06-30 04:02:39.588097+00:00,WAKE
1096,242,sub-00047,ses-2,sub-00047_ses-2_task-sleep_acq-20160630T0204_eeg,242,2016-06-30 04:03:09.588097+00:00,WAKE
1097,243,sub-00047,ses-2,sub-00047_ses-2_task-sleep_acq-20160630T0204_eeg,243,2016-06-30 04:03:39.588097+00:00,WAKE
1098,244,sub-00047,ses-2,sub-00047_ses-2_task-sleep_acq-20160630T0204_eeg,244,2016-06-30 04:04:09.588097+00:00,WAKE
1099,245,sub-00047,ses-2,sub-00047_ses-2_task-sleep_acq-20160630T0204_eeg,245,2016-06-30 04:04:39.588097+00:00,WAKE
1100,246,sub-00047,ses-2,sub-00047_ses-2_task-sleep_acq-20160630T0204_eeg,246,2016-06-30 04:05:09.588097+00:00,WAKE
1101,247,sub-00047,ses-2,sub-00047_ses-2_task-sleep_acq-20160630T0204_eeg,247,2016-06-30 04:05:39.588097+00:00,WAKE
1102,248,sub-00047,ses-2,sub-00047_ses-2_task-sleep_acq-20160630T0204_eeg,248,2016-06-30 04:06:09.588097+00:00,WAKE
1103,249,sub-00047,ses-2,sub-00047_ses-2_task-sleep_acq-20160630T0204_eeg,249,2016-06-30 04:06:39.588097+00:00,WAKE
1104,250,sub-00047,ses-2,sub-00047_ses-2_task-sleep_acq-20160630T0204_eeg,250,2016-06-30 04:07:09.588097+00:00,WAKE
1105,251,sub-00047,ses-2,sub-00047_ses-2_task-sleep_acq-20160630T0204_eeg,251,2016-06-30 04:07:39.588097+00:00,WAKE
1106,252,sub-00047,ses-2,sub-00047_ses-2_task-sleep_acq-20160630T0204_eeg,252,2016-06-30 04:08:09.588097+00:00,WAKE
1107,253,sub-00047,ses-2,sub-00047_ses-2_task-sleep_acq-20160630T0204_eeg,253,2016-06-30 04:08:39.588097+00:00,WAKE
1108,254,sub-00047,ses-2,sub-00047_ses-2_task-sleep_acq-20160630T0204_eeg,254,2016-06-30 04:09:09.588097+00:00,WAKE
1109,255,sub-00047,ses-2,sub-00047_ses-2_task-sleep_acq-20160630T0204_eeg,255,2016-06-30 04:09:39.588097+00:00,WAKE
1110,256,sub-00047,ses-2,sub-00047_ses-2_task-sleep_acq-20160630T0204_eeg,256,2016-06-30 04:10:09.588097+00:00,WAKE
1111,257,sub-00047,ses-2,sub-00047_ses-2_task-sleep_acq-20160630T0204_eeg,257,2016-06-30 04:10:39.588097+00:00,WAKE
1112,258,sub-00047,ses-2,sub-00047_ses-2_task-sleep_acq-20160630T0204_eeg,258,2016-06-30 04:11:09.588097+00:00,WAKE
1113,259,sub-00047,ses-2,sub-00047_ses-2_task-sleep_acq-20160630T0204_eeg,259,2016-06-30 04:11:39.588097+00:00,WAKE
1114,260,sub-00047,ses-2,sub-00047_ses-2_task-sleep_acq-20160630T0204_eeg,260,2016-06-30 04:12:09.588097+00:00,WAKE
1115,261,sub-00047,ses-2,sub-00047_ses-2_task-sleep_acq-20160630T0204_eeg,261,2016-06-30 04:12:39.588097+00:00,WAKE
1116,262,sub-00047,ses-2,sub-00047_ses-2_task-sleep_acq-20160630T0204_eeg,262,2016-06-30 04:13:09.588097+00:00,WAKE
1117,263,sub-00047,ses-2,sub-00047_ses-2_task-sleep_acq-20160630T0204_eeg,263,2016-06-30 04:13:39.588097+00:00,WAKE
1118,264,sub-00047,ses-2,sub-00047_ses-2_task-sleep_acq-20160630T0204_eeg,264,2016-06-30 04:14:09.588097+00:00,WAKE
1119,265,sub-00047,ses-2,sub-00047_ses-2_task-sleep_acq-20160630T0204_eeg,265,2016-06-30 04:14:39.588097+00:00,WAKE
1120,266,sub-00047,ses-2,sub-00047_ses-2_task-sleep_acq-20160630T0204_eeg,266,2016-06-30 04:15:09.588097+00:00,WAKE
1121,267,sub-00047,ses-2,sub-00047_ses-2_task-sleep_acq-20160630T0204_eeg,267,2016-06-30 04:15:39.588097+00:00,WAKE
1122,268,sub-00047,ses-2,sub-00047_ses-2_task-sleep_acq-20160630T0204_eeg,268,2016-06-30 04:16:09.588097+00:00,WAKE
1123,269,sub-00047,ses-2,sub-00047_ses-2_task-sleep_acq-20160630T0204_eeg,269,2016-06-30 04:16:39.588097+00:00,WAKE
1124,270,sub-00047,ses-2,sub-00047_ses-2_task-sleep_acq-20160630T0204_eeg,270,2016-06-30 04:17:09.588097+00:00,WAKE
1125,271,sub-00047,ses-2,sub-00047_ses-2_task-sleep_acq-20160630T0204_eeg,271,2016-06-30 04:17:39.588097+00:00,N1
1126,272,sub-00047,ses-2,sub-00047_ses-2_task-sleep_acq-20160630T0204_eeg,272,2016-06-30 04:18:09.588097+00:00,WAKE
1127,0,sub-00047,ses-2,sub-00047_ses-2_task-sleep_acq-20160630T0437_eeg,0,2016-06-30 04:37:17.959044+00:00,WAKE
1128,1,sub-00047,ses-2,sub-00047_ses-2_task-sleep_acq-20160630T0437_eeg,1,2016-06-30 04:37:47.959044+00:00,WAKE
1129,2,sub-00047,ses-2,sub-00047_ses-2_task-sleep_acq-20160630T0437_eeg,2,2016-06-30 04:38:17.959044+00:00,WAKE
1130,3,sub-00047,ses-2,sub-00047_ses-2_task-sleep_acq-20160630T0437_eeg,3,2016-06-30 04:38:47.959044+00:00,WAKE
1131,4,sub-00047,ses-2,sub-00047_ses-2_task-sleep_acq-20160630T0437_eeg,4,2016-06-30 04:39:17.959044+00:00,WAKE
1132,5,sub-00047,ses-2,sub-00047_ses-2_task-sleep_acq-20160630T0437_eeg,5,2016-06-30 04:39:47.959044+00:00,WAKE
1133,6,sub-00047,ses-2,sub-00047_ses-2_task-sleep_acq-20160630T0437_eeg,6,2016-06-30 04:40:17.959044+00:00,WAKE
1134,7,sub-00047,ses-2,sub-00047_ses-2_task-sleep_acq-20160630T0437_eeg,7,2016-06-30 04:40:47.959044+00:00,WAKE
1135,8,sub-00047,ses-2,sub-00047_ses-2_task-sleep_acq-20160630T0437_eeg,8,2016-06-30 04:41:17.959044+00:00,WAKE
1136,9,sub-00047,ses-2,sub-00047_ses-2_task-sleep_acq-20160630T0437_eeg,9,2016-06-30 04:41:47.959044+00:00,WAKE
1137,10,sub-00047,ses-2,sub-00047_ses-2_task-sleep_acq-20160630T0437_eeg,10,2016-06-30 04:42:17.959044+00:00,WAKE
1138,11,sub-00047,ses-2,sub-00047_ses-2_task-sleep_acq-20160630T0437_eeg,11,2016-06-30 04:42:47.959044+00:00,WAKE
1139,12,sub-00047,ses-2,sub-00047_ses-2_task-sleep_acq-20160630T0437_eeg,12,2016-06-30 04:43:17.959044+00:00,WAKE
1140,13,sub-00047,ses-2,sub-00047_ses-2_task-sleep_acq-20160630T0437_eeg,13,2016-06-30 04:43:47.959044+00:00,WAKE
1141,14,sub-00047,ses-2,sub-00047_ses-2_task-sleep_acq-20160630T0437_eeg,14,2016-06-30 04:44:17.959044+00:00,WAKE
1142,15,sub-00047,ses-2,sub-00047_ses-2_task-sleep_acq-20160630T0437_eeg,15,2016-06-30 04:44:47.959044+00:00,WAKE
1143,16,sub-00047,ses-2,sub-00047_ses-2_task-sleep_acq-20160630T0437_eeg,16,2016-06-30 04:45:17.959044+00:00,WAKE
1144,17,sub-00047,ses-2,sub-00047_ses-2_task-sleep_acq-20160630T0437_eeg,17,2016-06-30 04:45:47.959044+00:00,WAKE
1145,18,sub-00047,ses-2,sub-00047_ses-2_task-sleep_acq-20160630T0437_eeg,18,2016-06-30 04:46:17.959044+00:00,WAKE
1146,19,sub-00047,ses-2,sub-00047_ses-2_task-sleep_acq-20160630T0437_eeg,19,2016-06-30 04:46:47.959044+00:00,WAKE
1147,20,sub-00047,ses-2,sub-00047_ses-2_task-sleep_acq-20160630T0437_eeg,20,2016-06-30 04:47:17.959044+00:00,WAKE
1148,21,sub-00047,ses-2,sub-00047_ses-2_task-sleep_acq-20160630T0437_eeg,21,2016-06-30 04:47:47.959044+00:00,WAKE
1149,22,sub-00047,ses-2,sub-00047_ses-2_task-sleep_acq-20160630T0437_eeg,22,2016-06-30 04:48:17.959044+00:00,WAKE
1150,23,sub-00047,ses-2,sub-00047_ses-2_task-sleep_acq-20160630T0437_eeg,23,2016-06-30 04:48:47.959044+00:00,WAKE
1151,24,sub-00047,ses-2,sub-00047_ses-2_task-sleep_acq-20160630T0437_eeg,24,2016-06-30 04:49:17.959044+00:00,WAKE
1152,25,sub-00047,ses-2,sub-00047_ses-2_task-sleep_acq-20160630T0437_eeg,25,2016-06-30 04:49:47.959044+00:00,WAKE
1153,26,sub-00047,ses-2,sub-00047_ses-2_task-sleep_acq-20160630T0437_eeg,26,2016-06-30 04:50:17.959044+00:00,WAKE
1154,27,sub-00047,ses-2,sub-00047_ses-2_task-sleep_acq-20160630T0437_eeg,27,2016-06-30 04:50:47.959044+00:00,WAKE
1155,28,sub-00047,ses-2,sub-00047_ses-2_task-sleep_acq-20160630T0437_eeg,28,2016-06-30 04:51:17.959044+00:00,WAKE
1156,29,sub-00047,ses-2,sub-00047_ses-2_task-sleep_acq-20160630T0437_eeg,29,2016-06-30 04:51:47.959044+00:00,N1
1157,30,sub-00047,ses-2,sub-00047_ses-2_task-sleep_acq-20160630T0437_eeg,30,2016-06-30 04:52:17.959044+00:00,N1
1158,31,sub-00047,ses-2,sub-00047_ses-2_task-sleep_acq-20160630T0437_eeg,31,2016-06-30 04:52:47.959044+00:00,N1
1159,32,sub-00047,ses-2,sub-00047_ses-2_task-sleep_acq-20160630T0437_eeg,32,2016-06-30 04:53:17.959044+00:00,N1
1160,33,sub-00047,ses-2,sub-00047_ses-2_task-sleep_acq-20160630T0437_eeg,33,2016-06-30 04:53:47.959044+00:00,WAKE
1161,34,sub-00047,ses-2,sub-00047_ses-2_task-sleep_acq-20160630T0437_eeg,34,2016-06-30 04:54:17.959044+00:00,WAKE
1162,35,sub-00047,ses-2,sub-00047_ses-2_task-sleep_acq-20160630T0437_eeg,35,2016-06-30 04:54:47.959044+00:00,WAKE
1163,36,sub-00047,ses-2,sub-00047_ses-2_task-sleep_acq-20160630T0437_eeg,36,2016-06-30 04:55:17.959044+00:00,WAKE
1164,37,sub-00047,ses-2,sub-00047_ses-2_task-sleep_acq-20160630T0437_eeg,37,2016-06-30 04:55:47.959044+00:00,N1
1165,38,sub-00047,ses-2,sub-00047_ses-2_task-sleep_acq-20160630T0437_eeg,38,2016-06-30 04:56:17.959044+00:00,N1
1166,39,sub-00047,ses-2,sub-00047_ses-2_task-sleep_acq-20160630T0437_eeg,39,2016-06-30 04:56:47.959044+00:00,WAKE
1167,40,sub-00047,ses-2,sub-00047_ses-2_task-sleep_acq-20160630T0437_eeg,40,2016-06-30 04:57:17.959044+00:00,WAKE
1168,41,sub-00047,ses-2,sub-00047_ses-2_task-sleep_acq-20160630T0437_eeg,41,2016-06-30 04:57:47.959044+00:00,WAKE
1169,42,sub-00047,ses-2,sub-00047_ses-2_task-sleep_acq-20160630T0437_eeg,42,2016-06-30 04:58:17.959044+00:00,WAKE
1170,43,sub-00047,ses-2,sub-00047_ses-2_task-sleep_acq-20160630T0437_eeg,43,2016-06-30 04:58:47.959044+00:00,WAKE
1171,44,sub-00047,ses-2,sub-00047_ses-2_task-sleep_acq-20160630T0437_eeg,44,2016-06-30 04:59:17.959044+00:00,WAKE
1172,45,sub-00047,ses-2,sub-00047_ses-2_task-sleep_acq-20160630T0437_eeg,45,2016-06-30 04:59:47.959044+00:00,WAKE
1173,46,sub-00047,ses-2,sub-00047_ses-2_task-sleep_acq-20160630T0437_eeg,46,2016-06-30 05:00:17.959044+00:00,WAKE
1174,47,sub-00047,ses-2,sub-00047_ses-2_task-sleep_acq-20160630T0437_eeg,47,2016-06-30 05:00:47.959044+00:00,WAKE
1175,48,sub-00047,ses-2,sub-00047_ses-2_task-sleep_acq-20160630T0437_eeg,48,2016-06-30 05:01:17.959044+00:00,REM
1176,49,sub-00047,ses-2,sub-00047_ses-2_task-sleep_acq-20160630T0437_eeg,49,2016-06-30 05:01:47.959044+00:00,REM
1177,50,sub-00047,ses-2,sub-00047_ses-2_task-sleep_acq-20160630T0437_eeg,50,2016-06-30 05:02:17.959044+00:00,REM
1178,51,sub-00047,ses-2,sub-00047_ses-2_task-sleep_acq-20160630T0437_eeg,51,2016-06-30 05:02:47.959044+00:00,WAKE
1179,52,sub-00047,ses-2,sub-00047_ses-2_task-sleep_acq-20160630T0437_eeg,52,2016-06-30 05:03:17.959044+00:00,WAKE
1180,53,sub-00047,ses-2,sub-00047_ses-2_task-sleep_acq-20160630T0437_eeg,53,2016-06-30 05:03:47.959044+00:00,WAKE
1181,54,sub-00047,ses-2,sub-00047_ses-2_task-sleep_acq-20160630T0437_eeg,54,2016-06-30 05:04:17.959044+00:00,WAKE
1182,55,sub-00047,ses-2,sub-00047_ses-2_task-sleep_acq-20160630T0437_eeg,55,2016-06-30 05:04:47.959044+00:00,WAKE
1183,56,sub-00047,ses-2,sub-00047_ses-2_task-sleep_acq-20160630T0437_eeg,56,2016-06-30 05:05:17.959044+00:00,WAKE
1184,57,sub-00047,ses-2,sub-00047_ses-2_task-sleep_acq-20160630T0437_eeg,57,2016-06-30 05:05:47.959044+00:00,WAKE
1185,58,sub-00047,ses-2,sub-00047_ses-2_task-sleep_acq-20160630T0437_eeg,58,2016-06-30 05:06:17.959044+00:00,WAKE
1186,59,sub-00047,ses-2,sub-00047_ses-2_task-sleep_acq-20160630T0437_eeg,59,2016-06-30 05:06:47.959044+00:00,WAKE
1187,60,sub-00047,ses-2,sub-00047_ses-2_task-sleep_acq-20160630T0437_eeg,60,2016-06-30 05:07:17.959044+00:00,WAKE
1188,61,sub-00047,ses-2,sub-00047_ses-2_task-sleep_acq-20160630T0437_eeg,61,2016-06-30 05:07:47.959044+00:00,WAKE
1189,62,sub-00047,ses-2,sub-00047_ses-2_task-sleep_acq-20160630T0437_eeg,62,2016-06-30 05:08:17.959044+00:00,WAKE
1190,63,sub-00047,ses-2,sub-00047_ses-2_task-sleep_acq-20160630T0437_eeg,63,2016-06-30 05:08:47.959044+00:00,WAKE
1191,64,sub-00047,ses-2,sub-00047_ses-2_task-sleep_acq-20160630T0437_eeg,64,2016-06-30 05:09:17.959044+00:00,WAKE
1192,65,sub-00047,ses-2,sub-00047_ses-2_task-sleep_acq-20160630T0437_eeg,65,2016-06-30 05:09:47.959044+00:00,WAKE
1193,66,sub-00047,ses-2,sub-00047_ses-2_task-sleep_acq-20160630T0437_eeg,66,2016-06-30 05:10:17.959044+00:00,WAKE
1194,67,sub-00047,ses-2,sub-00047_ses-2_task-sleep_acq-20160630T0437_eeg,67,2016-06-30 05:10:47.959044+00:00,WAKE
1195,68,sub-00047,ses-2,sub-00047_ses-2_task-sleep_acq-20160630T0437_eeg,68,2016-06-30 05:11:17.959044+00:00,WAKE
1196,69,sub-00047,ses-2,sub-00047_ses-2_task-sleep_acq-20160630T0437_eeg,69,2016-06-30 05:11:47.959044+00:00,WAKE
1197,70,sub-00047,ses-2,sub-00047_ses-2_task-sleep_acq-20160630T0437_eeg,70,2016-06-30 05:12:17.959044+00:00,WAKE
1198,71,sub-00047,ses-2,sub-00047_ses-2_task-sleep_acq-20160630T0437_eeg,71,2016-06-30 05:12:47.959044+00:00,WAKE
1199,72,sub-00047,ses-2,sub-00047_ses-2_task-sleep_acq-20160630T0437_eeg,72,2016-06-30 05:13:17.959044+00:00,WAKE
1200,73,sub-00047,ses-2,sub-00047_ses-2_task-sleep_acq-20160630T0437_eeg,73,2016-06-30 05:13:47.959044+00:00,WAKE
1201,74,sub-00047,ses-2,sub-00047_ses-2_task-sleep_acq-20160630T0437_eeg,74,2016-06-30 05:14:17.959044+00:00,WAKE
1202,75,sub-00047,ses-2,sub-00047_ses-2_task-sleep_acq-20160630T0437_eeg,75,2016-06-30 05:14:47.959044+00:00,WAKE
1203,76,sub-00047,ses-2,sub-00047_ses-2_task-sleep_acq-20160630T0437_eeg,76,2016-06-30 05:15:17.959044+00:00,WAKE
1204,77,sub-00047,ses-2,sub-00047_ses-2_task-sleep_acq-20160630T0437_eeg,77,2016-06-30 05:15:47.959044+00:00,WAKE
1205,78,sub-00047,ses-2,sub-00047_ses-2_task-sleep_acq-20160630T0437_eeg,78,2016-06-30 05:16:17.959044+00:00,WAKE
1206,79,sub-00047,ses-2,sub-00047_ses-2_task-sleep_acq-20160630T0437_eeg,79,2016-06-30 05:16:47.959044+00:00,WAKE
1207,80,sub-00047,ses-2,sub-00047_ses-2_task-sleep_acq-20160630T0437_eeg,80,2016-06-30 05:17:17.959044+00:00,WAKE
1208,81,sub-00047,ses-2,sub-00047_ses-2_task-sleep_acq-20160630T0437_eeg,81,2016-06-30 05:17:47.959044+00:00,WAKE
1209,82,sub-00047,ses-2,sub-00047_ses-2_task-sleep_acq-20160630T0437_eeg,82,2016-06-30 05:18:17.959044+00:00,WAKE
1210,83,sub-00047,ses-2,sub-00047_ses-2_task-sleep_acq-20160630T0437_eeg,83,2016-06-30 05:18:47.959044+00:00,WAKE
1211,84,sub-00047,ses-2,sub-00047_ses-2_task-sleep_acq-20160630T0437_eeg,84,2016-06-30 05:19:17.959044+00:00,WAKE
1212,85,sub-00047,ses-2,sub-00047_ses-2_task-sleep_acq-20160630T0437_eeg,85,2016-06-30 05:19:47.959044+00:00,WAKE
1213,86,sub-00047,ses-2,sub-00047_ses-2_task-sleep_acq-20160630T0437_eeg,86,2016-06-30 05:20:17.959044+00:00,WAKE
1214,87,sub-00047,ses-2,sub-00047_ses-2_task-sleep_acq-20160630T0437_eeg,87,2016-06-30 05:20:47.959044+00:00,WAKE
1215,88,sub-00047,ses-2,sub-00047_ses-2_task-sleep_acq-20160630T0437_eeg,88,2016-06-30 05:21:17.959044+00:00,WAKE
1216,89,sub-00047,ses-2,sub-00047_ses-2_task-sleep_acq-20160630T0437_eeg,89,2016-06-30 05:21:47.959044+00:00,WAKE
1217,90,sub-00047,ses-2,sub-00047_ses-2_task-sleep_acq-20160630T0437_eeg,90,2016-06-30 05:22:17.959044+00:00,WAKE
1218,91,sub-00047,ses-2,sub-00047_ses-2_task-sleep_acq-20160630T0437_eeg,91,2016-06-30 05:22:47.959044+00:00,WAKE
1219,92,sub-00047,ses-2,sub-00047_ses-2_task-sleep_acq-20160630T0437_eeg,92,2016-06-30 05:23:17.959044+00:00,REM
1220,93,sub-00047,ses-2,sub-00047_ses-2_task-sleep_acq-20160630T0437_eeg,93,2016-06-30 05:23:47.959044+00:00,WAKE
1221,94,sub-00047,ses-2,sub-00047_ses-2_task-sleep_acq-20160630T0437_eeg,94,2016-06-30 05:24:17.959044+00:00,WAKE
1222,95,sub-00047,ses-2,sub-00047_ses-2_task-sleep_acq-20160630T0437_eeg,95,2016-06-30 05:24:47.959044+00:00,WAKE
1223,96,sub-00047,ses-2,sub-00047_ses-2_task-sleep_acq-20160630T0437_eeg,96,2016-06-30 05:25:17.959044+00:00,WAKE
1224,97,sub-00047,ses-2,sub-00047_ses-2_task-sleep_acq-20160630T0437_eeg,97,2016-06-30 05:25:47.959044+00:00,WAKE
1225,98,sub-00047,ses-2,sub-00047_ses-2_task-sleep_acq-20160630T0437_eeg,98,2016-06-30 05:26:17.959044+00:00,WAKE
1226,99,sub-00047,ses-2,sub-00047_ses-2_task-sleep_acq-20160630T0437_eeg,99,2016-06-30 05:26:47.959044+00:00,WAKE
1227,100,sub-00047,ses-2,sub-00047_ses-2_task-sleep_acq-20160630T0437_eeg,100,2016-06-30 05:27:17.959044+00:00,WAKE
1228,101,sub-00047,ses-2,sub-00047_ses-2_task-sleep_acq-20160630T0437_eeg,101,2016-06-30 05:27:47.959044+00:00,WAKE
1229,102,sub-00047,ses-2,sub-00047_ses-2_task-sleep_acq-20160630T0437_eeg,102,2016-06-30 05:28:17.959044+00:00,WAKE
1230,103,sub-00047,ses-2,sub-00047_ses-2_task-sleep_acq-20160630T0437_eeg,103,2016-06-30 05:28:47.959044+00:00,WAKE
1231,104,sub-00047,ses-2,sub-00047_ses-2_task-sleep_acq-20160630T0437_eeg,104,2016-06-30 05:29:17.959044+00:00,WAKE
1232,105,sub-00047,ses-2,sub-00047_ses-2_task-sleep_acq-20160630T0437_eeg,105,2016-06-30 05:29:47.959044+00:00,WAKE
1233,106,sub-00047,ses-2,sub-00047_ses-2_task-sleep_acq-20160630T0437_eeg,106,2016-06-30 05:30:17.959044+00:00,WAKE
1234,107,sub-00047,ses-2,sub-00047_ses-2_task-sleep_acq-20160630T0437_eeg,107,2016-06-30 05:30:47.959044+00:00,WAKE
1235,108,sub-00047,ses-2,sub-00047_ses-2_task-sleep_acq-20160630T0437_eeg,108,2016-06-30 05:31:17.959044+00:00,WAKE
1236,109,sub-00047,ses-2,sub-00047_ses-2_task-sleep_acq-20160630T0437_eeg,109,2016-06-30 05:31:47.959044+00:00,WAKE
1237,110,sub-00047,ses-2,sub-00047_ses-2_task-sleep_acq-20160630T0437_eeg,110,2016-06-30 05:32:17.959044+00:00,WAKE
1238,111,sub-00047,ses-2,sub-00047_ses-2_task-sleep_acq-20160630T0437_eeg,111,2016-06-30 05:32:47.959044+00:00,WAKE
1239,112,sub-00047,ses-2,sub-00047_ses-2_task-sleep_acq-20160630T0437_eeg,112,2016-06-30 05:33:17.959044+00:00,WAKE
1240,113,sub-00047,ses-2,sub-00047_ses-2_task-sleep_acq-20160630T0437_eeg,113,2016-06-30 05:33:47.959044+00:00,WAKE
1241,114,sub-00047,ses-2,sub-00047_ses-2_task-sleep_acq-20160630T0437_eeg,114,2016-06-30 05:34:17.959044+00:00,WAKE
1242,115,sub-00047,ses-2,sub-00047_ses-2_task-sleep_acq-20160630T0437_eeg,115,2016-06-30 05:34:47.959044+00:00,WAKE
1243,116,sub-00047,ses-2,sub-00047_ses-2_task-sleep_acq-20160630T0437_eeg,116,2016-06-30 05:35:17.959044+00:00,WAKE
1244,117,sub-00047,ses-2,sub-00047_ses-2_task-sleep_acq-20160630T0437_eeg,117,2016-06-30 05:35:47.959044+00:00,WAKE
1245,118,sub-00047,ses-2,sub-00047_ses-2_task-sleep_acq-20160630T0437_eeg,118,2016-06-30 05:36:17.959044+00:00,WAKE
1246,119,sub-00047,ses-2,sub-00047_ses-2_task-sleep_acq-20160630T0437_eeg,119,2016-06-30 05:36:47.959044+00:00,WAKE
1247,120,sub-00047,ses-2,sub-00047_ses-2_task-sleep_acq-20160630T0437_eeg,120,2016-06-30 05:37:17.959044+00:00,WAKE
1248,121,sub-00047,ses-2,sub-00047_ses-2_task-sleep_acq-20160630T0437_eeg,121,2016-06-30 05:37:47.959044+00:00,WAKE
1249,122,sub-00047,ses-2,sub-00047_ses-2_task-sleep_acq-20160630T0437_eeg,122,2016-06-30 05:38:17.959044+00:00,WAKE
1250,123,sub-00047,ses-2,sub-00047_ses-2_task-sleep_acq-20160630T0437_eeg,123,2016-06-30 05:38:47.959044+00:00,WAKE
1251,124,sub-00047,ses-2,sub-00047_ses-2_task-sleep_acq-20160630T0437_eeg,124,2016-06-30 05:39:17.959044+00:00,WAKE
1252,125,sub-00047,ses-2,sub-00047_ses-2_task-sleep_acq-20160630T0437_eeg,125,2016-06-30 05:39:47.959044+00:00,WAKE
1253,126,sub-00047,ses-2,sub-00047_ses-2_task-sleep_acq-20160630T0437_eeg,126,2016-06-30 05:40:17.959044+00:00,WAKE
1254,127,sub-00047,ses-2,sub-00047_ses-2_task-sleep_acq-20160630T0437_eeg,127,2016-06-30 05:40:47.959044+00:00,WAKE
1255,128,sub-00047,ses-2,sub-00047_ses-2_task-sleep_acq-20160630T0437_eeg,128,2016-06-30 05:41:17.959044+00:00,WAKE
1256,129,sub-00047,ses-2,sub-00047_ses-2_task-sleep_acq-20160630T0437_eeg,129,2016-06-30 05:41:47.959044+00:00,WAKE
1257,130,sub-00047,ses-2,sub-00047_ses-2_task-sleep_acq-20160630T0437_eeg,130,2016-06-30 05:42:17.959044+00:00,WAKE
1258,131,sub-00047,ses-2,sub-00047_ses-2_task-sleep_acq-20160630T0437_eeg,131,2016-06-30 05:42:47.959044+00:00,WAKE
1259,132,sub-00047,ses-2,sub-00047_ses-2_task-sleep_acq-20160630T0437_eeg,132,2016-06-30 05:43:17.959044+00:00,WAKE
1260,133,sub-00047,ses-2,sub-00047_ses-2_task-sleep_acq-20160630T0437_eeg,133,2016-06-30 05:43:47.959044+00:00,WAKE
1261,134,sub-00047,ses-2,sub-00047_ses-2_task-sleep_acq-20160630T0437_eeg,134,2016-06-30 05:44:17.959044+00:00,WAKE
1262,135,sub-00047,ses-2,sub-00047_ses-2_task-sleep_acq-20160630T0437_eeg,135,2016-06-30 05:44:47.959044+00:00,WAKE
1263,136,sub-00047,ses-2,sub-00047_ses-2_task-sleep_acq-20160630T0437_eeg,136,2016-06-30 05:45:17.959044+00:00,WAKE
1264,137,sub-00047,ses-2,sub-00047_ses-2_task-sleep_acq-20160630T0437_eeg,137,2016-06-30 05:45:47.959044+00:00,WAKE
1265,138,sub-00047,ses-2,sub-00047_ses-2_task-sleep_acq-20160630T0437_eeg,138,2016-06-30 05:46:17.959044+00:00,WAKE
1266,139,sub-00047,ses-2,sub-00047_ses-2_task-sleep_acq-20160630T0437_eeg,139,2016-06-30 05:46:47.959044+00:00,WAKE
1267,140,sub-00047,ses-2,sub-00047_ses-2_task-sleep_acq-20160630T0437_eeg,140,2016-06-30 05:47:17.959044+00:00,WAKE
1268,141,sub-00047,ses-2,sub-00047_ses-2_task-sleep_acq-20160630T0437_eeg,141,2016-06-30 05:47:47.959044+00:00,WAKE
1269,142,sub-00047,ses-2,sub-00047_ses-2_task-sleep_acq-20160630T0437_eeg,142,2016-06-30 05:48:17.959044+00:00,WAKE
1270,143,sub-00047,ses-2,sub-00047_ses-2_task-sleep_acq-20160630T0437_eeg,143,2016-06-30 05:48:47.959044+00:00,WAKE
1271,144,sub-00047,ses-2,sub-00047_ses-2_task-sleep_acq-20160630T0437_eeg,144,2016-06-30 05:49:17.959044+00:00,WAKE
1272,145,sub-00047,ses-2,sub-00047_ses-2_task-sleep_acq-20160630T0437_eeg,145,2016-06-30 05:49:47.959044+00:00,WAKE
1273,146,sub-00047,ses-2,sub-00047_ses-2_task-sleep_acq-20160630T0437_eeg,146,2016-06-30 05:50:17.959044+00:00,WAKE
1274,147,sub-00047,ses-2,sub-00047_ses-2_task-sleep_acq-20160630T0437_eeg,147,2016-06-30 05:50:47.959044+00:00,WAKE
1275,148,sub-00047,ses-2,sub-00047_ses-2_task-sleep_acq-20160630T0437_eeg,148,2016-06-30 05:51:17.959044+00:00,WAKE
1276,149,sub-00047,ses-2,sub-00047_ses-2_task-sleep_acq-20160630T0437_eeg,149,2016-06-30 05:51:47.959044+00:00,WAKE
1277,150,sub-00047,ses-2,sub-00047_ses-2_task-sleep_acq-20160630T0437_eeg,150,2016-06-30 05:52:17.959044+00:00,WAKE
1278,151,sub-00047,ses-2,sub-00047_ses-2_task-sleep_acq-20160630T0437_eeg,151,2016-06-30 05:52:47.959044+00:00,WAKE
1279,152,sub-00047,ses-2,sub-00047_ses-2_task-sleep_acq-20160630T0437_eeg,152,2016-06-30 05:53:17.959044+00:00,WAKE
1280,153,sub-00047,ses-2,sub-00047_ses-2_task-sleep_acq-20160630T0437_eeg,153,2016-06-30 05:53:47.959044+00:00,WAKE
1281,154,sub-00047,ses-2,sub-00047_ses-2_task-sleep_acq-20160630T0437_eeg,154,2016-06-30 05:54:17.959044+00:00,WAKE
1282,155,sub-00047,ses-2,sub-00047_ses-2_task-sleep_acq-20160630T0437_eeg,155,2016-06-30 05:54:47.959044+00:00,WAKE
1283,156,sub-00047,ses-2,sub-00047_ses-2_task-sleep_acq-20160630T0437_eeg,156,2016-06-30 05:55:17.959044+00:00,WAKE
1284,0,sub-00047,ses-2,sub-00047_ses-2_task-sleep_acq-20160630T0600_eeg,0,2016-06-30 05:57:30.108069+00:00,WAKE
1285,1,sub-00047,ses-2,sub-00047_ses-2_task-sleep_acq-20160630T0600_eeg,1,2016-06-30 05:58:00.108069+00:00,WAKE
1286,2,sub-00047,ses-2,sub-00047_ses-2_task-sleep_acq-20160630T0600_eeg,2,2016-06-30 05:58:30.108069+00:00,N3
1287,3,sub-00047,ses-2,sub-00047_ses-2_task-sleep_acq-20160630T0600_eeg,3,2016-06-30 05:59:00.108069+00:00,N3
1288,4,sub-00047,ses-2,sub-00047_ses-2_task-sleep_acq-20160630T0600_eeg,4,2016-06-30 05:59:30.108069+00:00,N2
1289,5,sub-00047,ses-2,sub-00047_ses-2_task-sleep_acq-20160630T0600_eeg,5,2016-06-30 06:00:00.108069+00:00,N2
1290,6,sub-00047,ses-2,sub-00047_ses-2_task-sleep_acq-20160630T0600_eeg,6,2016-06-30 06:00:30.108069+00:00,WAKE
1291,7,sub-00047,ses-2,sub-00047_ses-2_task-sleep_acq-20160630T0600_eeg,7,2016-06-30 06:01:00.108069+00:00,WAKE
1292,8,sub-00047,ses-2,sub-00047_ses-2_task-sleep_acq-20160630T0600_eeg,8,2016-06-30 06:01:30.108069+00:00,WAKE
1293,9,sub-00047,ses-2,sub-00047_ses-2_task-sleep_acq-20160630T0600_eeg,9,2016-06-30 06:02:00.108069+00:00,WAKE
1294,10,sub-00047,ses-2,sub-00047_ses-2_task-sleep_acq-20160630T0600_eeg,10,2016-06-30 06:02:30.108069+00:00,WAKE
1295,11,sub-00047,ses-2,sub-00047_ses-2_task-sleep_acq-20160630T0600_eeg,11,2016-06-30 06:03:00.108069+00:00,WAKE
1296,12,sub-00047,ses-2,sub-00047_ses-2_task-sleep_acq-20160630T0600_eeg,12,2016-06-30 06:03:30.108069+00:00,WAKE
1297,13,sub-00047,ses-2,sub-00047_ses-2_task-sleep_acq-20160630T0600_eeg,13,2016-06-30 06:04:00.108069+00:00,WAKE
1298,14,sub-00047,ses-2,sub-00047_ses-2_task-sleep_acq-20160630T0600_eeg,14,2016-06-30 06:04:30.108069+00:00,WAKE
1299,15,sub-00047,ses-2,sub-00047_ses-2_task-sleep_acq-20160630T0600_eeg,15,2016-06-30 06:05:00.108069+00:00,WAKE
1300,16,sub-00047,ses-2,sub-00047_ses-2_task-sleep_acq-20160630T0600_eeg,16,2016-06-30 06:05:30.108069+00:00,WAKE
1301,17,sub-00047,ses-2,sub-00047_ses-2_task-sleep_acq-20160630T0600_eeg,17,2016-06-30 06:06:00.108069+00:00,WAKE
1302,0,sub-00047,ses-2,sub-00047_ses-2_task-sleep_acq-20160630T0609_eeg,0,2016-06-30 06:07:43.626669+00:00,WAKE
1303,1,sub-00047,ses-2,sub-00047_ses-2_task-sleep_acq-20160630T0609_eeg,1,2016-06-30 06:08:13.626669+00:00,WAKE
1304,2,sub-00047,ses-2,sub-00047_ses-2_task-sleep_acq-20160630T0609_eeg,2,2016-06-30 06:08:43.626669+00:00,WAKE
1305,3,sub-00047,ses-2,sub-00047_ses-2_task-sleep_acq-20160630T0609_eeg,3,2016-06-30 06:09:13.626669+00:00,WAKE
1306,4,sub-00047,ses-2,sub-00047_ses-2_task-sleep_acq-20160630T0609_eeg,4,2016-06-30 06:09:43.626669+00:00,WAKE
1307,5,sub-00047,ses-2,sub-00047_ses-2_task-sleep_acq-20160630T0609_eeg,5,2016-06-30 06:10:13.626669+00:00,WAKE
1308,6,sub-00047,ses-2,sub-00047_ses-2_task-sleep_acq-20160630T0609_eeg,6,2016-06-30 06:10:43.626669+00:00,WAKE
1309,7,sub-00047,ses-2,sub-00047_ses-2_task-sleep_acq-20160630T0609_eeg,7,2016-06-30 06:11:13.626669+00:00,WAKE
1310,8,sub-00047,ses-2,sub-00047_ses-2_task-sleep_acq-20160630T0609_eeg,8,2016-06-30 06:11:43.626669+00:00,WAKE
1311,9,sub-00047,ses-2,sub-00047_ses-2_task-sleep_acq-20160630T0609_eeg,9,2016-06-30 06:12:13.626669+00:00,WAKE
1312,10,sub-00047,ses-2,sub-00047_ses-2_task-sleep_acq-20160630T0609_eeg,10,2016-06-30 06:12:43.626669+00:00,WAKE
1313,11,sub-00047,ses-2,sub-00047_ses-2_task-sleep_acq-20160630T0609_eeg,11,2016-06-30 06:13:13.626669+00:00,WAKE
1314,12,sub-00047,ses-2,sub-00047_ses-2_task-sleep_acq-20160630T0609_eeg,12,2016-06-30 06:13:43.626669+00:00,WAKE
1315,13,sub-00047,ses-2,sub-00047_ses-2_task-sleep_acq-20160630T0609_eeg,13,2016-06-30 06:14:13.626669+00:00,WAKE
1316,14,sub-00047,ses-2,sub-00047_ses-2_task-sleep_acq-20160630T0609_eeg,14,2016-06-30 06:14:43.626669+00:00,WAKE
1317,15,sub-00047,ses-2,sub-00047_ses-2_task-sleep_acq-20160630T0609_eeg,15,2016-06-30 06:15:13.626669+00:00,WAKE
1318,16,sub-00047,ses-2,sub-00047_ses-2_task-sleep_acq-20160630T0609_eeg,16,2016-06-30 06:15:43.626669+00:00,WAKE
1319,17,sub-00047,ses-2,sub-00047_ses-2_task-sleep_acq-20160630T0609_eeg,17,2016-06-30 06:16:13.626669+00:00,WAKE
1320,18,sub-00047,ses-2,sub-00047_ses-2_task-sleep_acq-20160630T0609_eeg,18,2016-06-30 06:16:43.626669+00:00,WAKE
1321,19,sub-00047,ses-2,sub-00047_ses-2_task-sleep_acq-20160630T0609_eeg,19,2016-06-30 06:17:13.626669+00:00,WAKE
1322,20,sub-00047,ses-2,sub-00047_ses-2_task-sleep_acq-20160630T0609_eeg,20,2016-06-30 06:17:43.626669+00:00,WAKE
1323,21,sub-00047,ses-2,sub-00047_ses-2_task-sleep_acq-20160630T0609_eeg,21,2016-06-30 06:18:13.626669+00:00,WAKE
1324,22,sub-00047,ses-2,sub-00047_ses-2_task-sleep_acq-20160630T0609_eeg,22,2016-06-30 06:18:43.626669+00:00,WAKE
1325,23,sub-00047,ses-2,sub-00047_ses-2_task-sleep_acq-20160630T0609_eeg,23,2016-06-30 06:19:13.626669+00:00,WAKE
1326,24,sub-00047,ses-2,sub-00047_ses-2_task-sleep_acq-20160630T0609_eeg,24,2016-06-30 06:19:43.626669+00:00,WAKE
1327,25,sub-00047,ses-2,sub-00047_ses-2_task-sleep_acq-20160630T0609_eeg,25,2016-06-30 06:20:13.626669+00:00,WAKE
1328,26,sub-00047,ses-2,sub-00047_ses-2_task-sleep_acq-20160630T0609_eeg,26,2016-06-30 06:20:43.626669+00:00,WAKE
1329,27,sub-00047,ses-2,sub-00047_ses-2_task-sleep_acq-20160630T0609_eeg,27,2016-06-30 06:21:13.626669+00:00,WAKE
1330,28,sub-00047,ses-2,sub-00047_ses-2_task-sleep_acq-20160630T0609_eeg,28,2016-06-30 06:21:43.626669+00:00,WAKE
1331,29,sub-00047,ses-2,sub-00047_ses-2_task-sleep_acq-20160630T0609_eeg,29,2016-06-30 06:22:13.626669+00:00,WAKE
1332,30,sub-00047,ses-2,sub-00047_ses-2_task-sleep_acq-20160630T0609_eeg,30,2016-06-30 06:22:43.626669+00:00,WAKE
1333,31,sub-00047,ses-2,sub-00047_ses-2_task-sleep_acq-20160630T0609_eeg,31,2016-06-30 06:23:13.626669+00:00,WAKE
1334,32,sub-00047,ses-2,sub-00047_ses-2_task-sleep_acq-20160630T0609_eeg,32,2016-06-30 06:23:43.626669+00:00,WAKE
1335,33,sub-00047,ses-2,sub-00047_ses-2_task-sleep_acq-20160630T0609_eeg,33,2016-06-30 06:24:13.626669+00:00,WAKE
1336,34,sub-00047,ses-2,sub-00047_ses-2_task-sleep_acq-20160630T0609_eeg,34,2016-06-30 06:24:43.626669+00:00,WAKE
1337,35,sub-00047,ses-2,sub-00047_ses-2_task-sleep_acq-20160630T0609_eeg,35,2016-06-30 06:25:13.626669+00:00,WAKE
1338,36,sub-00047,ses-2,sub-00047_ses-2_task-sleep_acq-20160630T0609_eeg,36,2016-06-30 06:25:43.626669+00:00,WAKE
1339,37,sub-00047,ses-2,sub-00047_ses-2_task-sleep_acq-20160630T0609_eeg,37,2016-06-30 06:26:13.626669+00:00,WAKE
1340,38,sub-00047,ses-2,sub-00047_ses-2_task-sleep_acq-20160630T0609_eeg,38,2016-06-30 06:26:43.626669+00:00,WAKE
1341,39,sub-00047,ses-2,sub-00047_ses-2_task-sleep_acq-20160630T0609_eeg,39,2016-06-30 06:27:13.626669+00:00,WAKE
1342,40,sub-00047,ses-2,sub-00047_ses-2_task-sleep_acq-20160630T0609_eeg,40,2016-06-30 06:27:43.626669+00:00,WAKE
1343,41,sub-00047,ses-2,sub-00047_ses-2_task-sleep_acq-20160630T0609_eeg,41,2016-06-30 06:28:13.626669+00:00,WAKE
1344,42,sub-00047,ses-2,sub-00047_ses-2_task-sleep_acq-20160630T0609_eeg,42,2016-06-30 06:28:43.626669+00:00,WAKE
1345,43,sub-00047,ses-2,sub-00047_ses-2_task-sleep_acq-20160630T0609_eeg,43,2016-06-30 06:29:13.626669+00:00,WAKE
1346,44,sub-00047,ses-2,sub-00047_ses-2_task-sleep_acq-20160630T0609_eeg,44,2016-06-30 06:29:43.626669+00:00,WAKE
1347,45,sub-00047,ses-2,sub-00047_ses-2_task-sleep_acq-20160630T0609_eeg,45,2016-06-30 06:30:13.626669+00:00,WAKE
1348,46,sub-00047,ses-2,sub-00047_ses-2_task-sleep_acq-20160630T0609_eeg,46,2016-06-30 06:30:43.626669+00:00,WAKE
1349,47,sub-00047,ses-2,sub-00047_ses-2_task-sleep_acq-20160630T0609_eeg,47,2016-06-30 06:31:13.626669+00:00,WAKE
1350,48,sub-00047,ses-2,sub-00047_ses-2_task-sleep_acq-20160630T0609_eeg,48,2016-06-30 06:31:43.626669+00:00,WAKE
1351,49,sub-00047,ses-2,sub-00047_ses-2_task-sleep_acq-20160630T0609_eeg,49,2016-06-30 06:32:13.626669+00:00,WAKE
1352,50,sub-00047,ses-2,sub-00047_ses-2_task-sleep_acq-20160630T0609_eeg,50,2016-06-30 06:32:43.626669+00:00,WAKE
1353,51,sub-00047,ses-2,sub-00047_ses-2_task-sleep_acq-20160630T0609_eeg,51,2016-06-30 06:33:13.626669+00:00,WAKE
1354,52,sub-00047,ses-2,sub-00047_ses-2_task-sleep_acq-20160630T0609_eeg,52,2016-06-30 06:33:43.626669+00:00,WAKE
1355,53,sub-00047,ses-2,sub-00047_ses-2_task-sleep_acq-20160630T0609_eeg,53,2016-06-30 06:34:13.626669+00:00,WAKE
1356,54,sub-00047,ses-2,sub-00047_ses-2_task-sleep_acq-20160630T0609_eeg,54,2016-06-30 06:34:43.626669+00:00,WAKE
1357,55,sub-00047,ses-2,sub-00047_ses-2_task-sleep_acq-20160630T0609_eeg,55,2016-06-30 06:35:13.626669+00:00,WAKE
1358,56,sub-00047,ses-2,sub-00047_ses-2_task-sleep_acq-20160630T0609_eeg,56,2016-06-30 06:35:43.626669+00:00,WAKE
1359,57,sub-00047,ses-2,sub-00047_ses-2_task-sleep_acq-20160630T0609_eeg,57,2016-06-30 06:36:13.626669+00:00,WAKE
1360,58,sub-00047,ses-2,sub-00047_ses-2_task-sleep_acq-20160630T0609_eeg,58,2016-06-30 06:36:43.626669+00:00,WAKE
1361,59,sub-00047,ses-2,sub-00047_ses-2_task-sleep_acq-20160630T0609_eeg,59,2016-06-30 06:37:13.626669+00:00,WAKE
1362,60,sub-00047,ses-2,sub-00047_ses-2_task-sleep_acq-20160630T0609_eeg,60,2016-06-30 06:37:43.626669+00:00,WAKE
1363,61,sub-00047,ses-2,sub-00047_ses-2_task-sleep_acq-20160630T0609_eeg,61,2016-06-30 06:38:13.626669+00:00,WAKE
1364,62,sub-00047,ses-2,sub-00047_ses-2_task-sleep_acq-20160630T0609_eeg,62,2016-06-30 06:38:43.626669+00:00,WAKE
1365,63,sub-00047,ses-2,sub-00047_ses-2_task-sleep_acq-20160630T0609_eeg,63,2016-06-30 06:39:13.626669+00:00,WAKE
1366,64,sub-00047,ses-2,sub-00047_ses-2_task-sleep_acq-20160630T0609_eeg,64,2016-06-30 06:39:43.626669+00:00,WAKE
1367,65,sub-00047,ses-2,sub-00047_ses-2_task-sleep_acq-20160630T0609_eeg,65,2016-06-30 06:40:13.626669+00:00,WAKE
1368,66,sub-00047,ses-2,sub-00047_ses-2_task-sleep_acq-20160630T0609_eeg,66,2016-06-30 06:40:43.626669+00:00,WAKE
1369,67,sub-00047,ses-2,sub-00047_ses-2_task-sleep_acq-20160630T0609_eeg,67,2016-06-30 06:41:13.626669+00:00,WAKE
1370,68,sub-00047,ses-2,sub-00047_ses-2_task-sleep_acq-20160630T0609_eeg,68,2016-06-30 06:41:43.626669+00:00,WAKE
1371,69,sub-00047,ses-2,sub-00047_ses-2_task-sleep_acq-20160630T0609_eeg,69,2016-06-30 06:42:13.626669+00:00,WAKE
1372,70,sub-00047,ses-2,sub-00047_ses-2_task-sleep_acq-20160630T0609_eeg,70,2016-06-30 06:42:43.626669+00:00,WAKE
1373,71,sub-00047,ses-2,sub-00047_ses-2_task-sleep_acq-20160630T0609_eeg,71,2016-06-30 06:43:13.626669+00:00,WAKE
1374,72,sub-00047,ses-2,sub-00047_ses-2_task-sleep_acq-20160630T0609_eeg,72,2016-06-30 06:43:43.626669+00:00,WAKE
1375,73,sub-00047,ses-2,sub-00047_ses-2_task-sleep_acq-20160630T0609_eeg,73,2016-06-30 06:44:13.626669+00:00,WAKE
1376,74,sub-00047,ses-2,sub-00047_ses-2_task-sleep_acq-20160630T0609_eeg,74,2016-06-30 06:44:43.626669+00:00,WAKE
1377,75,sub-00047,ses-2,sub-00047_ses-2_task-sleep_acq-20160630T0609_eeg,75,2016-06-30 06:45:13.626669+00:00,WAKE
1378,76,sub-00047,ses-2,sub-00047_ses-2_task-sleep_acq-20160630T0609_eeg,76,2016-06-30 06:45:43.626669+00:00,WAKE
1379,77,sub-00047,ses-2,sub-00047_ses-2_task-sleep_acq-20160630T0609_eeg,77,2016-06-30 06:46:13.626669+00:00,WAKE
1380,78,sub-00047,ses-2,sub-00047_ses-2_task-sleep_acq-20160630T0609_eeg,78,2016-06-30 06:46:43.626669+00:00,WAKE
1381,79,sub-00047,ses-2,sub-00047_ses-2_task-sleep_acq-20160630T0609_eeg,79,2016-06-30 06:47:13.626669+00:00,WAKE
1382,80,sub-00047,ses-2,sub-00047_ses-2_task-sleep_acq-20160630T0609_eeg,80,2016-06-30 06:47:43.626669+00:00,WAKE
1383,81,sub-00047,ses-2,sub-00047_ses-2_task-sleep_acq-20160630T0609_eeg,81,2016-06-30 06:48:13.626669+00:00,WAKE
1384,82,sub-00047,ses-2,sub-00047_ses-2_task-sleep_acq-20160630T0609_eeg,82,2016-06-30 06:48:43.626669+00:00,WAKE
1385,83,sub-00047,ses-2,sub-00047_ses-2_task-sleep_acq-20160630T0609_eeg,83,2016-06-30 06:49:13.626669+00:00,WAKE
1386,84,sub-00047,ses-2,sub-00047_ses-2_task-sleep_acq-20160630T0609_eeg,84,2016-06-30 06:49:43.626669+00:00,WAKE
1387,85,sub-00047,ses-2,sub-00047_ses-2_task-sleep_acq-20160630T0609_eeg,85,2016-06-30 06:50:13.626669+00:00,WAKE
1388,86,sub-00047,ses-2,sub-00047_ses-2_task-sleep_acq-20160630T0609_eeg,86,2016-06-30 06:50:43.626669+00:00,WAKE
1389,87,sub-00047,ses-2,sub-00047_ses-2_task-sleep_acq-20160630T0609_eeg,87,2016-06-30 06:51:13.626669+00:00,WAKE
1390,88,sub-00047,ses-2,sub-00047_ses-2_task-sleep_acq-20160630T0609_eeg,88,2016-06-30 06:51:43.626669+00:00,WAKE
1391,89,sub-00047,ses-2,sub-00047_ses-2_task-sleep_acq-20160630T0609_eeg,89,2016-06-30 06:52:13.626669+00:00,WAKE
1392,90,sub-00047,ses-2,sub-00047_ses-2_task-sleep_acq-20160630T0609_eeg,90,2016-06-30 06:52:43.626669+00:00,WAKE
1393,91,sub-00047,ses-2,sub-00047_ses-2_task-sleep_acq-20160630T0609_eeg,91,2016-06-30 06:53:13.626669+00:00,WAKE
1394,92,sub-00047,ses-2,sub-00047_ses-2_task-sleep_acq-20160630T0609_eeg,92,2016-06-30 06:53:43.626669+00:00,WAKE
1395,93,sub-00047,ses-2,sub-00047_ses-2_task-sleep_acq-20160630T0609_eeg,93,2016-06-30 06:54:13.626669+00:00,WAKE
1396,94,sub-00047,ses-2,sub-00047_ses-2_task-sleep_acq-20160630T0609_eeg,94,2016-06-30 06:54:43.626669+00:00,WAKE
1397,95,sub-00047,ses-2,sub-00047_ses-2_task-sleep_acq-20160630T0609_eeg,95,2016-06-30 06:55:13.626669+00:00,WAKE
