0.0,-0.041666666666666664,0.8333333333333334,0.041666666666666664,0.375,1.9166666666666667,50.958333333333336,81.33333333333333,0.041666666666666664,26.916666666666668,3.6666666666666665,-0.3333333333333333,0.9583333333333334,225.875,-0.3333333333333333,0.0,5.833333333333333,7.333333333333333,6.375,0.08333333333333333,10.958333333333334,-0.041666666666666664,6.541666666666667,-0.4583333333333333,-0.125,-5.0,2.9583333333333335,-3.875,105.79166666666667,74.20833333333333,0.4583333333333333,4.75,7.5,26.625,-3.7083333333333335,-1.2916666666666667,-0.6666666666666666,10.0,-0.08333333333333333,-1.375,0.3333333333333333,0.0,-0.20833333333333334,-0.08333333333333333,-0.5416666666666666,-0.041666666666666664,0.125,0.041666666666666664,-0.041666666666666664,0.041666666666666664,-0.041666666666666664,-0.041666666666666664,0.0,0.0,0.125,-0.20833333333333334,0.9166666666666666,0.0,0.20833333333333334,0.08333333333333333,-0.041666666666666664,-0.20833333333333334,0.16666666666666666,0.0,0.0,0.0,0.041666666666666664,0.20833333333333334,0.041666666666666664,0.08333333333333333,0.0,0.0,-0.041666666666666664,-0.041666666666666664,-0.375,1.3333333333333333,-1.0,0.0,0.041666666666666664,0.125,0.0,0.0,0.08333333333333333,-0.3333333333333333
-0.041666666666666664,0.0,-1.125,-0.3333333333333333,0.4166666666666667,-1.625,-0.5416666666666666,-1.2916666666666667,0.125,-0.7083333333333334,3.875,-1.2916666666666667,12.875,-0.4166666666666667,0.875,1.3333333333333333,4.375,0.16666666666666666,2.375,-0.5416666666666666,-0.5,3.5,0.6666666666666666,1.2916666666666667,6.375,20.083333333333332,85.95833333333333,-4.75,1.625,0.16666666666666666,-4.958333333333333,-1.2916666666666667,0.08333333333333333,0.5416666666666666,-3.4583333333333335,1.75,1.3333333333333333,1.2083333333333333,0.9583333333333334,0.7916666666666666,0.25,1.2916666666666667,1.9166666666666667,2.4166666666666665,0.5,0.16666666666666666,0.5,0.25,0.16666666666666666,-0.041666666666666664,16.5,-1.5,-0.20833333333333334,0.16666666666666666,-0.2916666666666667,-0.5,-4.875,0.16666666666666666,-1.3333333333333333,1.9583333333333333,-0.2916666666666667,12.625,-0.7916666666666666,0.16666666666666666,0.4583333333333333,0.0,0.25,0.9583333333333334,-0.5416666666666666,0.5416666666666666,1.0,0.08333333333333333,-0.125,4.458333333333333,14.833333333333334,121.33333333333333,-5.666666666666667,0.2916666666666667,0.16666666666666666,-8.041666666666666,0.16666666666666666,0.0,0.4583333333333333,-3.4166666666666665
0.8333333333333334,-1.125,0.0,-0.5416666666666666,-1.3333333333333333,-8.916666666666666,115.125,52.291666666666664,0.9583333333333334,-27.125,0.041666666666666664,-3.4583333333333335,1.1666666666666667,34.541666666666664,0.4583333333333333,-1.9583333333333333,166.41666666666666,12.625,21.458333333333332,-1.25,-110.91666666666667,-2.0,-94.54166666666667,4.958333333333333,0.4583333333333333,456.5,324.0,51.166666666666664,-2.6666666666666665,46.291666666666664,6.125,-9.75,-0.5833333333333334,-23.708333333333332,-16.833333333333332,53.958333333333336,20.291666666666668,29.125,11.625,-6.833333333333333,-1.875,-9.708333333333334,24.916666666666668,7.166666666666667,4.375,1.3333333333333333,0.4166666666666667,-0.7083333333333334,-0.16666666666666666,-0.125,-0.6666666666666666,38.041666666666664,-0.125,-0.625,-1.5,1.8333333333333333,-10.916666666666666,0.5416666666666666,-5.083333333333333,-4.833333333333333,-0.875,-6.833333333333333,-6.916666666666667,-0.7916666666666666,-2.0416666666666665,-9.416666666666666,2.2083333333333335,6.958333333333333,-0.9166666666666666,-3.375,-0.5833333333333334,-44.083333333333336,-0.75,-1.0,9.708333333333334,64.08333333333333,-4.916666666666667,-7.916666666666667,-0.8333333333333334,-6.625,-0.9166666666666666,0.0,-3.75,9.5
0.041666666666666664,-0.3333333333333333,-0.5416666666666666,0.0,-6.5,27.5,-6.791666666666667,-2.75,10.083333333333334,65.625,-9.375,40.208333333333336,-4.0,-7.375,12.125,0.7916666666666666,-0.8333333333333334,-5.958333333333333,-1.9166666666666667,31.5,2.5,-1.1666666666666667,1.7916666666666667,41.75,-1.0416666666666667,-15.125,-9.625,73.95833333333333,5.25,-0.7083333333333334,2.8333333333333335,-2.1666666666666665,0.0,-2.0833333333333335,-76.54166666666667,-8.458333333333334,-2.4166666666666665,-3.9166666666666665,-1.2916666666666667,-15.416666666666666,-0.9583333333333334,-2.5416666666666665,-7.291666666666667,-3.4166666666666665,-1.2083333333333333,-1.0,-8.75,-0.4166666666666667,-0.5833333333333334,-0.125,-0.2916666666666667,-0.875,16.083333333333332,-1.1666666666666667,8.916666666666666,10.666666666666666,19.208333333333332,1.1666666666666667,73.75,-5.5,13.625,1.0416666666666667,3.3333333333333335,-1.4166666666666667,0.5,-0.16666666666666666,-3.75,-2.125,19.625,1.7916666666666667,-0.25,2.25,24.291666666666668,-0.75,-9.583333333333334,-9.791666666666666,49.916666666666664,1.9166666666666667,-0.4166666666666667,2.1666666666666665,2.2083333333333335,0.0,-1.4583333333333333,-62.958333333333336
0.375,0.4166666666666667,-1.3333333333333333,-6.5,0.0,47.958333333333336,1.0833333333333333,53.25,1.4583333333333333,-32.666666666666664,36.208333333333336,-10.708333333333334,24.916666666666668,16.458333333333332,25.666666666666668,-0.25,1.75,11.5,3.125,-10.916666666666666,3.0833333333333335,-0.75,-1.1666666666666667,-5.958333333333333,1.9583333333333333,7.958333333333333,6.833333333333333,-23.708333333333332,10.375,0.4166666666666667,5.166666666666667,39.958333333333336,0.08333333333333333,8.166666666666666,127.5,-10.458333333333334,-6.166666666666667,14.333333333333334,6.625,63.166666666666664,11.75,-3.5833333333333335,-10.333333333333334,-3.0416666666666665,2.5416666666666665,0.9166666666666666,10.0,2.125,0.2916666666666667,-0.20833333333333334,0.041666666666666664,-1.25,-2.1666666666666665,1.875,9.416666666666666,-7.0,44.583333333333336,-0.8333333333333334,-27.541666666666668,5.375,-8.791666666666666,10.375,8.833333333333334,5.75,-0.16666666666666666,0.16666666666666666,4.833333333333333,3.0,-8.541666666666666,-0.041666666666666664,-0.2916666666666667,-2.5,-3.9166666666666665,-0.7083333333333334,-9.458333333333334,-10.583333333333334,-18.875,2.0833333333333335,0.3333333333333333,6.416666666666667,2.8333333333333335,0.041666666666666664,3.75,76.58333333333333
1.9166666666666667,-1.625,-8.916666666666666,27.5,47.958333333333336,0.0,-68.33333333333333,490.4583333333333,-22.375,407.2083333333333,18.583333333333332,188.08333333333334,-21.791666666666668,105.875,105.75,-1.75,-14.291666666666666,-29.583333333333332,-15.708333333333334,51.791666666666664,13.791666666666666,-4.291666666666667,5.666666666666667,-57.208333333333336,-5.083333333333333,-87.16666666666667,-56.916666666666664,114.41666666666667,35.208333333333336,-4.291666666666667,2.0833333333333335,118.08333333333333,0.08333333333333333,-22.583333333333332,223.29166666666666,-77.79166666666667,-23.375,-34.958333333333336,-11.166666666666666,203.45833333333334,17.25,-15.291666666666666,-30.458333333333332,-7.541666666666667,-5.583333333333333,-2.125,27.708333333333332,1.0833333333333333,-2.0833333333333335,-0.2916666666666667,-0.4583333333333333,-3.4166666666666665,16.5,4.75,38.208333333333336,8.666666666666666,163.16666666666666,-9.333333333333334,132.83333333333334,-16.583333333333332,46.166666666666664,-28.291666666666668,23.833333333333332,15.708333333333334,1.2083333333333333,-0.7916666666666666,-3.375,-8.5,37.958333333333336,1.2083333333333333,-0.9166666666666666,2.5833333333333335,-38.791666666666664,-3.1666666666666665,-34.875,-41.833333333333336,92.25,-3.25,-1.625,3.0416666666666665,8.0,0.0,-6.666666666666667,98.29166666666667
50.958333333333336,-0.5416666666666666,115.125,-6.791666666666667,1.0833333333333333,-68.33333333333333,0.0,504.125,3.9583333333333335,-982.9166666666666,24.708333333333332,-18.541666666666668,21.875,595.7916666666666,11.541666666666666,-2.1666666666666665,63.416666666666664,35.375,34.708333333333336,-4.25,-245.125,-0.375,-172.08333333333334,92.25,1.5416666666666667,259.8333333333333,57.916666666666664,1265.625,85.5,313.875,5.333333333333333,-6.75,-0.4583333333333333,-46.625,-134.0,7.625,-16.041666666666668,8.291666666666666,5.041666666666667,23.916666666666668,4.541666666666667,-2.75,-11.5,-2.5,-0.125,-0.8333333333333334,6.25,-0.7916666666666666,-0.375,-0.2916666666666667,-0.125,2.0833333333333335,-0.4583333333333333,0.2916666666666667,-3.625,23.375,-27.666666666666668,1.3333333333333333,-20.625,-4.0,-5.083333333333333,10.208333333333334,8.666666666666666,3.9166666666666665,-1.0833333333333333,-0.3333333333333333,-0.5833333333333334,-2.25,-1.9166666666666667,-5.25,1.0833333333333333,-4.875,16.208333333333332,0.3333333333333333,-5.166666666666667,13.666666666666666,-68.41666666666667,-2.2916666666666665,-0.125,4.166666666666667,-0.08333333333333333,0.0,-4.416666666666667,27.583333333333332
81.33333333333333,-1.2916666666666667,52.291666666666664,-2.75,53.25,490.4583333333333,504.125,0.0,-20.333333333333332,1009.375,100.0,255.5,69.79166666666667,1378.7916666666667,121.75,-1.3333333333333333,131.91666666666666,88.0,78.45833333333333,73.33333333333333,60.625,-1.0416666666666667,20.75,-57.958333333333336,-4.916666666666667,347.1666666666667,-78.875,162.54166666666666,109.16666666666667,121.04166666666667,13.75,269.7083333333333,2.125,44.583333333333336,351.0,-85.375,-28.166666666666668,-25.875,14.458333333333334,196.33333333333334,14.833333333333334,-9.375,-35.0,-7.916666666666667,-5.916666666666667,0.0,10.125,-0.4583333333333333,-2.2083333333333335,-0.2916666666666667,-0.75,-3.875,-17.041666666666668,5.083333333333333,38.666666666666664,23.416666666666668,199.58333333333334,-2.2083333333333335,-21.291666666666668,4.0,-11.916666666666666,-31.0,26.708333333333332,21.083333333333332,-2.375,0.875,-0.4583333333333333,-1.7916666666666667,-20.541666666666668,-5.583333333333333,-1.2916666666666667,-10.291666666666666,-39.583333333333336,-4.333333333333333,-36.791666666666664,-45.458333333333336,41.375,-2.4166666666666665,-0.08333333333333333,4.625,1.3333333333333333,-0.041666666666666664,-4.333333333333333,384.2916666666667
0.041666666666666664,0.125,0.9583333333333334,10.083333333333334,1.4583333333333333,-22.375,3.9583333333333335,-20.333333333333332,0.0,-16.375,5.583333333333333,43.25,11.875,4.625,8.291666666666666,-3.7083333333333335,-1.125,2.0833333333333335,0.16666666666666666,21.666666666666668,-3.875,9.583333333333334,-2.2916666666666665,70.33333333333333,3.2916666666666665,9.958333333333334,21.75,-56.25,0.0,-0.4166666666666667,3.875,3.4583333333333335,0.0,-0.9583333333333334,66.0,2.8333333333333335,-0.5833333333333334,-1.625,0.08333333333333333,11.708333333333334,1.1666666666666667,1.4166666666666667,1.5416666666666667,-1.0833333333333333,-0.7083333333333334,-0.2916666666666667,7.625,0.0,-0.08333333333333333,-0.041666666666666664,1.0,0.7916666666666666,7.625,2.4166666666666665,-10.291666666666666,10.25,-52.833333333333336,9.833333333333334,-42.291666666666664,0.041666666666666664,17.333333333333332,9.125,-7.625,5.5,-4.833333333333333,-0.16666666666666666,-2.25,-1.7916666666666667,10.583333333333334,-3.6666666666666665,4.041666666666667,-4.708333333333333,52.25,1.4583333333333333,-8.583333333333334,25.083333333333332,-57.541666666666664,-2.5833333333333335,-0.6666666666666666,3.7916666666666665,2.0416666666666665,0.0,-1.0416666666666667,76.0
26.916666666666668,-0.7083333333333334,-27.125,65.625,-32.666666666666664,407.2083333333333,-982.9166666666666,1009.375,-16.375,0.0,-94.25,374.2083333333333,-60.5,494.0833333333333,-54.125,1.0833333333333333,-34.791666666666664,-75.25,-31.208333333333332,235.25,23.0,-2.5,39.083333333333336,-55.875,-3.2083333333333335,-205.33333333333334,-61.708333333333336,493.875,123.79166666666667,-35.25,-2.125,45.125,0.5416666666666666,-40.833333333333336,-1109.5416666666667,-40.041666666666664,-17.25,-48.25,-9.25,-76.04166666666667,-3.2083333333333335,-13.541666666666666,-19.833333333333332,-7.375,-5.958333333333333,-2.7083333333333335,-25.416666666666668,-0.20833333333333334,-2.25,0.4166666666666667,-0.4166666666666667,-3.5,25.583333333333332,1.625,29.583333333333332,10.75,163.95833333333334,-8.0,311.8333333333333,-16.916666666666668,45.083333333333336,-25.125,41.5,-14.083333333333334,1.375,-0.625,-11.791666666666666,-7.125,58.958333333333336,5.166666666666667,-1.2916666666666667,5.708333333333333,-37.5,-3.1666666666666665,-33.791666666666664,-31.875,146.08333333333334,1.4166666666666667,-1.8333333333333333,4.916666666666667,7.5,-0.125,-4.75,-303.7083333333333
3.6666666666666665,3.875,0.041666666666666664,-9.375,36.208333333333336,18.583333333333332,24.708333333333332,100.0,5.583333333333333,-94.25,0.0,-60.833333333333336,220.83333333333334,92.375,21.958333333333332,-1.125,34.0,226.5,57.083333333333336,4.791666666666667,2.4166666666666665,3.1666666666666665,-14.0,-17.041666666666668,16.291666666666668,331.2916666666667,99.625,-77.20833333333333,151.625,16.125,53.75,176.33333333333334,2.2916666666666665,156.91666666666666,-126.16666666666667,-60.333333333333336,-9.625,124.25,24.625,73.5,29.5,16.375,-35.75,-8.875,5.5,4.041666666666667,19.625,5.458333333333333,4.041666666666667,0.375,1.75,-6.166666666666667,-4.416666666666667,3.0416666666666665,1.7083333333333333,-13.333333333333334,86.54166666666667,3.5833333333333335,-44.916666666666664,32.0,-13.916666666666666,94.25,14.875,10.916666666666666,-0.5,0.125,9.166666666666666,7.75,-14.833333333333334,1.0833333333333333,0.625,3.1666666666666665,-8.541666666666666,14.166666666666666,44.458333333333336,66.375,-39.541666666666664,8.5,-0.75,48.291666666666664,7.5,0.08333333333333333,9.208333333333334,50.0
-0.3333333333333333,-1.2916666666666667,-3.4583333333333335,40.208333333333336,-10.708333333333334,188.08333333333334,-18.541666666666668,255.5,43.25,374.2083333333333,-60.833333333333336,0.0,-20.541666666666668,-21.291666666666668,60.916666666666664,1.4166666666666667,-9.208333333333334,-29.25,-11.958333333333334,121.20833333333333,8.541666666666666,-4.708333333333333,4.25,-31.375,-4.25,-78.0,-39.5,138.75,-1.1666666666666667,-3.1666666666666665,3.25,-68.375,0.2916666666666667,-18.208333333333332,797.9166666666666,-45.833333333333336,-13.333333333333334,-31.25,-4.5,-28.25,-1.625,-11.916666666666666,-23.0,-9.541666666666666,-6.041666666666667,-1.7083333333333333,-9.125,-3.0,-2.625,0.08333333333333333,-0.875,-2.8333333333333335,23.166666666666668,-5.5,58.75,-0.20833333333333334,262.375,-17.916666666666668,297.0,-18.875,83.08333333333333,-24.75,-9.916666666666666,7.458333333333333,2.375,-0.5,-15.208333333333334,-12.375,59.958333333333336,5.291666666666667,-1.7083333333333333,6.416666666666667,-15.666666666666666,-3.6666666666666665,-42.958333333333336,-37.041666666666664,119.29166666666667,-5.416666666666667,-1.4166666666666667,-5.666666666666667,11.75,0.0,-6.916666666666667,-213.08333333333334
0.9583333333333334,12.875,1.1666666666666667,-4.0,24.916666666666668,-21.791666666666668,21.875,69.79166666666667,11.875,-60.5,220.83333333333334,-20.541666666666668,0.0,36.375,21.041666666666668,-1.125,3.5833333333333335,65.45833333333333,17.166666666666668,-4.625,-24.125,10.666666666666666,-25.0,34.5,74.58333333333333,188.83333333333334,247.91666666666666,-78.5,45.958333333333336,-6.833333333333333,110.04166666666667,94.0,0.20833333333333334,31.791666666666668,-119.83333333333333,-92.33333333333333,42.208333333333336,57.25,29.875,65.91666666666667,24.166666666666668,25.75,-56.208333333333336,-11.708333333333334,8.541666666666666,1.6666666666666667,33.333333333333336,8.625,9.458333333333334,0.125,8.541666666666666,-11.166666666666666,0.7083333333333334,5.875,6.833333333333333,-18.666666666666668,138.54166666666666,3.75,-53.541666666666664,70.625,-5.5,272.875,31.583333333333332,17.5,-2.5416666666666665,-1.9166666666666667,13.041666666666666,8.708333333333334,-6.208333333333333,-9.666666666666666,3.375,-19.666666666666668,34.458333333333336,60.375,-41.958333333333336,232.875,-55.041666666666664,15.916666666666666,-4.0,131.29166666666666,15.625,0.16666666666666666,5.833333333333333,-92.83333333333333
225.875,-0.4166666666666667,34.541666666666664,-7.375,16.458333333333332,105.875,595.7916666666666,1378.7916666666667,4.625,494.0833333333333,92.375,-21.291666666666668,36.375,0.0,20.625,-1.1666666666666667,174.25,142.5,136.04166666666666,-12.416666666666666,-139.125,0.8333333333333334,16.75,-3.875,2.4166666666666665,252.45833333333334,68.25,-175.29166666666666,1078.6666666666667,167.04166666666666,9.375,165.125,38.958333333333336,111.375,59.208333333333336,-41.833333333333336,-26.625,175.375,11.333333333333334,69.66666666666667,7.791666666666667,8.125,-14.041666666666666,-4.708333333333333,-2.0833333333333335,0.8333333333333334,9.625,0.9166666666666666,-0.375,0.16666666666666666,-0.375,-5.458333333333333,-2.0,1.2916666666666667,-0.125,2.0416666666666665,48.75,2.0416666666666665,-35.416666666666664,5.666666666666667,-13.458333333333334,11.375,10.666666666666666,6.875,-0.9583333333333334,-0.375,4.75,7.833333333333333,-7.916666666666667,-3.25,0.25,-6.708333333333333,12.0,1.2083333333333333,-27.166666666666668,29.291666666666668,-33.625,2.4166666666666665,0.2916666666666667,6.291666666666667,3.25,0.0,-3.875,63.458333333333336
-0.3333333333333333,0.875,0.4583333333333333,12.125,25.666666666666668,105.75,11.541666666666666,121.75,8.291666666666666,-54.125,21.958333333333332,60.916666666666664,21.041666666666668,20.625,0.0,0.20833333333333334,-2.625,-3.8333333333333335,-3.625,24.75,-0.20833333333333334,0.8333333333333334,-5.458333333333333,27.083333333333332,1.7083333333333333,-24.291666666666668,17.5,-16.25,0.2916666666666667,-1.2083333333333333,5.166666666666667,12.666666666666666,0.041666666666666664,1.25,234.58333333333334,-27.25,-7.875,11.666666666666666,2.5416666666666665,89.0,5.0,-3.5,-13.375,-4.041666666666667,-1.3333333333333333,0.4583333333333333,11.666666666666666,0.4583333333333333,-0.625,0.0,0.20833333333333334,-0.7916666666666666,7.208333333333333,3.3333333333333335,18.083333333333332,10.25,78.125,4.5,-53.541666666666664,-3.4166666666666665,24.041666666666668,9.916666666666666,-5.208333333333333,8.708333333333334,0.16666666666666666,-0.20833333333333334,-5.791666666666667,-5.25,17.416666666666668,-2.2916666666666665,0.4583333333333333,-3.9583333333333335,20.583333333333332,1.625,-17.083333333333332,4.083333333333333,-8.75,1.9166666666666667,-0.7916666666666666,6.625,3.9583333333333335,0.125,1.1666666666666667,130.45833333333334
0.0,1.3333333333333333,-1.9583333333333333,0.7916666666666666,-0.25,-1.75,-2.1666666666666665,-1.3333333333333333,-3.7083333333333335,1.0833333333333333,-1.125,1.4166666666666667,-1.125,-1.1666666666666667,0.20833333333333334,0.0,-0.9583333333333334,-0.25,-0.625,1.25,25.833333333333332,21.583333333333332,23.25,-18.083333333333332,-1.9166666666666667,-4.25,-34.125,55.375,0.9166666666666666,1.1666666666666667,0.20833333333333334,0.5416666666666666,0.041666666666666664,0.4583333333333333,-5.791666666666667,-5.416666666666667,-1.0416666666666667,-1.0833333333333333,-0.4583333333333333,-0.7083333333333334,0.125,-0.4583333333333333,-5.208333333333333,-2.4583333333333335,-0.4583333333333333,-0.16666666666666666,1.0416666666666667,0.20833333333333334,-0.041666666666666664,0.041666666666666664,-1.5416666666666667,-1.75,0.625,0.0,0.5,-2.2083333333333335,-2.0416666666666665,-0.8333333333333334,1.0,-0.9166666666666666,1.2083333333333333,-3.375,1.125,-0.125,14.25,0.041666666666666664,-0.5,-0.6666666666666666,0.8333333333333334,9.166666666666666,5.25,13.083333333333334,-7.541666666666667,-0.7916666666666666,-6.166666666666667,-35.958333333333336,38.708333333333336,0.7916666666666666,0.4583333333333333,-1.6666666666666667,0.125,0.041666666666666664,0.7083333333333334,-5.125
5.833333333333333,4.375,166.41666666666666,-0.8333333333333334,1.75,-14.291666666666666,63.416666666666664,131.91666666666666,-1.125,-34.791666666666664,34.0,-9.208333333333334,3.5833333333333335,174.25,-2.625,-0.9583333333333334,0.0,98.08333333333333,323.5833333333333,-1.5,100.75,1.125,385.7083333333333,-4.416666666666667,-2.4166666666666665,959.3333333333334,244.125,25.166666666666668,173.20833333333334,76.79166666666667,-6.833333333333333,12.0,5.916666666666667,189.16666666666666,-29.208333333333332,47.416666666666664,-31.583333333333332,45.541666666666664,14.958333333333334,2.375,0.5416666666666666,-6.0,-14.333333333333334,-4.208333333333333,7.583333333333333,4.041666666666667,1.5833333333333333,0.7083333333333334,-1.0833333333333333,0.0,1.1666666666666667,-1.2083333333333333,-0.2916666666666667,0.625,-2.5833333333333335,-2.0,-14.291666666666666,-0.16666666666666666,-6.833333333333333,9.0,-2.0416666666666665,-7.166666666666667,1.0,-1.7916666666666667,-1.5833333333333333,7.541666666666667,5.458333333333333,38.416666666666664,-0.5833333333333334,2.4583333333333335,-1.0,15.416666666666666,-2.7083333333333335,-1.7916666666666667,15.875,9.083333333333334,-8.0,9.958333333333334,2.5416666666666665,-6.708333333333333,1.0833333333333333,0.20833333333333334,4.0,10.333333333333334
7.333333333333333,0.16666666666666666,12.625,-5.958333333333333,11.5,-29.583333333333332,35.375,88.0,2.0833333333333335,-75.25,226.5,-29.25,65.45833333333333,142.5,-3.8333333333333335,-0.25,98.08333333333333,0.0,201.83333333333334,-4.0,-12.958333333333334,0.125,47.0,-7.125,3.0,381.7916666666667,69.58333333333333,-54.458333333333336,186.58333333333334,35.958333333333336,14.958333333333334,72.79166666666667,5.583333333333333,146.95833333333334,0.3333333333333333,-0.9166666666666666,12.75,116.25,20.333333333333332,34.333333333333336,11.75,7.75,-18.333333333333332,0.20833333333333334,4.166666666666667,3.25,7.75,0.25,1.625,0.0,0.0,-6.666666666666667,-1.1666666666666667,1.9583333333333333,-6.291666666666667,-10.416666666666666,30.708333333333332,0.20833333333333334,-19.541666666666668,9.916666666666666,-5.333333333333333,15.291666666666666,6.333333333333333,5.958333333333333,-0.4166666666666667,0.8333333333333334,12.0,10.125,-5.541666666666667,-2.3333333333333335,0.041666666666666664,-7.75,-4.791666666666667,1.625,72.875,35.583333333333336,-19.416666666666668,3.3333333333333335,-0.8333333333333334,22.541666666666668,2.625,0.0,3.4583333333333335,37.541666666666664
6.375,2.375,21.458333333333332,-1.9166666666666667,3.125,-15.708333333333334,34.708333333333336,78.45833333333333,0.16666666666666666,-31.208333333333332,57.083333333333336,-11.958333333333334,17.166666666666668,136.04166666666666,-3.625,-0.625,323.5833333333333,201.83333333333334,0.0,-0.3333333333333333,-37.583333333333336,0.5833333333333334,83.66666666666667,-4.208333333333333,1.2916666666666667,525.9166666666666,145.91666666666666,-26.291666666666668,175.45833333333334,49.541666666666664,4.083333333333333,26.458333333333332,5.541666666666667,169.29166666666666,-24.708333333333332,56.458333333333336,31.25,98.54166666666667,11.916666666666666,12.166666666666666,2.75,3.5,-4.333333333333333,1.2916666666666667,4.583333333333333,4.333333333333333,4.666666666666667,0.4166666666666667,1.1666666666666667,0.125,0.5833333333333334,4.125,-0.5,0.9583333333333334,-3.6666666666666665,-2.5416666666666665,-16.666666666666668,-0.4166666666666667,-9.791666666666666,7.041666666666667,-2.25,2.4583333333333335,5.875,-2.0833333333333335,-0.5,3.0416666666666665,12.208333333333334,41.583333333333336,-1.375,-2.3333333333333335,-0.16666666666666666,-7.083333333333333,-3.2916666666666665,0.5,29.416666666666668,28.416666666666668,-8.416666666666666,6.541666666666667,-1.2083333333333333,6.291666666666667,1.125,0.041666666666666664,3.125,18.458333333333332
0.08333333333333333,-0.5416666666666666,-1.25,31.5,-10.916666666666666,51.791666666666664,-4.25,73.33333333333333,21.666666666666668,235.25,4.791666666666667,121.20833333333333,-4.625,-12.416666666666666,24.75,1.25,-1.5,-4.0,-0.3333333333333333,0.0,3.8333333333333335,-2.375,3.6666666666666665,30.083333333333332,-0.625,-35.875,-3.9166666666666665,74.58333333333333,8.791666666666666,-0.625,2.625,23.458333333333332,0.041666666666666664,-0.2916666666666667,-176.5,-17.25,-5.708333333333333,-7.833333333333333,-2.5833333333333335,14.5,1.2083333333333333,-3.3333333333333335,-10.208333333333334,-3.8333333333333335,-1.9583333333333333,-0.75,-13.75,-0.875,-1.125,0.16666666666666666,-0.5833333333333334,-1.0416666666666667,16.708333333333332,-1.6666666666666667,20.25,-6.875,97.5,-4.708333333333333,145.91666666666666,-9.208333333333334,34.041666666666664,-1.7916666666666667,6.583333333333333,7.833333333333333,0.8333333333333334,-0.25,-9.583333333333334,-3.7916666666666665,41.583333333333336,3.6666666666666665,-0.8333333333333334,3.4583333333333335,34.625,-1.375,-19.041666666666668,-4.625,81.875,3.5416666666666665,-0.4166666666666667,2.5,5.916666666666667,0.041666666666666664,-2.8333333333333335,-165.54166666666666
10.958333333333334,-0.5,-110.91666666666667,2.5,3.0833333333333335,13.791666666666666,-245.125,60.625,-3.875,23.0,2.4166666666666665,8.541666666666666,-24.125,-139.125,-0.20833333333333334,25.833333333333332,100.75,-12.958333333333334,-37.583333333333336,3.8333333333333335,0.0,12.666666666666666,770.75,-48.875,-1.5416666666666667,-198.16666666666666,-70.58333333333333,317.5,232.5,775.75,-2.5833333333333335,6.916666666666667,17.916666666666668,134.83333333333334,-40.666666666666664,-68.29166666666667,-24.25,-64.875,-11.125,-5.083333333333333,5.25,-9.958333333333334,-43.291666666666664,-6.916666666666667,-3.2916666666666665,-1.2083333333333333,2.2083333333333335,0.875,-0.7916666666666666,0.25,-1.2083333333333333,-10.25,1.0833333333333333,1.0,3.0416666666666665,-3.375,18.333333333333332,-1.1666666666666667,10.583333333333334,3.2083333333333335,3.9583333333333335,-12.5,6.25,0.7916666666666666,8.125,0.5,-2.0,-3.25,3.5416666666666665,25.041666666666668,-4.375,37.875,-20.083333333333332,-1.875,-26.75,-38.625,55.125,3.7916666666666665,1.875,3.0,1.1666666666666667,0.041666666666666664,3.3333333333333335,-22.583333333333332
-0.041666666666666664,3.5,-2.0,-1.1666666666666667,-0.75,-4.291666666666667,-0.375,-1.0416666666666667,9.583333333333334,-2.5,3.1666666666666665,-4.708333333333333,10.666666666666666,0.8333333333333334,0.8333333333333334,21.583333333333332,1.125,0.125,0.5833333333333334,-2.375,12.666666666666666,0.0,7.416666666666667,63.875,4.208333333333333,8.5,74.04166666666667,-14.333333333333334,1.4583333333333333,0.7083333333333334,0.6666666666666666,-0.8333333333333334,0.0,0.4166666666666667,-8.166666666666666,3.875,-1.125,1.0,0.625,0.8333333333333334,0.25,1.0,4.75,-3.875,0.375,0.16666666666666666,0.75,0.125,0.0,-0.041666666666666664,5.125,-1.7916666666666667,-0.375,0.20833333333333334,-1.3333333333333333,-2.875,-6.0,3.4583333333333335,-5.083333333333333,1.5833333333333333,-2.3333333333333335,9.666666666666666,0.25,1.25,18.958333333333332,0.08333333333333333,0.2916666666666667,1.0416666666666667,-2.25,5.916666666666667,26.416666666666668,9.208333333333334,38.208333333333336,2.5416666666666665,2.625,80.70833333333333,-14.333333333333334,0.875,0.375,-1.375,0.375,0.0,0.625,-8.958333333333334
6.541666666666667,0.6666666666666666,-94.54166666666667,1.7916666666666667,-1.1666666666666667,5.666666666666667,-172.08333333333334,20.75,-2.2916666666666665,39.083333333333336,-14.0,4.25,-25.0,16.75,-5.458333333333333,23.25,385.7083333333333,47.0,83.66666666666667,3.6666666666666665,770.75,7.416666666666667,0.0,-27.25,-2.7916666666666665,-627.7916666666666,-141.45833333333334,198.375,179.54166666666666,404.3333333333333,-2.0416666666666665,10.583333333333334,11.541666666666666,141.16666666666666,-49.5,-101.625,-39.0,73.0,-7.0,-22.75,6.833333333333333,-12.375,-83.45833333333333,-9.833333333333334,4.541666666666667,-2.2083333333333335,1.5833333333333333,1.7916666666666667,-1.625,0.041666666666666664,-1.0416666666666667,-37.166666666666664,0.75,-1.8333333333333333,4.041666666666667,-3.875,-3.5833333333333335,-1.3333333333333333,3.5833333333333335,-6.625,3.375,-13.041666666666666,-3.3333333333333335,-2.5833333333333335,8.666666666666666,2.5416666666666665,-3.125,-6.25,2.25,16.958333333333332,-2.5,82.83333333333333,-12.666666666666666,-2.0833333333333335,-49.375,-79.08333333333333,26.916666666666668,5.958333333333333,2.1666666666666665,-9.0,1.8333333333333333,0.20833333333333334,6.625,-24.916666666666668
-0.4583333333333333,1.2916666666666667,4.958333333333333,41.75,-5.958333333333333,-57.208333333333336,92.25,-57.958333333333336,70.33333333333333,-55.875,-17.041666666666668,-31.375,34.5,-3.875,27.083333333333332,-18.083333333333332,-4.416666666666667,-7.125,-4.208333333333333,30.083333333333332,-48.875,63.875,-27.25,0.0,10.291666666666666,38.875,34.291666666666664,516.0833333333334,-8.958333333333334,-8.416666666666666,11.458333333333334,-21.166666666666668,-0.25,-3.6666666666666665,-51.083333333333336,4.166666666666667,-8.708333333333334,-9.166666666666666,-2.1666666666666665,29.416666666666668,-2.9583333333333335,-0.25,11.291666666666666,-9.916666666666666,-2.7916666666666665,-2.0416666666666665,-7.791666666666667,-2.0416666666666665,-0.3333333333333333,-0.625,3.3333333333333335,1.3333333333333333,23.0,1.0416666666666667,-17.625,38.958333333333336,-86.16666666666667,19.625,-83.91666666666667,-8.958333333333334,-12.458333333333334,27.125,-19.708333333333332,10.833333333333334,-12.041666666666666,-0.2916666666666667,-5.041666666666667,-5.25,5.583333333333333,-35.708333333333336,20.791666666666668,-29.083333333333332,228.54166666666666,5.25,10.375,45.083333333333336,274.3333333333333,-6.666666666666667,-0.9166666666666666,4.166666666666667,-1.7083333333333333,-0.041666666666666664,-3.8333333333333335,37.166666666666664
-0.125,6.375,0.4583333333333333,-1.0416666666666667,1.9583333333333333,-5.083333333333333,1.5416666666666667,-4.916666666666667,3.2916666666666665,-3.2083333333333335,16.291666666666668,-4.25,74.58333333333333,2.4166666666666665,1.7083333333333333,-1.9166666666666667,-2.4166666666666665,3.0,1.2916666666666667,-0.625,-1.5416666666666667,4.208333333333333,-2.7916666666666665,10.291666666666666,0.0,42.583333333333336,118.83333333333333,-9.708333333333334,1.875,-0.7916666666666666,35.333333333333336,4.916666666666667,-0.041666666666666664,1.25,-8.041666666666666,3.5,3.5833333333333335,2.9583333333333335,2.0416666666666665,3.9166666666666665,0.75,5.125,1.125,3.375,1.125,0.16666666666666666,3.2083333333333335,0.75,0.375,-0.041666666666666664,5.083333333333333,-1.5416666666666667,-0.4166666666666667,0.7916666666666666,-2.0,-1.7083333333333333,-3.5,0.75,-5.916666666666667,13.625,-1.6666666666666667,84.25,3.7916666666666665,1.9166666666666667,-1.5833333333333333,-0.4166666666666667,2.25,0.8333333333333334,-1.4166666666666667,-1.6666666666666667,1.2083333333333333,-3.25,9.208333333333334,35.0,34.166666666666664,143.0,-10.125,2.0833333333333335,-0.4583333333333333,42.083333333333336,1.0416666666666667,0.041666666666666664,2.2083333333333335,-9.333333333333334
-5.0,20.083333333333332,456.5,-15.125,7.958333333333333,-87.16666666666667,259.8333333333333,347.1666666666667,9.958333333333334,-205.33333333333334,331.2916666666667,-78.0,188.83333333333334,252.45833333333334,-24.291666666666668,-4.25,959.3333333333334,381.7916666666667,525.9166666666666,-35.875,-198.16666666666666,8.5,-627.7916666666666,38.875,42.583333333333336,0.0,1697.4166666666667,-189.625,-247.29166666666666,126.625,126.83333333333333,-22.041666666666668,-6.416666666666667,-50.583333333333336,166.16666666666666,223.875,123.625,156.08333333333334,58.791666666666664,-18.791666666666668,-7.583333333333333,37.75,81.29166666666667,23.958333333333332,16.125,9.458333333333334,-24.791666666666668,-3.5,5.541666666666667,-0.9166666666666666,7.208333333333333,87.29166666666667,-4.75,-5.0,-20.541666666666668,-20.208333333333332,-94.91666666666667,3.7083333333333335,-65.58333333333333,45.166666666666664,-15.583333333333334,99.0,-24.541666666666668,-14.541666666666666,-4.666666666666667,-4.083333333333333,35.791666666666664,97.58333333333333,-14.458333333333334,-13.25,2.875,-43.208333333333336,-11.75,22.208333333333332,616.9583333333334,611.0833333333334,-70.875,-18.541666666666668,-6.75,116.5,-9.833333333333334,-0.125,-14.375,123.29166666666667
2.9583333333333335,85.95833333333333,324.0,-9.625,6.833333333333333,-56.916666666666664,57.916666666666664,-78.875,21.75,-61.708333333333336,99.625,-39.5,247.91666666666666,68.25,17.5,-34.125,244.125,69.58333333333333,145.91666666666666,-3.9166666666666665,-70.58333333333333,74.04166666666667,-141.45833333333334,34.291666666666664,118.83333333333333,1697.4166666666667,0.0,-158.66666666666666,107.58333333333333,-4.791666666666667,165.83333333333334,41.416666666666664,1.875,20.916666666666668,-104.83333333333333,137.58333333333334,62.541666666666664,106.70833333333333,38.375,49.375,10.25,28.125,68.95833333333333,34.625,18.208333333333332,9.833333333333334,24.875,4.375,3.5833333333333335,0.7083333333333334,58.125,22.041666666666668,-3.7083333333333335,-1.9583333333333333,-14.166666666666666,-15.791666666666666,-76.66666666666667,8.041666666666666,-46.208333333333336,54.0,-14.208333333333334,189.79166666666666,-30.166666666666668,6.291666666666667,-35.416666666666664,-8.416666666666666,22.916666666666668,26.75,-5.333333333333333,-24.125,21.25,-70.45833333333333,83.875,89.41666666666667,148.08333333333334,1486.25,-117.45833333333333,-6.708333333333333,-3.7916666666666665,164.79166666666666,7.416666666666667,0.16666666666666666,5.375,92.04166666666667
-3.875,-4.75,51.166666666666664,73.95833333333333,-23.708333333333332,114.41666666666667,1265.625,162.54166666666666,-56.25,493.875,-77.20833333333333,138.75,-78.5,-175.29166666666666,-16.25,55.375,25.166666666666668,-54.458333333333336,-26.291666666666668,74.58333333333333,317.5,-14.333333333333334,198.375,516.0833333333334,-9.708333333333334,-189.625,-158.66666666666666,0.0,-118.125,295.7083333333333,-24.708333333333332,-69.375,-3.0,-49.958333333333336,-331.5,-112.95833333333333,-39.416666666666664,-59.833333333333336,-15.708333333333334,-92.04166666666667,-10.041666666666666,-22.208333333333332,-62.125,-19.0,-12.125,-4.916666666666667,-41.083333333333336,-5.291666666666667,-3.9583333333333335,-1.8333333333333333,-3.375,-10.166666666666666,31.791666666666668,-4.791666666666667,35.666666666666664,123.16666666666667,189.875,-13.916666666666666,218.25,-26.291666666666668,47.166666666666664,-46.083333333333336,-61.041666666666664,-20.291666666666668,25.416666666666668,-1.0833333333333333,-16.458333333333332,-12.208333333333334,53.375,41.833333333333336,-17.208333333333332,-1.2916666666666667,196.45833333333334,-6.25,-69.08333333333333,-137.91666666666666,618.0833333333334,-17.375,-13.875,-22.375,-10.791666666666666,-0.041666666666666664,-17.375,-241.83333333333334
105.79166666666667,1.625,-2.6666666666666665,5.25,10.375,35.208333333333336,85.5,109.16666666666667,0.0,123.79166666666667,151.625,-1.1666666666666667,45.958333333333336,1078.6666666666667,0.2916666666666667,0.9166666666666666,173.20833333333334,186.58333333333334,175.45833333333334,8.791666666666666,232.5,1.4583333333333333,179.54166666666666,-8.958333333333334,1.875,-247.29166666666666,107.58333333333333,-118.125,0.0,619.0833333333334,9.583333333333334,125.70833333333333,68.83333333333333,693.7916666666666,-45.083333333333336,-42.166666666666664,-37.541666666666664,366.0416666666667,18.75,43.083333333333336,14.458333333333334,9.666666666666666,-12.958333333333334,-2.8333333333333335,4.583333333333333,-0.9583333333333334,5.0,1.2083333333333333,-1.0,0.08333333333333333,0.125,-13.583333333333334,0.7083333333333334,1.5833333333333333,4.833333333333333,-3.375,21.083333333333332,-0.9166666666666666,-5.791666666666667,4.833333333333333,1.1666666666666667,12.208333333333334,6.333333333333333,3.4166666666666665,0.5833333333333334,1.0416666666666667,4.25,9.125,3.8333333333333335,1.9583333333333333,-0.125,7.875,-5.041666666666667,0.16666666666666666,-33.958333333333336,49.25,-15.333333333333334,4.541666666666667,0.4583333333333333,7.208333333333333,2.2083333333333335,0.0,3.4166666666666665,-27.791666666666668
74.20833333333333,0.16666666666666666,46.291666666666664,-0.7083333333333334,0.4166666666666667,-4.291666666666667,313.875,121.04166666666667,-0.4166666666666667,-35.25,16.125,-3.1666666666666665,-6.833333333333333,167.04166666666666,-1.2083333333333333,1.1666666666666667,76.79166666666667,35.958333333333336,49.541666666666664,-0.625,775.75,0.7083333333333334,404.3333333333333,-8.416666666666666,-0.7916666666666666,126.625,-4.791666666666667,295.7083333333333,619.0833333333334,0.0,-2.375,8.166666666666666,45.25,192.95833333333334,-9.75,-23.791666666666668,-13.666666666666666,85.95833333333333,1.9583333333333333,-6.5,0.3333333333333333,-1.625,-8.625,-1.25,4.208333333333333,0.6666666666666666,0.20833333333333334,0.16666666666666666,-0.16666666666666666,0.16666666666666666,0.0,-0.20833333333333334,-0.08333333333333333,0.25,-0.375,-0.875,-4.25,-0.125,-2.0,0.2916666666666667,-0.5416666666666666,-2.7083333333333335,-0.5833333333333334,-0.4583333333333333,0.2916666666666667,0.125,0.0,1.3333333333333333,-0.375,1.9583333333333333,0.08333333333333333,6.125,-1.125,-0.20833333333333334,5.291666666666667,3.3333333333333335,10.458333333333334,1.75,0.7916666666666666,-1.2916666666666667,0.20833333333333334,0.0,0.5416666666666666,-3.1666666666666665
0.4583333333333333,-4.958333333333333,6.125,2.8333333333333335,5.166666666666667,2.0833333333333335,5.333333333333333,13.75,3.875,-2.125,53.75,3.25,110.04166666666667,9.375,5.166666666666667,0.20833333333333334,-6.833333333333333,14.958333333333334,4.083333333333333,2.625,-2.5833333333333335,0.6666666666666666,-2.0416666666666665,11.458333333333334,35.333333333333336,126.83333333333333,165.83333333333334,-24.708333333333332,9.583333333333334,-2.375,0.0,14.583333333333334,0.3333333333333333,-1.5,-14.583333333333334,-33.916666666666664,-17.708333333333332,21.0,16.75,16.75,5.291666666666667,8.208333333333334,-17.708333333333332,-2.25,-3.7916666666666665,-0.7083333333333334,6.916666666666667,1.5833333333333333,1.375,0.08333333333333333,-2.9166666666666665,-3.1666666666666665,1.0416666666666667,1.375,4.958333333333333,3.9166666666666665,26.041666666666668,0.875,6.208333333333333,29.583333333333332,1.0833333333333333,88.41666666666667,6.916666666666667,3.7916666666666665,-1.4166666666666667,-1.1666666666666667,3.2916666666666665,1.2083333333333333,0.4166666666666667,-2.0416666666666665,1.0833333333333333,-4.333333333333333,13.291666666666666,21.083333333333332,-22.166666666666668,147.66666666666666,-16.541666666666668,1.25,-0.5416666666666666,83.375,2.9583333333333335,0.08333333333333333,-0.375,3.0833333333333335
4.75,-1.2916666666666667,-9.75,-2.1666666666666665,39.958333333333336,118.08333333333333,-6.75,269.7083333333333,3.4583333333333335,45.125,176.33333333333334,-68.375,94.0,165.125,12.666666666666666,0.5416666666666666,12.0,72.79166666666667,26.458333333333332,23.458333333333332,6.916666666666667,-0.8333333333333334,10.583333333333334,-21.166666666666668,4.916666666666667,-22.041666666666668,41.416666666666664,-69.375,125.70833333333333,8.166666666666666,14.583333333333334,0.0,4.5,144.375,-73.5,-54.0,-25.25,127.0,6.0,112.41666666666667,28.708333333333332,19.208333333333332,-22.916666666666668,-8.416666666666666,-5.25,0.75,16.166666666666668,4.291666666666667,-1.0416666666666667,-0.041666666666666664,-0.4166666666666667,-3.6666666666666665,1.25,2.8333333333333335,16.25,-13.625,88.58333333333333,1.5833333333333333,-10.625,14.333333333333334,6.291666666666667,34.0,15.083333333333334,11.75,0.20833333333333334,0.375,7.291666666666667,6.333333333333333,9.083333333333334,0.625,-0.625,2.0,-4.25,-0.5,-30.416666666666668,30.458333333333332,-36.583333333333336,5.125,0.2916666666666667,16.625,7.75,0.0,7.583333333333333,105.79166666666667
7.5,0.08333333333333333,-0.5833333333333334,0.0,0.08333333333333333,0.08333333333333333,-0.4583333333333333,2.125,0.0,0.5416666666666666,2.2916666666666665,0.2916666666666667,0.20833333333333334,38.958333333333336,0.041666666666666664,0.041666666666666664,5.916666666666667,5.583333333333333,5.541666666666667,0.041666666666666664,17.916666666666668,0.0,11.541666666666666,-0.25,-0.041666666666666664,-6.416666666666667,1.875,-3.0,68.83333333333333,45.25,0.3333333333333333,4.5,0.0,41.708333333333336,-0.6666666666666666,-0.9166666666666666,-0.5833333333333334,30.083333333333332,0.5833333333333334,1.1666666666666667,0.5,0.25,-0.125,-0.125,0.25,0.0,0.0,0.0,0.0,0.0,0.0,-0.08333333333333333,0.0,0.08333333333333333,0.0,0.0,0.08333333333333333,-0.08333333333333333,-0.125,0.08333333333333333,-0.041666666666666664,0.25,0.041666666666666664,0.0,0.041666666666666664,0.0,0.0,0.041666666666666664,0.0,0.08333333333333333,0.0,0.0,0.0,0.0,-0.4583333333333333,0.5833333333333334,-0.25,0.041666666666666664,0.041666666666666664,0.0,0.041666666666666664,0.0,0.08333333333333333,-0.4166666666666667
26.625,0.5416666666666666,-23.708333333333332,-2.0833333333333335,8.166666666666666,-22.583333333333332,-46.625,44.583333333333336,-0.9583333333333334,-40.833333333333336,156.91666666666666,-18.208333333333332,31.791666666666668,111.375,1.25,0.4583333333333333,189.16666666666666,146.95833333333334,169.29166666666666,-0.2916666666666667,134.83333333333334,0.4166666666666667,141.16666666666666,-3.6666666666666665,1.25,-50.583333333333336,20.916666666666668,-49.958333333333336,693.7916666666666,192.95833333333334,-1.5,144.375,41.708333333333336,0.0,-27.75,-19.958333333333332,-16.75,268.0416666666667,17.166666666666668,25.875,11.541666666666666,2.0,-7.875,-2.5,2.5833333333333335,0.875,3.75,1.0416666666666667,0.4583333333333333,0.041666666666666664,0.08333333333333333,-3.4583333333333335,-0.5,1.7083333333333333,-4.041666666666667,-1.625,3.7083333333333335,-0.5833333333333334,-8.5,4.958333333333333,-2.3333333333333335,7.875,3.375,1.4166666666666667,0.4583333333333333,0.375,2.0416666666666665,3.4583333333333335,-1.8333333333333333,0.9166666666666666,0.125,4.166666666666667,-1.9583333333333333,0.8333333333333334,16.166666666666668,17.541666666666668,-8.333333333333334,1.625,1.0416666666666667,-0.7083333333333334,1.875,0.0,3.0,-17.458333333333332
-3.7083333333333335,-3.4583333333333335,-16.833333333333332,-76.54166666666667,127.5,223.29166666666666,-134.0,351.0,66.0,-1109.5416666666667,-126.16666666666667,797.9166666666666,-119.83333333333333,59.208333333333336,234.58333333333334,-5.791666666666667,-29.208333333333332,0.3333333333333333,-24.708333333333332,-176.5,-40.666666666666664,-8.166666666666666,-49.5,-51.083333333333336,-8.041666666666666,166.16666666666666,-104.83333333333333,-331.5,-45.083333333333336,-9.75,-14.583333333333334,-73.5,-0.6666666666666666,-27.75,0.0,95.41666666666667,5.625,37.791666666666664,13.208333333333334,261.2916666666667,-17.75,-30.166666666666668,74.125,22.0,18.708333333333332,4.208333333333333,74.58333333333333,10.666666666666666,2.5416666666666665,-1.0833333333333333,0.5416666666666666,10.208333333333334,-43.875,16.416666666666668,35.0,-39.5,555.125,43.875,-589.6666666666666,16.041666666666668,-59.375,-64.16666666666667,-37.0,54.583333333333336,-5.708333333333333,-2.6666666666666665,34.125,0.625,-130.5,-15.916666666666666,1.375,-26.833333333333332,-39.583333333333336,-2.4583333333333335,88.625,103.5,-227.20833333333334,-19.166666666666668,-4.583333333333333,32.458333333333336,-20.708333333333332,-0.25,-20.416666666666668,1923.5416666666667
-1.2916666666666667,1.75,53.958333333333336,-8.458333333333334,-10.458333333333334,-77.79166666666667,7.625,-85.375,2.8333333333333335,-40.041666666666664,-60.333333333333336,-45.833333333333336,-92.33333333333333,-41.833333333333336,-27.25,-5.416666666666667,47.416666666666664,-0.9166666666666666,56.458333333333336,-17.25,-68.29166666666667,3.875,-101.625,4.166666666666667,3.5,223.875,137.58333333333334,-112.95833333333333,-42.166666666666664,-23.791666666666668,-33.916666666666664,-54.0,-0.9166666666666666,-19.958333333333332,95.41666666666667,0.0,183.625,69.75,19.625,53.375,-9.125,10.083333333333334,88.58333333333333,31.791666666666668,13.75,7.291666666666667,-8.875,-2.25,5.125,-0.6666666666666666,1.4166666666666667,4.458333333333333,-4.25,-5.791666666666667,-18.791666666666668,-18.708333333333332,-105.875,2.5,-49.25,-29.375,-13.416666666666666,-47.958333333333336,-28.208333333333332,-11.875,-5.958333333333333,-2.4166666666666665,-15.541666666666666,-19.916666666666668,-7.291666666666667,-36.25,3.3333333333333335,-56.583333333333336,-21.541666666666668,1.4166666666666667,68.625,89.70833333333333,-66.91666666666667,-17.208333333333332,-10.875,-36.458333333333336,-10.333333333333334,-0.4166666666666667,-11.041666666666666,90.625
-0.6666666666666666,1.3333333333333333,20.291666666666668,-2.4166666666666665,-6.166666666666667,-23.375,-16.041666666666668,-28.166666666666668,-0.5833333333333334,-17.25,-9.625,-13.333333333333334,42.208333333333336,-26.625,-7.875,-1.0416666666666667,-31.583333333333332,12.75,31.25,-5.708333333333333,-24.25,-1.125,-39.0,-8.708333333333334,3.5833333333333335,123.625,62.541666666666664,-39.416666666666664,-37.541666666666664,-13.666666666666666,-17.708333333333332,-25.25,-0.5833333333333334,-16.75,5.625,183.625,0.0,75.04166666666667,34.291666666666664,-17.375,-4.458333333333333,32.083333333333336,34.0,12.875,7.083333333333333,3.875,-3.7916666666666665,-1.5416666666666667,1.7916666666666667,-0.20833333333333334,0.75,4.583333333333333,-0.9583333333333334,-1.0,-5.333333333333333,-4.75,-25.333333333333332,-0.08333333333333333,-13.75,-5.958333333333333,-2.5,16.5,-7.75,-3.375,-1.5833333333333333,-2.3333333333333335,-1.0416666666666667,-1.625,-2.25,-3.625,-0.7916666666666666,-13.25,-7.0,1.625,45.375,49.166666666666664,-15.916666666666666,-4.666666666666667,-1.0,-16.791666666666668,-3.0,-0.08333333333333333,-4.166666666666667,23.083333333333332
10.0,1.2083333333333333,29.125,-3.9166666666666665,14.333333333333334,-34.958333333333336,8.291666666666666,-25.875,-1.625,-48.25,124.25,-31.25,57.25,175.375,11.666666666666666,-1.0833333333333333,45.541666666666664,116.25,98.54166666666667,-7.833333333333333,-64.875,1.0,73.0,-9.166666666666666,2.9583333333333335,156.08333333333334,106.70833333333333,-59.833333333333336,366.0416666666667,85.95833333333333,21.0,127.0,30.083333333333332,268.0416666666667,37.791666666666664,69.75,75.04166666666667,0.0,102.41666666666667,41.958333333333336,16.333333333333332,23.541666666666668,21.791666666666668,7.291666666666667,7.5,3.75,10.25,3.4583333333333335,2.2083333333333335,-0.08333333333333333,0.625,12.833333333333334,-1.25,2.2083333333333335,-7.458333333333333,-6.125,-44.458333333333336,-0.7083333333333334,-22.75,10.958333333333334,-7.5,25.666666666666668,-4.916666666666667,5.916666666666667,-0.9166666666666666,2.375,7.0,11.416666666666666,-3.875,-3.75,0.625,5.458333333333333,-6.208333333333333,3.25,48.75,50.916666666666664,-18.5,5.708333333333333,1.4583333333333333,-19.375,-5.416666666666667,0.08333333333333333,8.541666666666666,49.375
-0.08333333333333333,0.9583333333333334,11.625,-1.2916666666666667,6.625,-11.166666666666666,5.041666666666667,14.458333333333334,0.08333333333333333,-9.25,24.625,-4.5,29.875,11.333333333333334,2.5416666666666665,-0.4583333333333333,14.958333333333334,20.333333333333332,11.916666666666666,-2.5833333333333335,-11.125,0.625,-7.0,-2.1666666666666665,2.0416666666666665,58.791666666666664,38.375,-15.708333333333334,18.75,1.9583333333333333,16.75,6.0,0.5833333333333334,17.166666666666668,13.208333333333334,19.625,34.291666666666664,102.41666666666667,0.0,3.7916666666666665,7.791666666666667,14.708333333333334,5.625,3.8333333333333335,2.5416666666666665,1.8333333333333333,3.3333333333333335,0.9583333333333334,1.125,0.0,0.20833333333333334,5.791666666666667,-0.3333333333333333,0.7083333333333334,-2.5833333333333335,-2.0,-14.375,0.5416666666666666,-5.5,6.458333333333333,-1.125,14.208333333333334,-4.166666666666667,1.5833333333333333,-0.20833333333333334,0.8333333333333334,2.4583333333333335,4.708333333333333,-0.625,-0.8333333333333334,0.125,-3.7916666666666665,-1.75,1.7083333333333333,21.125,23.916666666666668,-4.125,0.8333333333333334,0.4583333333333333,-3.7083333333333335,1.7916666666666667,0.041666666666666664,2.5,10.5
-1.375,0.7916666666666666,-6.833333333333333,-15.416666666666666,63.166666666666664,203.45833333333334,23.916666666666668,196.33333333333334,11.708333333333334,-76.04166666666667,73.5,-28.25,65.91666666666667,69.66666666666667,89.0,-0.7083333333333334,2.375,34.333333333333336,12.166666666666666,14.5,-5.083333333333333,0.8333333333333334,-22.75,29.416666666666668,3.9166666666666665,-18.791666666666668,49.375,-92.04166666666667,43.083333333333336,-6.5,16.75,112.41666666666667,1.1666666666666667,25.875,261.2916666666667,53.375,-17.375,41.958333333333336,3.7916666666666665,0.0,17.0,-7.625,-12.291666666666666,-5.041666666666667,-5.791666666666667,0.625,18.208333333333332,3.2916666666666665,-1.0416666666666667,-0.16666666666666666,0.08333333333333333,-4.125,-7.5,2.7083333333333335,22.0,-9.625,103.58333333333333,4.375,-74.70833333333333,17.333333333333332,-9.416666666666666,30.041666666666668,16.583333333333332,14.666666666666666,-0.4583333333333333,-0.625,2.0,-5.875,-18.625,-2.4583333333333335,0.3333333333333333,-8.25,22.166666666666668,3.7916666666666665,-37.375,37.25,-62.5,5.541666666666667,-0.625,18.458333333333332,8.0,0.125,7.166666666666667,133.25
0.3333333333333333,0.25,-1.875,-0.9583333333333334,11.75,17.25,4.541666666666667,14.833333333333334,1.1666666666666667,-3.2083333333333335,29.5,-1.625,24.166666666666668,7.791666666666667,5.0,0.125,0.5416666666666666,11.75,2.75,1.2083333333333333,5.25,0.25,6.833333333333333,-2.9583333333333335,0.75,-7.583333333333333,10.25,-10.041666666666666,14.458333333333334,0.3333333333333333,5.291666666666667,28.708333333333332,0.5,11.541666666666666,-17.75,-9.125,-4.458333333333333,16.333333333333332,7.791666666666667,17.0,0.0,4.875,-2.9583333333333335,-1.0833333333333333,0.4166666666666667,0.20833333333333334,2.75,0.6666666666666666,0.125,0.16666666666666666,0.125,-0.6666666666666666,-0.375,0.375,2.125,-2.75,10.625,0.3333333333333333,-1.9166666666666667,2.6666666666666665,0.125,7.291666666666667,1.625,2.3333333333333335,0.375,0.041666666666666664,0.7083333333333334,0.8333333333333334,-0.7083333333333334,0.5416666666666666,0.041666666666666664,1.1666666666666667,-2.2083333333333335,1.0,-4.458333333333333,7.458333333333333,-7.041666666666667,1.3333333333333333,0.16666666666666666,4.875,1.0416666666666667,0.041666666666666664,1.9583333333333333,-12.0
0.0,1.2916666666666667,-9.708333333333334,-2.5416666666666665,-3.5833333333333335,-15.291666666666666,-2.75,-9.375,1.4166666666666667,-13.541666666666666,16.375,-11.916666666666666,25.75,8.125,-3.5,-0.4583333333333333,-6.0,7.75,3.5,-3.3333333333333335,-9.958333333333334,1.0,-12.375,-0.25,5.125,37.75,28.125,-22.208333333333332,9.666666666666666,-1.625,8.208333333333334,19.208333333333332,0.25,2.0,-30.166666666666668,10.083333333333334,32.083333333333336,23.541666666666668,14.708333333333334,-7.625,4.875,0.0,5.416666666666667,4.583333333333333,1.3333333333333333,2.8333333333333335,6.916666666666667,2.0416666666666665,1.125,-0.08333333333333333,0.6666666666666666,-2.0833333333333335,-0.5,0.375,-6.333333333333333,-4.458333333333333,7.791666666666667,0.7916666666666666,-16.208333333333332,7.791666666666667,-2.5833333333333335,28.125,8.416666666666666,4.083333333333333,-0.5833333333333334,-0.4583333333333333,4.0,3.0833333333333335,-1.9166666666666667,-1.375,0.16666666666666666,-5.333333333333333,2.0833333333333335,3.625,16.083333333333332,24.041666666666668,-12.0,3.1666666666666665,-0.625,9.875,2.5416666666666665,0.08333333333333333,1.9166666666666667,-11.541666666666666
-0.20833333333333334,1.9166666666666667,24.916666666666668,-7.291666666666667,-10.333333333333334,-30.458333333333332,-11.5,-35.0,1.5416666666666667,-19.833333333333332,-35.75,-23.0,-56.208333333333336,-14.041666666666666,-13.375,-5.208333333333333,-14.333333333333334,-18.333333333333332,-4.333333333333333,-10.208333333333334,-43.291666666666664,4.75,-83.45833333333333,11.291666666666666,1.125,81.29166666666667,68.95833333333333,-62.125,-12.958333333333334,-8.625,-17.708333333333332,-22.916666666666668,-0.125,-7.875,74.125,88.58333333333333,34.0,21.791666666666668,5.625,-12.291666666666666,-2.9583333333333335,5.416666666666667,0.0,133.70833333333334,22.833333333333332,19.291666666666668,50.541666666666664,2.5833333333333335,14.166666666666666,-1.0,1.7083333333333333,40.583333333333336,-3.375,-8.375,-22.333333333333332,-20.166666666666668,-145.04166666666666,1.875,-42.416666666666664,-40.791666666666664,-8.958333333333334,-45.166666666666664,-33.041666666666664,-16.5,-6.958333333333333,-0.75,-22.666666666666668,65.375,-6.75,-38.166666666666664,2.1666666666666665,-113.625,8.166666666666666,3.2916666666666665,272.125,139.25,-69.29166666666667,-22.875,-11.5,-50.416666666666664,-9.5,-0.3333333333333333,-15.583333333333334,97.04166666666667
-0.08333333333333333,2.4166666666666665,7.166666666666667,-3.4166666666666665,-3.0416666666666665,-7.541666666666667,-2.5,-7.916666666666667,-1.0833333333333333,-7.375,-8.875,-9.541666666666666,-11.708333333333334,-4.708333333333333,-4.041666666666667,-2.4583333333333335,-4.208333333333333,0.20833333333333334,1.2916666666666667,-3.8333333333333335,-6.916666666666667,-3.875,-9.833333333333334,-9.916666666666666,3.375,23.958333333333332,34.625,-19.0,-2.8333333333333335,-1.25,-2.25,-8.416666666666666,-0.125,-2.5,22.0,31.791666666666668,12.875,7.291666666666667,3.8333333333333335,-5.041666666666667,-1.0833333333333333,4.583333333333333,133.70833333333334,0.0,73.04166666666667,37.5,-12.375,0.8333333333333334,19.041666666666668,-0.625,1.3333333333333333,12.958333333333334,-0.75,-2.6666666666666665,-10.458333333333334,-8.375,-63.5,1.125,-15.541666666666666,-10.958333333333334,-4.166666666666667,23.291666666666668,-20.208333333333332,-7.666666666666667,-2.5833333333333335,-3.5416666666666665,9.25,-17.208333333333332,-2.6666666666666665,-10.833333333333334,0.5833333333333334,-39.75,-7.708333333333333,5.5,121.875,53.541666666666664,-21.083333333333332,-15.666666666666666,-3.625,-8.083333333333334,-4.041666666666667,-0.25,-8.5,37.791666666666664
-0.5416666666666666,0.5,4.375,-1.2083333333333333,2.5416666666666665,-5.583333333333333,-0.125,-5.916666666666667,-0.7083333333333334,-5.958333333333333,5.5,-6.041666666666667,8.541666666666666,-2.0833333333333335,-1.3333333333333333,-0.4583333333333333,7.583333333333333,4.166666666666667,4.583333333333333,-1.9583333333333333,-3.2916666666666665,0.375,4.541666666666667,-2.7916666666666665,1.125,16.125,18.208333333333332,-12.125,4.583333333333333,4.208333333333333,-3.7916666666666665,-5.25,0.25,2.5833333333333335,18.708333333333332,13.75,7.083333333333333,7.5,2.5416666666666665,-5.791666666666667,0.4166666666666667,1.3333333333333333,22.833333333333332,73.04166666666667,0.0,40.416666666666664,44.416666666666664,15.916666666666666,18.0,5.958333333333333,0.25,16.916666666666668,-0.875,3.5416666666666665,-11.375,-21.75,-107.16666666666667,-0.625,-18.458333333333332,53.083333333333336,-2.875,7.208333333333333,-180.20833333333334,-1.3333333333333333,-0.6666666666666666,14.583333333333334,41.875,69.83333333333333,-1.4583333333333333,-26.333333333333332,0.3333333333333333,38.25,-2.5,4.166666666666667,73.66666666666667,62.541666666666664,-30.041666666666668,156.375,66.29166666666667,-10.625,-20.375,12.875,113.75,29.541666666666668
-0.041666666666666664,0.16666666666666666,1.3333333333333333,-1.0,0.9166666666666666,-2.125,-0.8333333333333334,0.0,-0.2916666666666667,-2.7083333333333335,4.041666666666667,-1.7083333333333333,1.6666666666666667,0.8333333333333334,0.4583333333333333,-0.16666666666666666,4.041666666666667,3.25,4.333333333333333,-0.75,-1.2083333333333333,0.16666666666666666,-2.2083333333333335,-2.0416666666666665,0.16666666666666666,9.458333333333334,9.833333333333334,-4.916666666666667,-0.9583333333333334,0.6666666666666666,-0.7083333333333334,0.75,0.0,0.875,4.208333333333333,7.291666666666667,3.875,3.75,1.8333333333333333,0.625,0.20833333333333334,2.8333333333333335,19.291666666666668,37.5,40.416666666666664,0.0,5.25,8.75,5.666666666666667,-0.3333333333333333,0.041666666666666664,9.166666666666666,-0.375,1.375,-3.9166666666666665,-4.666666666666667,-28.416666666666668,0.041666666666666664,-7.625,14.166666666666666,-0.9583333333333334,2.0833333333333335,-6.125,3.5833333333333335,-0.2916666666666667,1.75,12.208333333333334,12.083333333333334,-0.375,-5.5,0.25,-8.666666666666666,-1.4166666666666667,2.5,40.083333333333336,19.333333333333332,-12.375,5.916666666666667,4.5,-3.0416666666666665,-3.8333333333333335,0.5,24.041666666666668,7.291666666666667
0.125,0.5,0.4166666666666667,-8.75,10.0,27.708333333333332,6.25,10.125,7.625,-25.416666666666668,19.625,-9.125,33.333333333333336,9.625,11.666666666666666,1.0416666666666667,1.5833333333333333,7.75,4.666666666666667,-13.75,2.2083333333333335,0.75,1.5833333333333333,-7.791666666666667,3.2083333333333335,-24.791666666666668,24.875,-41.083333333333336,5.0,0.20833333333333334,6.916666666666667,16.166666666666668,0.0,3.75,74.58333333333333,-8.875,-3.7916666666666665,10.25,3.3333333333333335,18.208333333333332,2.75,6.916666666666667,50.541666666666664,-12.375,44.416666666666664,5.25,0.0,7.166666666666667,7.0,0.875,0.375,-10.0,-0.3333333333333333,18.625,52.833333333333336,-50.041666666666664,287.4166666666667,2.125,-59.666666666666664,42.041666666666664,-2.1666666666666665,31.875,137.125,53.666666666666664,0.16666666666666666,2.125,37.875,12.041666666666666,-7.25,6.666666666666667,0.7916666666666666,15.125,15.916666666666666,4.083333333333333,-79.5,51.208333333333336,-94.625,91.625,8.583333333333334,17.541666666666668,30.708333333333332,4.25,39.166666666666664,-53.5
0.041666666666666664,0.25,-0.7083333333333334,-0.4166666666666667,2.125,1.0833333333333333,-0.7916666666666666,-0.4583333333333333,0.0,-0.20833333333333334,5.458333333333333,-3.0,8.625,0.9166666666666666,0.4583333333333333,0.20833333333333334,0.7083333333333334,0.25,0.4166666666666667,-0.875,0.875,0.125,1.7916666666666667,-2.0416666666666665,0.75,-3.5,4.375,-5.291666666666667,1.2083333333333333,0.16666666666666666,1.5833333333333333,4.291666666666667,0.0,1.0416666666666667,10.666666666666666,-2.25,-1.5416666666666667,3.4583333333333335,0.9583333333333334,3.2916666666666665,0.6666666666666666,2.0416666666666665,2.5833333333333335,0.8333333333333334,15.916666666666666,8.75,7.166666666666667,0.0,1.8333333333333333,0.7916666666666666,0.125,-4.041666666666667,-0.4166666666666667,4.916666666666667,5.958333333333333,-8.416666666666666,41.583333333333336,0.0,-7.791666666666667,10.708333333333334,-0.5416666666666666,8.75,31.166666666666668,2.625,0.041666666666666664,1.0833333333333333,4.041666666666667,7.166666666666667,-0.625,4.916666666666667,0.0,3.4583333333333335,-1.25,1.4166666666666667,-13.208333333333334,15.208333333333334,-11.375,18.916666666666668,5.958333333333333,3.5833333333333335,17.75,0.3333333333333333,11.375,-10.541666666666666
-0.041666666666666664,0.16666666666666666,-0.16666666666666666,-0.5833333333333334,0.2916666666666667,-2.0833333333333335,-0.375,-2.2083333333333335,-0.08333333333333333,-2.25,4.041666666666667,-2.625,9.458333333333334,-0.375,-0.625,-0.041666666666666664,-1.0833333333333333,1.625,1.1666666666666667,-1.125,-0.7916666666666666,0.0,-1.625,-0.3333333333333333,0.375,5.541666666666667,3.5833333333333335,-3.9583333333333335,-1.0,-0.16666666666666666,1.375,-1.0416666666666667,0.0,0.4583333333333333,2.5416666666666665,5.125,1.7916666666666667,2.2083333333333335,1.125,-1.0416666666666667,0.125,1.125,14.166666666666666,19.041666666666668,18.0,5.666666666666667,7.0,1.8333333333333333,0.0,0.0,0.041666666666666664,2.0416666666666665,-0.25,0.25,-2.5833333333333335,-3.5416666666666665,-7.0,0.20833333333333334,-8.125,3.75,-1.2083333333333333,6.416666666666667,-2.7083333333333335,0.125,-0.041666666666666664,-0.125,3.8333333333333335,7.958333333333333,-0.5416666666666666,-2.2083333333333335,0.08333333333333333,-5.791666666666667,-0.3333333333333333,1.2083333333333333,24.333333333333332,5.666666666666667,-8.458333333333334,-0.5416666666666666,-1.1666666666666667,2.0833333333333335,1.9583333333333333,-0.20833333333333334,4.791666666666667,2.0833333333333335
0.041666666666666664,-0.041666666666666664,-0.125,-0.125,-0.20833333333333334,-0.2916666666666667,-0.2916666666666667,-0.2916666666666667,-0.041666666666666664,0.4166666666666667,0.375,0.08333333333333333,0.125,0.16666666666666666,0.0,0.041666666666666664,0.0,0.0,0.125,0.16666666666666666,0.25,-0.041666666666666664,0.041666666666666664,-0.625,-0.041666666666666664,-0.9166666666666666,0.7083333333333334,-1.8333333333333333,0.08333333333333333,0.16666666666666666,0.08333333333333333,-0.041666666666666664,0.0,0.041666666666666664,-1.0833333333333333,-0.6666666666666666,-0.20833333333333334,-0.08333333333333333,0.0,-0.16666666666666666,0.16666666666666666,-0.08333333333333333,-1.0,-0.625,5.958333333333333,-0.3333333333333333,0.875,0.7916666666666666,0.0,0.0,0.0,-0.3333333333333333,0.041666666666666664,0.20833333333333334,0.875,-13.083333333333334,68.91666666666667,-0.041666666666666664,3.4166666666666665,8.416666666666666,0.0,-0.4166666666666667,217.625,-0.5,0.041666666666666664,1.0416666666666667,7.666666666666667,9.166666666666666,0.08333333333333333,7.291666666666667,0.0,3.0,-0.4166666666666667,-0.041666666666666664,-10.5,3.4166666666666665,-4.708333333333333,56.291666666666664,66.70833333333333,0.375,3.4166666666666665,2.7083333333333335,13.5,-1.5833333333333333
-0.041666666666666664,16.5,-0.6666666666666666,-0.2916666666666667,0.041666666666666664,-0.4583333333333333,-0.125,-0.75,1.0,-0.4166666666666667,1.75,-0.875,8.541666666666666,-0.375,0.20833333333333334,-1.5416666666666667,1.1666666666666667,0.0,0.5833333333333334,-0.5833333333333334,-1.2083333333333333,5.125,-1.0416666666666667,3.3333333333333335,5.083333333333333,7.208333333333333,58.125,-3.375,0.125,0.0,-2.9166666666666665,-0.4166666666666667,0.0,0.08333333333333333,0.5416666666666666,1.4166666666666667,0.75,0.625,0.20833333333333334,0.08333333333333333,0.125,0.6666666666666666,1.7083333333333333,1.3333333333333333,0.25,0.041666666666666664,0.375,0.125,0.041666666666666664,0.0,0.0,-2.2083333333333335,-0.375,0.041666666666666664,-0.25,-0.375,-1.7083333333333333,0.625,-0.9166666666666666,1.9583333333333333,-0.5,9.208333333333334,-0.16666666666666666,0.3333333333333333,0.7916666666666666,0.08333333333333333,0.4166666666666667,1.0416666666666667,-0.5833333333333334,0.08333333333333333,1.5416666666666667,-0.2916666666666667,2.1666666666666665,3.875,7.916666666666667,65.45833333333333,-4.708333333333333,0.4166666666666667,0.041666666666666664,-5.125,-0.2916666666666667,0.0,0.375,-0.7916666666666666
-0.041666666666666664,-1.5,38.041666666666664,-0.875,-1.25,-3.4166666666666665,2.0833333333333335,-3.875,0.7916666666666666,-3.5,-6.166666666666667,-2.8333333333333335,-11.166666666666666,-5.458333333333333,-0.7916666666666666,-1.75,-1.2083333333333333,-6.666666666666667,4.125,-1.0416666666666667,-10.25,-1.7916666666666667,-37.166666666666664,1.3333333333333333,-1.5416666666666667,87.29166666666667,22.041666666666668,-10.166666666666666,-13.583333333333334,-0.20833333333333334,-3.1666666666666665,-3.6666666666666665,-0.08333333333333333,-3.4583333333333335,10.208333333333334,4.458333333333333,4.583333333333333,12.833333333333334,5.791666666666667,-4.125,-0.6666666666666666,-2.0833333333333335,40.583333333333336,12.958333333333334,16.916666666666668,9.166666666666666,-10.0,-4.041666666666667,2.0416666666666665,-0.3333333333333333,-2.2083333333333335,0.0,-0.4583333333333333,-0.5,-2.7083333333333335,84.45833333333333,-54.375,0.375,-8.041666666666666,-0.375,-1.5833333333333333,-9.291666666666666,59.708333333333336,-2.0416666666666665,-4.208333333333333,70.16666666666667,14.583333333333334,123.875,-0.9583333333333334,-50.375,3.1666666666666665,-368.0416666666667,3.6666666666666665,0.5416666666666666,627.5416666666666,479.625,11.833333333333334,-47.583333333333336,19.5,0.041666666666666664,-2.0416666666666665,-0.4583333333333333,-19.208333333333332,-17.708333333333332
0.0,-0.20833333333333334,-0.125,16.083333333333332,-2.1666666666666665,16.5,-0.4583333333333333,-17.041666666666668,7.625,25.583333333333332,-4.416666666666667,23.166666666666668,0.7083333333333334,-2.0,7.208333333333333,0.625,-0.2916666666666667,-1.1666666666666667,-0.5,16.708333333333332,1.0833333333333333,-0.375,0.75,23.0,-0.4166666666666667,-4.75,-3.7083333333333335,31.791666666666668,0.7083333333333334,-0.08333333333333333,1.0416666666666667,1.25,0.0,-0.5,-43.875,-4.25,-0.9583333333333334,-1.25,-0.3333333333333333,-7.5,-0.375,-0.5,-3.375,-0.75,-0.875,-0.375,-0.3333333333333333,-0.4166666666666667,-0.25,0.041666666666666664,-0.375,-0.4583333333333333,0.0,-0.4583333333333333,4.458333333333333,7.791666666666667,23.916666666666668,1.7083333333333333,39.125,-1.3333333333333333,7.791666666666667,-0.625,1.25,1.2083333333333333,1.0416666666666667,0.0,-1.0416666666666667,-0.9166666666666666,10.041666666666666,1.2916666666666667,-0.5416666666666666,1.25,20.833333333333332,-0.041666666666666664,-6.541666666666667,-4.291666666666667,37.791666666666664,1.0833333333333333,-0.25,1.0416666666666667,0.7083333333333334,0.0,-0.375,-37.666666666666664
0.0,0.16666666666666666,-0.625,-1.1666666666666667,1.875,4.75,0.2916666666666667,5.083333333333333,2.4166666666666665,1.625,3.0416666666666665,-5.5,5.875,1.2916666666666667,3.3333333333333335,0.0,0.625,1.9583333333333333,0.9583333333333334,-1.6666666666666667,1.0,0.20833333333333334,-1.8333333333333333,1.0416666666666667,0.7916666666666666,-5.0,-1.9583333333333333,-4.791666666666667,1.5833333333333333,0.25,1.375,2.8333333333333335,0.08333333333333333,1.7083333333333333,16.416666666666668,-5.791666666666667,-1.0,2.2083333333333335,0.7083333333333334,2.7083333333333335,0.375,0.375,-8.375,-2.6666666666666665,3.5416666666666665,1.375,18.625,4.916666666666667,0.25,0.20833333333333334,0.041666666666666664,-0.5,-0.4583333333333333,0.0,11.0,2.9583333333333335,55.0,0.875,-13.25,13.875,-2.5,8.791666666666666,10.416666666666666,8.25,-0.041666666666666664,0.25,9.791666666666666,3.9583333333333335,-1.375,-0.125,0.0,-1.3333333333333333,1.7083333333333333,-0.4166666666666667,-2.9583333333333335,-2.2083333333333335,-14.958333333333334,5.708333333333333,0.7083333333333334,3.4166666666666665,4.625,0.08333333333333333,7.125,11.125
0.125,-0.2916666666666667,-1.5,8.916666666666666,9.416666666666666,38.208333333333336,-3.625,38.666666666666664,-10.291666666666666,29.583333333333332,1.7083333333333333,58.75,6.833333333333333,-0.125,18.083333333333332,0.5,-2.5833333333333335,-6.291666666666667,-3.6666666666666665,20.25,3.0416666666666665,-1.3333333333333333,4.041666666666667,-17.625,-2.0,-20.541666666666668,-14.166666666666666,35.666666666666664,4.833333333333333,-0.375,4.958333333333333,16.25,0.0,-4.041666666666667,35.0,-18.791666666666668,-5.333333333333333,-7.458333333333333,-2.5833333333333335,22.0,2.125,-6.333333333333333,-22.333333333333332,-10.458333333333334,-11.375,-3.9166666666666665,52.833333333333336,5.958333333333333,-2.5833333333333335,0.875,-0.25,-2.7083333333333335,4.458333333333333,11.0,0.0,-16.333333333333332,304.125,-4.916666666666667,178.375,8.75,38.583333333333336,-3.875,91.41666666666667,46.583333333333336,0.5416666666666666,-3.0,-5.5,-17.083333333333332,10.833333333333334,9.291666666666666,-0.5833333333333334,13.166666666666666,-16.625,-2.7916666666666665,-37.125,-23.083333333333332,54.125,32.333333333333336,-10.291666666666666,8.208333333333334,17.791666666666668,0.125,-5.583333333333333,141.125
-0.20833333333333334,-0.5,1.8333333333333333,10.666666666666666,-7.0,8.666666666666666,23.375,23.416666666666668,10.25,10.75,-13.333333333333334,-0.20833333333333334,-18.666666666666668,2.0416666666666665,10.25,-2.2083333333333335,-2.0,-10.416666666666666,-2.5416666666666665,-6.875,-3.375,-2.875,-3.875,38.958333333333336,-1.7083333333333333,-20.208333333333332,-15.791666666666666,123.16666666666667,-3.375,-0.875,3.9166666666666665,-13.625,0.0,-1.625,-39.5,-18.708333333333332,-4.75,-6.125,-2.0,-9.625,-2.75,-4.458333333333333,-20.166666666666668,-8.375,-21.75,-4.666666666666667,-50.041666666666664,-8.416666666666666,-3.5416666666666665,-13.083333333333334,-0.375,84.45833333333333,7.791666666666667,2.9583333333333335,-16.333333333333332,0.0,955.6666666666666,4.041666666666667,382.5416666666667,-57.583333333333336,-2.4166666666666665,-6.708333333333333,1571.4166666666667,26.25,-3.0833333333333335,-9.125,50.625,81.25,3.0833333333333335,-237.54166666666666,0.125,-236.625,106.70833333333333,-1.5416666666666667,178.66666666666666,19.75,1480.0416666666667,-198.66666666666666,1187.4166666666667,12.5,-24.041666666666668,-2.75,-46.541666666666664,-208.58333333333334
0.9166666666666666,-4.875,-10.916666666666666,19.208333333333332,44.583333333333336,163.16666666666666,-27.666666666666668,199.58333333333334,-52.833333333333336,163.95833333333334,86.54166666666667,262.375,138.54166666666666,48.75,78.125,-2.0416666666666665,-14.291666666666666,30.708333333333332,-16.666666666666668,97.5,18.333333333333332,-6.0,-3.5833333333333335,-86.16666666666667,-3.5,-94.91666666666667,-76.66666666666667,189.875,21.083333333333332,-4.25,26.041666666666668,88.58333333333333,0.08333333333333333,3.7083333333333335,555.125,-105.875,-25.333333333333332,-44.458333333333336,-14.375,103.58333333333333,10.625,7.791666666666667,-145.04166666666666,-63.5,-107.16666666666667,-28.416666666666668,287.4166666666667,41.583333333333336,-7.0,68.91666666666667,-1.7083333333333333,-54.375,23.916666666666668,55.0,304.125,955.6666666666666,0.0,-18.791666666666668,932.25,336.9166666666667,121.375,152.45833333333334,2367.7083333333335,187.08333333333334,4.25,21.291666666666668,220.125,174.125,56.458333333333336,80.45833333333333,-3.1666666666666665,136.20833333333334,-94.0,-7.916666666666667,122.875,-149.875,382.0416666666667,433.875,266.0416666666667,63.75,146.375,6.666666666666667,69.70833333333333,432.7083333333333
0.0,0.16666666666666666,0.5416666666666666,1.1666666666666667,-0.8333333333333334,-9.333333333333334,1.3333333333333333,-2.2083333333333335,9.833333333333334,-8.0,3.5833333333333335,-17.916666666666668,3.75,2.0416666666666665,4.5,-0.8333333333333334,-0.16666666666666666,0.20833333333333334,-0.4166666666666667,-4.708333333333333,-1.1666666666666667,3.4583333333333335,-1.3333333333333333,19.625,0.75,3.7083333333333335,8.041666666666666,-13.916666666666666,-0.9166666666666666,-0.125,0.875,1.5833333333333333,-0.08333333333333333,-0.5833333333333334,43.875,2.5,-0.08333333333333333,-0.7083333333333334,0.5416666666666666,4.375,0.3333333333333333,0.7916666666666666,1.875,1.125,-0.625,0.041666666666666664,2.125,0.0,0.20833333333333334,-0.041666666666666664,0.625,0.375,1.7083333333333333,0.875,-4.916666666666667,4.041666666666667,-18.791666666666668,0.0,-19.375,-1.5,1.7916666666666667,2.4166666666666665,-0.875,2.7916666666666665,-1.1666666666666667,-0.041666666666666664,0.7083333333333334,-0.9166666666666666,1.5416666666666667,-1.2083333333333333,1.5416666666666667,-2.0,18.125,0.5,0.6666666666666666,7.916666666666667,-17.0,-1.0,-0.2916666666666667,1.2916666666666667,-0.5,0.0,-0.625,43.125
0.20833333333333334,-1.3333333333333333,-5.083333333333333,73.75,-27.541666666666668,132.83333333333334,-20.625,-21.291666666666668,-42.291666666666664,311.8333333333333,-44.916666666666664,297.0,-53.541666666666664,-35.416666666666664,-53.541666666666664,1.0,-6.833333333333333,-19.541666666666668,-9.791666666666666,145.91666666666666,10.583333333333334,-5.083333333333333,3.5833333333333335,-83.91666666666667,-5.916666666666667,-65.58333333333333,-46.208333333333336,218.25,-5.791666666666667,-2.0,6.208333333333333,-10.625,-0.125,-8.5,-589.6666666666666,-49.25,-13.75,-22.75,-5.5,-74.70833333333333,-1.9166666666666667,-16.208333333333332,-42.416666666666664,-15.541666666666666,-18.458333333333332,-7.625,-59.666666666666664,-7.791666666666667,-8.125,3.4166666666666665,-0.9166666666666666,-8.041666666666666,39.125,-13.25,178.375,382.5416666666667,932.25,-19.375,0.0,-67.125,140.41666666666666,-41.125,449.2916666666667,-49.166666666666664,4.166666666666667,-4.25,-64.125,-48.708333333333336,137.0,13.916666666666666,-1.75,19.166666666666668,-96.08333333333333,-4.833333333333333,-117.04166666666667,-77.41666666666667,528.75,12.208333333333334,-34.875,10.333333333333334,25.875,-0.6666666666666666,-24.125,-1195.25
0.08333333333333333,1.9583333333333333,-4.833333333333333,-5.5,5.375,-16.583333333333332,-4.0,4.0,0.041666666666666664,-16.916666666666668,32.0,-18.875,70.625,5.666666666666667,-3.4166666666666665,-0.9166666666666666,9.0,9.916666666666666,7.041666666666667,-9.208333333333334,3.2083333333333335,1.5833333333333333,-6.625,-8.958333333333334,13.625,45.166666666666664,54.0,-26.291666666666668,4.833333333333333,0.2916666666666667,29.583333333333332,14.333333333333334,0.08333333333333333,4.958333333333333,16.041666666666668,-29.375,-5.958333333333333,10.958333333333334,6.458333333333333,17.333333333333332,2.6666666666666665,7.791666666666667,-40.791666666666664,-10.958333333333334,53.083333333333336,14.166666666666666,42.041666666666664,10.708333333333334,3.75,8.416666666666666,1.9583333333333333,-0.375,-1.3333333333333333,13.875,8.75,-57.583333333333336,336.9166666666667,-1.5,-67.125,0.0,-8.208333333333334,106.0,295.8333333333333,13.25,-0.875,21.041666666666668,305.2916666666667,141.33333333333334,-4.791666666666667,-5.875,0.75,-3.0416666666666665,-8.166666666666666,7.083333333333333,322.9166666666667,92.08333333333333,-67.83333333333333,190.95833333333334,52.666666666666664,58.041666666666664,73.04166666666667,3.7916666666666665,130.75,-63.25
-0.041666666666666664,-0.2916666666666667,-0.875,13.625,-8.791666666666666,46.166666666666664,-5.083333333333333,-11.916666666666666,17.333333333333332,45.083333333333336,-13.916666666666666,83.08333333333333,-5.5,-13.458333333333334,24.041666666666668,1.2083333333333333,-2.0416666666666665,-5.333333333333333,-2.25,34.041666666666664,3.9583333333333335,-2.3333333333333335,3.375,-12.458333333333334,-1.6666666666666667,-15.583333333333334,-14.208333333333334,47.166666666666664,1.1666666666666667,-0.5416666666666666,1.0833333333333333,6.291666666666667,-0.041666666666666664,-2.3333333333333335,-59.375,-13.416666666666666,-2.5,-7.5,-1.125,-9.416666666666666,0.125,-2.5833333333333335,-8.958333333333334,-4.166666666666667,-2.875,-0.9583333333333334,-2.1666666666666665,-0.5416666666666666,-1.2083333333333333,0.0,-0.5,-1.5833333333333333,7.791666666666667,-2.5,38.583333333333336,-2.4166666666666665,121.375,1.7916666666666667,140.41666666666666,-8.208333333333334,0.0,-3.8333333333333335,-5.291666666666667,11.333333333333334,0.7083333333333334,-0.4166666666666667,-8.166666666666666,-5.791666666666667,20.875,2.4583333333333335,-0.875,3.9583333333333335,26.708333333333332,-1.0416666666666667,-20.333333333333332,-17.625,40.125,-0.6666666666666666,-0.625,-2.0833333333333335,1.2916666666666667,0.041666666666666664,-2.0416666666666665,-268.2083333333333
-0.20833333333333334,12.625,-6.833333333333333,1.0416666666666667,10.375,-28.291666666666668,10.208333333333334,-31.0,9.125,-25.125,94.25,-24.75,272.875,11.375,9.916666666666666,-3.375,-7.166666666666667,15.291666666666666,2.4583333333333335,-1.7916666666666667,-12.5,9.666666666666666,-13.041666666666666,27.125,84.25,99.0,189.79166666666666,-46.083333333333336,12.208333333333334,-2.7083333333333335,88.41666666666667,34.0,0.25,7.875,-64.16666666666667,-47.958333333333336,16.5,25.666666666666668,14.208333333333334,30.041666666666668,7.291666666666667,28.125,-45.166666666666664,23.291666666666668,7.208333333333333,2.0833333333333335,31.875,8.75,6.416666666666667,-0.4166666666666667,9.208333333333334,-9.291666666666666,-0.625,8.791666666666666,-3.875,-6.708333333333333,152.45833333333334,2.4166666666666665,-41.125,106.0,-3.8333333333333335,0.0,54.958333333333336,14.208333333333334,-3.0,-2.125,39.666666666666664,7.875,-3.2916666666666665,-10.083333333333334,3.1666666666666665,-25.041666666666668,22.666666666666668,47.083333333333336,98.33333333333333,197.04166666666666,-45.166666666666664,32.958333333333336,-5.166666666666667,95.58333333333333,36.708333333333336,0.625,18.916666666666668,-65.20833333333333
0.16666666666666666,-0.7916666666666666,-6.916666666666667,3.3333333333333335,8.833333333333334,23.833333333333332,8.666666666666666,26.708333333333332,-7.625,41.5,14.875,-9.916666666666666,31.583333333333332,10.666666666666666,-5.208333333333333,1.125,1.0,6.333333333333333,5.875,6.583333333333333,6.25,0.25,-3.3333333333333335,-19.708333333333332,3.7916666666666665,-24.541666666666668,-30.166666666666668,-61.041666666666664,6.333333333333333,-0.5833333333333334,6.916666666666667,15.083333333333334,0.041666666666666664,3.375,-37.0,-28.208333333333332,-7.75,-4.916666666666667,-4.166666666666667,16.583333333333332,1.625,8.416666666666666,-33.041666666666664,-20.208333333333332,-180.20833333333334,-6.125,137.125,31.166666666666668,-2.7083333333333335,217.625,-0.16666666666666666,59.708333333333336,1.25,10.416666666666666,91.41666666666667,1571.4166666666667,2367.7083333333335,-0.875,449.2916666666667,295.8333333333333,-5.291666666666667,54.958333333333336,0.0,32.041666666666664,2.1666666666666665,64.25,174.04166666666666,264.1666666666667,1.7083333333333333,154.0,0.2916666666666667,165.25,21.125,-2.2916666666666665,271.0833333333333,113.5,357.625,917.875,1202.9166666666667,31.041666666666668,95.41666666666667,29.208333333333332,354.0,-182.95833333333334
0.0,0.16666666666666666,-0.7916666666666666,-1.4166666666666667,5.75,15.708333333333334,3.9166666666666665,21.083333333333332,5.5,-14.083333333333334,10.916666666666666,7.458333333333333,17.5,6.875,8.708333333333334,-0.125,-1.7916666666666667,5.958333333333333,-2.0833333333333335,7.833333333333333,0.7916666666666666,1.25,-2.5833333333333335,10.833333333333334,1.9166666666666667,-14.541666666666666,6.291666666666667,-20.291666666666668,3.4166666666666665,-0.4583333333333333,3.7916666666666665,11.75,0.0,1.4166666666666667,54.583333333333336,-11.875,-3.375,5.916666666666667,1.5833333333333333,14.666666666666666,2.3333333333333335,4.083333333333333,-16.5,-7.666666666666667,-1.3333333333333333,3.5833333333333335,53.666666666666664,2.625,0.125,-0.5,0.3333333333333333,-2.0416666666666665,1.2083333333333333,8.25,46.583333333333336,26.25,187.08333333333334,2.7916666666666665,-49.166666666666664,13.25,11.333333333333334,14.208333333333334,32.041666666666664,0.0,0.25,-0.375,11.333333333333334,-3.6666666666666665,1.375,0.6666666666666666,0.08333333333333333,-2.8333333333333335,11.291666666666666,1.9166666666666667,-21.875,7.333333333333333,-36.083333333333336,10.208333333333334,-0.6666666666666666,7.291666666666667,11.875,0.0,8.458333333333334,43.916666666666664
0.0,0.4583333333333333,-2.0416666666666665,0.5,-0.16666666666666666,1.2083333333333333,-1.0833333333333333,-2.375,-4.833333333333333,1.375,-0.5,2.375,-2.5416666666666665,-0.9583333333333334,0.16666666666666666,14.25,-1.5833333333333333,-0.4166666666666667,-0.5,0.8333333333333334,8.125,18.958333333333332,8.666666666666666,-12.041666666666666,-1.5833333333333333,-4.666666666666667,-35.416666666666664,25.416666666666668,0.5833333333333334,0.2916666666666667,-1.4166666666666667,0.20833333333333334,0.041666666666666664,0.4583333333333333,-5.708333333333333,-5.958333333333333,-1.5833333333333333,-0.9166666666666666,-0.20833333333333334,-0.4583333333333333,0.375,-0.5833333333333334,-6.958333333333333,-2.5833333333333335,-0.6666666666666666,-0.2916666666666667,0.16666666666666666,0.041666666666666664,-0.041666666666666664,0.041666666666666664,0.7916666666666666,-4.208333333333333,1.0416666666666667,-0.041666666666666664,0.5416666666666666,-3.0833333333333335,4.25,-1.1666666666666667,4.166666666666667,-0.875,0.7083333333333334,-3.0,2.1666666666666665,0.25,0.0,0.16666666666666666,-0.5833333333333334,-0.4166666666666667,1.1666666666666667,14.5,8.208333333333334,23.25,9.541666666666666,-0.6666666666666666,-6.458333333333333,-14.291666666666666,47.0,0.5833333333333334,1.5416666666666667,-1.0833333333333333,0.125,0.041666666666666664,0.6666666666666666,-5.5
0.0,0.0,-9.416666666666666,-0.16666666666666666,0.16666666666666666,-0.7916666666666666,-0.3333333333333333,0.875,-0.16666666666666666,-0.625,0.125,-0.5,-1.9166666666666667,-0.375,-0.20833333333333334,0.041666666666666664,7.541666666666667,0.8333333333333334,3.0416666666666665,-0.25,0.5,0.08333333333333333,2.5416666666666665,-0.2916666666666667,-0.4166666666666667,-4.083333333333333,-8.416666666666666,-1.0833333333333333,1.0416666666666667,0.125,-1.1666666666666667,0.375,0.0,0.375,-2.6666666666666665,-2.4166666666666665,-2.3333333333333335,2.375,0.8333333333333334,-0.625,0.041666666666666664,-0.4583333333333333,-0.75,-3.5416666666666665,14.583333333333334,1.75,2.125,1.0833333333333333,-0.125,1.0416666666666667,0.08333333333333333,70.16666666666667,0.0,0.25,-3.0,-9.125,21.291666666666668,-0.041666666666666664,-4.25,21.041666666666668,-0.4166666666666667,-2.125,64.25,-0.375,0.16666666666666666,0.0,22.75,213.83333333333334,-0.20833333333333334,23.208333333333332,-0.041666666666666664,207.58333333333334,-0.4166666666666667,-0.20833333333333334,197.625,48.333333333333336,9.375,72.54166666666667,38.875,-1.9583333333333333,-7.541666666666667,2.25,62.291666666666664,-6.166666666666667
0.041666666666666664,0.25,2.2083333333333335,-3.75,4.833333333333333,-3.375,-0.5833333333333334,-0.4583333333333333,-2.25,-11.791666666666666,9.166666666666666,-15.208333333333334,13.041666666666666,4.75,-5.791666666666667,-0.5,5.458333333333333,12.0,12.208333333333334,-9.583333333333334,-2.0,0.2916666666666667,-3.125,-5.041666666666667,2.25,35.791666666666664,22.916666666666668,-16.458333333333332,4.25,0.0,3.2916666666666665,7.291666666666667,0.0,2.0416666666666665,34.125,-15.541666666666666,-1.0416666666666667,7.0,2.4583333333333335,2.0,0.7083333333333334,4.0,-22.666666666666668,9.25,41.875,12.208333333333334,37.875,4.041666666666667,3.8333333333333335,7.666666666666667,0.4166666666666667,14.583333333333334,-1.0416666666666667,9.791666666666666,-5.5,50.625,220.125,0.7083333333333334,-64.125,305.2916666666667,-8.166666666666666,39.666666666666664,174.04166666666666,11.333333333333334,-0.5833333333333334,22.75,0.0,372.3333333333333,-3.125,-7.291666666666667,0.125,-7.416666666666667,-6.125,2.0,360.6666666666667,37.75,-61.291666666666664,126.66666666666667,53.375,21.541666666666668,13.0,2.5416666666666665,88.29166666666667,-27.625
0.20833333333333334,0.9583333333333334,6.958333333333333,-2.125,3.0,-8.5,-2.25,-1.7916666666666667,-1.7916666666666667,-7.125,7.75,-12.375,8.708333333333334,7.833333333333333,-5.25,-0.6666666666666666,38.416666666666664,10.125,41.583333333333336,-3.7916666666666665,-3.25,1.0416666666666667,-6.25,-5.25,0.8333333333333334,97.58333333333333,26.75,-12.208333333333334,9.125,1.3333333333333333,1.2083333333333333,6.333333333333333,0.041666666666666664,3.4583333333333335,0.625,-19.916666666666668,-1.625,11.416666666666666,4.708333333333333,-5.875,0.8333333333333334,3.0833333333333335,65.375,-17.208333333333332,69.83333333333333,12.083333333333334,12.041666666666666,7.166666666666667,7.958333333333333,9.166666666666666,1.0416666666666667,123.875,-0.9166666666666666,3.9583333333333335,-17.083333333333332,81.25,174.125,-0.9166666666666666,-48.708333333333336,141.33333333333334,-5.791666666666667,7.875,264.1666666666667,-3.6666666666666665,-0.4166666666666667,213.83333333333334,372.3333333333333,0.0,-2.2916666666666665,22.833333333333332,0.3333333333333333,223.29166666666666,-4.375,2.5,918.2083333333334,225.33333333333334,-61.5,220.79166666666666,142.0,4.833333333333333,-20.0,6.166666666666667,190.20833333333334,-44.041666666666664
0.041666666666666664,-0.5416666666666666,-0.9166666666666666,19.625,-8.541666666666666,37.958333333333336,-1.9166666666666667,-20.541666666666668,10.583333333333334,58.958333333333336,-14.833333333333334,59.958333333333336,-6.208333333333333,-7.916666666666667,17.416666666666668,0.8333333333333334,-0.5833333333333334,-5.541666666666667,-1.375,41.583333333333336,3.5416666666666665,-2.25,2.25,5.583333333333333,-1.4166666666666667,-14.458333333333334,-5.333333333333333,53.375,3.8333333333333335,-0.375,0.4166666666666667,9.083333333333334,0.0,-1.8333333333333333,-130.5,-7.291666666666667,-2.25,-3.875,-0.625,-18.625,-0.7083333333333334,-1.9166666666666667,-6.75,-2.6666666666666665,-1.4583333333333333,-0.375,-7.25,-0.625,-0.5416666666666666,0.08333333333333333,-0.5833333333333334,-0.9583333333333334,10.041666666666666,-1.375,10.833333333333334,3.0833333333333335,56.458333333333336,1.5416666666666667,137.0,-4.791666666666667,20.875,-3.2916666666666665,1.7083333333333333,1.375,1.1666666666666667,-0.20833333333333334,-3.125,-2.2916666666666665,0.0,1.4583333333333333,-1.2083333333333333,2.4166666666666665,25.625,-0.875,-10.291666666666666,-6.416666666666667,46.166666666666664,2.2083333333333335,-0.4583333333333333,-1.875,2.4166666666666665,0.0,-1.5833333333333333,-102.66666666666667
0.08333333333333333,0.5416666666666666,-3.375,1.7916666666666667,-0.041666666666666664,1.2083333333333333,-5.25,-5.583333333333333,-3.6666666666666665,5.166666666666667,1.0833333333333333,5.291666666666667,-9.666666666666666,-3.25,-2.2916666666666665,9.166666666666666,2.4583333333333335,-2.3333333333333335,-2.3333333333333335,3.6666666666666665,25.041666666666668,5.916666666666667,16.958333333333332,-35.708333333333336,-1.6666666666666667,-13.25,-24.125,41.833333333333336,1.9583333333333333,1.9583333333333333,-2.0416666666666665,0.625,0.08333333333333333,0.9166666666666666,-15.916666666666666,-36.25,-3.625,-3.75,-0.8333333333333334,-2.4583333333333335,0.5416666666666666,-1.375,-38.166666666666664,-10.833333333333334,-26.333333333333332,-5.5,6.666666666666667,4.916666666666667,-2.2083333333333335,7.291666666666667,0.08333333333333333,-50.375,1.2916666666666667,-0.125,9.291666666666666,-237.54166666666666,80.45833333333333,-1.2083333333333333,13.916666666666666,-5.875,2.4583333333333335,-10.083333333333334,154.0,0.6666666666666666,14.5,23.208333333333332,-7.291666666666667,22.833333333333332,1.4583333333333333,0.0,-4.541666666666667,756.875,-33.0,-2.75,-70.04166666666667,-65.375,314.6666666666667,264.2916666666667,567.5,-2.1666666666666665,13.041666666666666,20.291666666666668,73.08333333333333,-27.75
0.0,1.0,-0.5833333333333334,-0.25,-0.2916666666666667,-0.9166666666666666,1.0833333333333333,-1.2916666666666667,4.041666666666667,-1.2916666666666667,0.625,-1.7083333333333333,3.375,0.25,0.4583333333333333,5.25,-1.0,0.041666666666666664,-0.16666666666666666,-0.8333333333333334,-4.375,26.416666666666668,-2.5,20.791666666666668,1.2083333333333333,2.875,21.25,-17.208333333333332,-0.125,0.08333333333333333,1.0833333333333333,-0.625,0.0,0.125,1.375,3.3333333333333335,-0.7916666666666666,0.625,0.125,0.3333333333333333,0.041666666666666664,0.16666666666666666,2.1666666666666665,0.5833333333333334,0.3333333333333333,0.25,0.7916666666666666,0.0,0.08333333333333333,0.0,1.5416666666666667,3.1666666666666665,-0.5416666666666666,0.0,-0.5833333333333334,0.125,-3.1666666666666665,1.5416666666666667,-1.75,0.75,-0.875,3.1666666666666665,0.2916666666666667,0.08333333333333333,8.208333333333334,-0.041666666666666664,0.125,0.3333333333333333,-1.2083333333333333,-4.541666666666667,0.0,-8.833333333333334,18.625,0.875,4.5,33.833333333333336,-15.708333333333334,-0.125,0.4166666666666667,1.1666666666666667,-0.20833333333333334,0.0,0.4166666666666667,1.5833333333333333
0.0,0.08333333333333333,-44.083333333333336,2.25,-2.5,2.5833333333333335,-4.875,-10.291666666666666,-4.708333333333333,5.708333333333333,3.1666666666666665,6.416666666666667,-19.666666666666668,-6.708333333333333,-3.9583333333333335,13.083333333333334,15.416666666666666,-7.75,-7.083333333333333,3.4583333333333335,37.875,9.208333333333334,82.83333333333333,-29.083333333333332,-3.25,-43.208333333333336,-70.45833333333333,-1.2916666666666667,7.875,6.125,-4.333333333333333,2.0,0.0,4.166666666666667,-26.833333333333332,-56.583333333333336,-13.25,5.458333333333333,-3.7916666666666665,-8.25,1.1666666666666667,-5.333333333333333,-113.625,-39.75,38.25,-8.666666666666666,15.125,3.4583333333333335,-5.791666666666667,3.0,-0.2916666666666667,-368.0416666666667,1.25,-1.3333333333333333,13.166666666666666,-236.625,136.20833333333334,-2.0,19.166666666666668,-3.0416666666666665,3.9583333333333335,-25.041666666666668,165.25,-2.8333333333333335,23.25,207.58333333333334,-7.416666666666667,223.29166666666666,2.4166666666666665,756.875,-8.833333333333334,0.0,-29.583333333333332,-3.9166666666666665,-409.5,-299.9583333333333,248.33333333333334,208.95833333333334,272.125,-13.75,15.125,15.291666666666666,90.20833333333333,-43.75
-0.041666666666666664,-0.125,-0.75,24.291666666666668,-3.9166666666666665,-38.791666666666664,16.208333333333332,-39.583333333333336,52.25,-37.5,-8.541666666666666,-15.666666666666666,34.458333333333336,12.0,20.583333333333332,-7.541666666666667,-2.7083333333333335,-4.791666666666667,-3.2916666666666665,34.625,-20.083333333333332,38.208333333333336,-12.666666666666666,228.54166666666666,9.208333333333334,-11.75,83.875,196.45833333333334,-5.041666666666667,-1.125,13.291666666666666,-4.25,0.0,-1.9583333333333333,-39.583333333333336,-21.541666666666668,-7.0,-6.208333333333333,-1.75,22.166666666666668,-2.2083333333333335,2.0833333333333335,8.166666666666666,-7.708333333333333,-2.5,-1.4166666666666667,15.916666666666666,-1.25,-0.3333333333333333,-0.4166666666666667,2.1666666666666665,3.6666666666666665,20.833333333333332,1.7083333333333333,-16.625,106.70833333333333,-94.0,18.125,-96.08333333333333,-8.166666666666666,26.708333333333332,22.666666666666668,21.125,11.291666666666666,9.541666666666666,-0.4166666666666667,-6.125,-4.375,25.625,-33.0,18.625,-29.583333333333332,0.0,5.333333333333333,9.916666666666666,101.83333333333333,368.9583333333333,-5.25,4.583333333333333,10.75,0.2916666666666667,0.0,-3.125,-127.375
-0.041666666666666664,4.458333333333333,-1.0,-0.75,-0.7083333333333334,-3.1666666666666665,0.3333333333333333,-4.333333333333333,1.4583333333333333,-3.1666666666666665,14.166666666666666,-3.6666666666666665,60.375,1.2083333333333333,1.625,-0.7916666666666666,-1.7916666666666667,1.625,0.5,-1.375,-1.875,2.5416666666666665,-2.0833333333333335,5.25,35.0,22.208333333333332,89.41666666666667,-6.25,0.16666666666666666,-0.20833333333333334,21.083333333333332,-0.5,0.0,0.8333333333333334,-2.4583333333333335,1.4166666666666667,1.625,3.25,1.7083333333333333,3.7916666666666665,1.0,3.625,3.2916666666666665,5.5,4.166666666666667,2.5,4.083333333333333,1.4166666666666667,1.2083333333333333,-0.041666666666666664,3.875,0.5416666666666666,-0.041666666666666664,-0.4166666666666667,-2.7916666666666665,-1.5416666666666667,-7.916666666666667,0.5,-4.833333333333333,7.083333333333333,-1.0416666666666667,47.083333333333336,-2.2916666666666665,1.9166666666666667,-0.6666666666666666,-0.20833333333333334,2.0,2.5,-0.875,-2.75,0.875,-3.9166666666666665,5.333333333333333,0.0,22.875,91.375,-8.416666666666666,2.0416666666666665,-0.4166666666666667,18.583333333333332,1.2916666666666667,0.041666666666666664,2.0833333333333335,-8.791666666666666
-0.375,14.833333333333334,9.708333333333334,-9.583333333333334,-9.458333333333334,-34.875,-5.166666666666667,-36.791666666666664,-8.583333333333334,-33.791666666666664,44.458333333333336,-42.958333333333336,-41.958333333333336,-27.166666666666668,-17.083333333333332,-6.166666666666667,15.875,72.875,29.416666666666668,-19.041666666666668,-26.75,2.625,-49.375,10.375,34.166666666666664,616.9583333333334,148.08333333333334,-69.08333333333333,-33.958333333333336,5.291666666666667,-22.166666666666668,-30.416666666666668,-0.4583333333333333,16.166666666666668,88.625,68.625,45.375,48.75,21.125,-37.375,-4.458333333333333,16.083333333333332,272.125,121.875,73.66666666666667,40.083333333333336,-79.5,-13.208333333333334,24.333333333333332,-10.5,7.916666666666667,627.5416666666666,-6.541666666666667,-2.9583333333333335,-37.125,178.66666666666666,122.875,0.6666666666666666,-117.04166666666667,322.9166666666667,-20.333333333333332,98.33333333333333,271.0833333333333,-21.875,-6.458333333333333,197.625,360.6666666666667,918.2083333333334,-10.291666666666666,-70.04166666666667,4.5,-409.5,9.916666666666666,22.875,0.0,1407.0,-153.0,-135.125,128.41666666666666,199.08333333333334,-31.166666666666668,-3.0833333333333335,33.583333333333336,-132.70833333333334
1.3333333333333333,121.33333333333333,64.08333333333333,-9.791666666666666,-10.583333333333334,-41.833333333333336,13.666666666666666,-45.458333333333336,25.083333333333332,-31.875,66.375,-37.041666666666664,232.875,29.291666666666668,4.083333333333333,-35.958333333333336,9.083333333333334,35.583333333333336,28.416666666666668,-4.625,-38.625,80.70833333333333,-79.08333333333333,45.083333333333336,143.0,611.0833333333334,1486.25,-137.91666666666666,49.25,3.3333333333333335,147.66666666666666,30.458333333333332,0.5833333333333334,17.541666666666668,103.5,89.70833333333333,49.166666666666664,50.916666666666664,23.916666666666668,37.25,7.458333333333333,24.041666666666668,139.25,53.541666666666664,62.541666666666664,19.333333333333332,51.208333333333336,15.208333333333334,5.666666666666667,3.4166666666666665,65.45833333333333,479.625,-4.291666666666667,-2.2083333333333335,-23.083333333333332,19.75,-149.875,7.916666666666667,-77.41666666666667,92.08333333333333,-17.625,197.04166666666666,113.5,7.333333333333333,-14.291666666666666,48.333333333333336,37.75,225.33333333333334,-6.416666666666667,-65.375,33.833333333333336,-299.9583333333333,101.83333333333333,91.375,1407.0,0.0,-183.16666666666666,99.45833333333333,32.125,221.29166666666666,16.583333333333332,1.5,47.916666666666664,-116.66666666666667
-1.0,-5.666666666666667,-4.916666666666667,49.916666666666664,-18.875,92.25,-68.41666666666667,41.375,-57.541666666666664,146.08333333333334,-39.541666666666664,119.29166666666667,-55.041666666666664,-33.625,-8.75,38.708333333333336,-8.0,-19.416666666666668,-8.416666666666666,81.875,55.125,-14.333333333333334,26.916666666666668,274.3333333333333,-10.125,-70.875,-117.45833333333333,618.0833333333334,-15.333333333333334,10.458333333333334,-16.541666666666668,-36.583333333333336,-0.25,-8.333333333333334,-227.20833333333334,-66.91666666666667,-15.916666666666666,-18.5,-4.125,-62.5,-7.041666666666667,-12.0,-69.29166666666667,-21.083333333333332,-30.041666666666668,-12.375,-94.625,-11.375,-8.458333333333334,-4.708333333333333,-4.708333333333333,11.833333333333334,37.791666666666664,-14.958333333333334,54.125,1480.0416666666667,382.0416666666667,-17.0,528.75,-67.83333333333333,40.125,-45.166666666666664,357.625,-36.083333333333336,47.0,9.375,-61.291666666666664,-61.5,46.166666666666664,314.6666666666667,-15.708333333333334,248.33333333333334,368.9583333333333,-8.416666666666666,-153.0,-183.16666666666666,0.0,-172.58333333333334,384.4583333333333,-30.25,-32.916666666666664,-3.75,-9.458333333333334,-325.75
0.0,0.2916666666666667,-7.916666666666667,1.9166666666666667,2.0833333333333335,-3.25,-2.2916666666666665,-2.4166666666666665,-2.5833333333333335,1.4166666666666667,8.5,-5.416666666666667,15.916666666666666,2.4166666666666665,1.9166666666666667,0.7916666666666666,9.958333333333334,3.3333333333333335,6.541666666666667,3.5416666666666665,3.7916666666666665,0.875,5.958333333333333,-6.666666666666667,2.0833333333333335,-18.541666666666668,-6.708333333333333,-17.375,4.541666666666667,1.75,1.25,5.125,0.041666666666666664,1.625,-19.166666666666668,-17.208333333333332,-4.666666666666667,5.708333333333333,0.8333333333333334,5.541666666666667,1.3333333333333333,3.1666666666666665,-22.875,-15.666666666666666,156.375,5.916666666666667,91.625,18.916666666666668,-0.5416666666666666,56.291666666666664,0.4166666666666667,-47.583333333333336,1.0833333333333333,5.708333333333333,32.333333333333336,-198.66666666666666,433.875,-1.0,12.208333333333334,190.95833333333334,-0.6666666666666666,32.958333333333336,917.875,10.208333333333334,0.5833333333333334,72.54166666666667,126.66666666666667,220.79166666666666,2.2083333333333335,264.2916666666667,-0.125,208.95833333333334,-5.25,2.0416666666666665,-135.125,99.45833333333333,-172.58333333333334,0.0,712.8333333333334,4.791666666666667,70.04166666666667,39.083333333333336,381.625,-32.291666666666664
0.041666666666666664,0.16666666666666666,-0.8333333333333334,-0.4166666666666667,0.3333333333333333,-1.625,-0.125,-0.08333333333333333,-0.6666666666666666,-1.8333333333333333,-0.75,-1.4166666666666667,-4.0,0.2916666666666667,-0.7916666666666666,0.4583333333333333,2.5416666666666665,-0.8333333333333334,-1.2083333333333333,-0.4166666666666667,1.875,0.375,2.1666666666666665,-0.9166666666666666,-0.4583333333333333,-6.75,-3.7916666666666665,-13.875,0.4583333333333333,0.7916666666666666,-0.5416666666666666,0.2916666666666667,0.041666666666666664,1.0416666666666667,-4.583333333333333,-10.875,-1.0,1.4583333333333333,0.4583333333333333,-0.625,0.16666666666666666,-0.625,-11.5,-3.625,66.29166666666667,4.5,8.583333333333334,5.958333333333333,-1.1666666666666667,66.70833333333333,0.041666666666666664,19.5,-0.25,0.7083333333333334,-10.291666666666666,1187.4166666666667,266.0416666666667,-0.2916666666666667,-34.875,52.666666666666664,-0.625,-5.166666666666667,1202.9166666666667,-0.6666666666666666,1.5416666666666667,38.875,53.375,142.0,-0.4583333333333333,567.5,0.4166666666666667,272.125,4.583333333333333,-0.4166666666666667,128.41666666666666,32.125,384.4583333333333,712.8333333333334,0.0,1.9166666666666667,21.666666666666668,27.875,165.08333333333334,-10.458333333333334
0.125,-8.041666666666666,-6.625,2.1666666666666665,6.416666666666667,3.0416666666666665,4.166666666666667,4.625,3.7916666666666665,4.916666666666667,48.291666666666664,-5.666666666666667,131.29166666666666,6.291666666666667,6.625,-1.6666666666666667,-6.708333333333333,22.541666666666668,6.291666666666667,2.5,3.0,-1.375,-9.0,4.166666666666667,42.083333333333336,116.5,164.79166666666666,-22.375,7.208333333333333,-1.2916666666666667,83.375,16.625,0.0,-0.7083333333333334,32.458333333333336,-36.458333333333336,-16.791666666666668,-19.375,-3.7083333333333335,18.458333333333332,4.875,9.875,-50.416666666666664,-8.083333333333334,-10.625,-3.0416666666666665,17.541666666666668,3.5833333333333335,2.0833333333333335,0.375,-5.125,0.041666666666666664,1.0416666666666667,3.4166666666666665,8.208333333333334,12.5,63.75,1.2916666666666667,10.333333333333334,58.041666666666664,-2.0833333333333335,95.58333333333333,31.041666666666668,7.291666666666667,-1.0833333333333333,-1.9583333333333333,21.541666666666668,4.833333333333333,-1.875,-2.1666666666666665,1.1666666666666667,-13.75,10.75,18.583333333333332,199.08333333333334,221.29166666666666,-30.25,4.791666666666667,1.9166666666666667,0.0,7.75,0.08333333333333333,-3.1666666666666665,-10.666666666666666
0.0,0.16666666666666666,-0.9166666666666666,2.2083333333333335,2.8333333333333335,8.0,-0.08333333333333333,1.3333333333333333,2.0416666666666665,7.5,7.5,11.75,15.625,3.25,3.9583333333333335,0.125,1.0833333333333333,2.625,1.125,5.916666666666667,1.1666666666666667,0.375,1.8333333333333333,-1.7083333333333333,1.0416666666666667,-9.833333333333334,7.416666666666667,-10.791666666666666,2.2083333333333335,0.20833333333333334,2.9583333333333335,7.75,0.041666666666666664,1.875,-20.708333333333332,-10.333333333333334,-3.0,-5.416666666666667,1.7916666666666667,8.0,1.0416666666666667,2.5416666666666665,-9.5,-4.041666666666667,-20.375,-3.8333333333333335,30.708333333333332,17.75,1.9583333333333333,3.4166666666666665,-0.2916666666666667,-2.0416666666666665,0.7083333333333334,4.625,17.791666666666668,-24.041666666666668,146.375,-0.5,25.875,73.04166666666667,1.2916666666666667,36.708333333333336,95.41666666666667,11.875,0.125,-7.541666666666667,13.0,-20.0,2.4166666666666665,13.041666666666666,-0.20833333333333334,15.125,0.2916666666666667,1.2916666666666667,-31.166666666666668,16.583333333333332,-32.916666666666664,70.04166666666667,21.666666666666668,7.75,0.0,2.3333333333333335,62.333333333333336,-34.083333333333336
0.0,0.0,0.0,0.0,0.041666666666666664,0.0,0.0,-0.041666666666666664,0.0,-0.125,0.08333333333333333,0.0,0.16666666666666666,0.0,0.125,0.041666666666666664,0.20833333333333334,0.0,0.041666666666666664,0.041666666666666664,0.041666666666666664,0.0,0.20833333333333334,-0.041666666666666664,0.041666666666666664,-0.125,0.16666666666666666,-0.041666666666666664,0.0,0.0,0.08333333333333333,0.0,0.0,0.0,-0.25,-0.4166666666666667,-0.08333333333333333,0.08333333333333333,0.041666666666666664,0.125,0.041666666666666664,0.08333333333333333,-0.3333333333333333,-0.25,12.875,0.5,4.25,0.3333333333333333,-0.20833333333333334,2.7083333333333335,0.0,-0.4583333333333333,0.0,0.08333333333333333,0.125,-2.75,6.666666666666667,0.0,-0.6666666666666666,3.7916666666666665,0.041666666666666664,0.625,29.208333333333332,0.0,0.041666666666666664,2.25,2.5416666666666665,6.166666666666667,0.0,20.291666666666668,0.0,15.291666666666666,0.0,0.041666666666666664,-3.0833333333333335,1.5,-3.75,39.083333333333336,27.875,0.08333333333333333,2.3333333333333335,0.0,19.291666666666668,-0.375
0.08333333333333333,0.4583333333333333,-3.75,-1.4583333333333333,3.75,-6.666666666666667,-4.416666666666667,-4.333333333333333,-1.0416666666666667,-4.75,9.208333333333334,-6.916666666666667,5.833333333333333,-3.875,1.1666666666666667,0.7083333333333334,4.0,3.4583333333333335,3.125,-2.8333333333333335,3.3333333333333335,0.625,6.625,-3.8333333333333335,2.2083333333333335,-14.375,5.375,-17.375,3.4166666666666665,0.5416666666666666,-0.375,7.583333333333333,0.08333333333333333,3.0,-20.416666666666668,-11.041666666666666,-4.166666666666667,8.541666666666666,2.5,7.166666666666667,1.9583333333333333,1.9166666666666667,-15.583333333333334,-8.5,113.75,24.041666666666668,39.166666666666664,11.375,4.791666666666667,13.5,0.375,-19.208333333333332,-0.375,7.125,-5.583333333333333,-46.541666666666664,69.70833333333333,-0.625,-24.125,130.75,-2.0416666666666665,18.916666666666668,354.0,8.458333333333334,0.6666666666666666,62.291666666666664,88.29166666666667,190.20833333333334,-1.5833333333333333,73.08333333333333,0.4166666666666667,90.20833333333333,-3.125,2.0833333333333335,33.583333333333336,47.916666666666664,-9.458333333333334,381.625,165.08333333333334,-3.1666666666666665,62.333333333333336,19.291666666666668,0.0,-25.125
-0.3333333333333333,-3.4166666666666665,9.5,-62.958333333333336,76.58333333333333,98.29166666666667,27.583333333333332,384.2916666666667,76.0,-303.7083333333333,50.0,-213.08333333333334,-92.83333333333333,63.458333333333336,130.45833333333334,-5.125,10.333333333333334,37.541666666666664,18.458333333333332,-165.54166666666666,-22.583333333333332,-8.958333333333334,-24.916666666666668,37.166666666666664,-9.333333333333334,123.29166666666667,92.04166666666667,-241.83333333333334,-27.791666666666668,-3.1666666666666665,3.0833333333333335,105.79166666666667,-0.4166666666666667,-17.458333333333332,1923.5416666666667,90.625,23.083333333333332,49.375,10.5,133.25,-12.0,-11.541666666666666,97.04166666666667,37.791666666666664,29.541666666666668,7.291666666666667,-53.5,-10.541666666666666,2.0833333333333335,-1.5833333333333333,-0.7916666666666666,-17.708333333333332,-37.666666666666664,11.125,141.125,-208.58333333333334,432.7083333333333,43.125,-1195.25,-63.25,-268.2083333333333,-65.20833333333333,-182.95833333333334,43.916666666666664,-5.5,-6.166666666666667,-27.625,-44.041666666666664,-102.66666666666667,-27.75,1.5833333333333333,-43.75,-127.375,-8.791666666666666,-132.70833333333334,-116.66666666666667,-325.75,-32.291666666666664,-10.458333333333334,-10.666666666666666,-34.083333333333336,-0.375,-25.125,0.0
