0.000000000000000000e+00,-5.856511396127043328e-02,2.267628596781209038e-01,3.073871511977976922e-02,4.272688852093423778e-02,3.504076161866426925e-02,1.973156313220074676e-01,1.003208419168252763e-01,-1.486018800027459619e-02,4.339186336877293160e-02,6.694586264374646767e-02,1.240029799155163703e-02,5.537425112000746857e-02,5.336004776577149000e-01,-6.478288277302153564e-02,6.088523840724183872e-02,3.174979561357283431e-01,2.042813708240121817e-01,3.147612901953756315e-01,7.945550692548659921e-02,1.301562217383144537e-01,-9.806426232401238910e-03,1.823438363314523747e-01,-9.961625726122276536e-02,-4.826136601345721450e-02,-1.901696130276006938e-02,1.722803627329036191e-01,-9.422363984035292406e-02,5.352545779646443735e-01,1.731740598432258693e-01,5.372500157792323150e-02,1.452091819060270517e-01,1.886179360756873036e-01,7.542445882074959307e-02,-1.354440429127228840e-01,-1.100187708400072184e-01,-8.770097603504180273e-02,2.594071490104418731e-02,1.926242422763599013e-02,-9.463828544795271913e-03,9.253783087474538871e-02,-1.354128892544510798e-02,-1.979991215181075848e-01,-1.370873413729771506e-01,-3.377628440123686682e-02,-9.480662248194314870e-03,-2.199016748795528439e-03,8.388871238524107585e-03,-1.017608749274554053e-01,4.520406244173612031e-01,-1.042553481146389210e-01,-2.399562885218481378e-02,3.554123633027123086e-02,3.659063198313283749e-02,4.443213146528135482e-02,-4.550698176689813718e-02,5.118970258483161034e-02,-7.392326193189939498e-02,1.016507137026648709e-02,-5.542154744906334189e-03,-6.021245655576624826e-03,-1.648474198172385913e-02,3.322994283114965586e-01,-2.331253045111211786e-02,6.967693594186046002e-02,8.916254861687931965e-02,9.541427188998463649e-02,1.340648545202013375e-01,5.118735076039785531e-02,7.681594560418697482e-02,-5.594999536360273362e-02,9.373389478619277571e-02,-4.513908371271229542e-02,-7.919340835863442063e-02,-1.043972383037313351e-01,5.016797562579013853e-02,-1.675888139582452363e-01,2.951672467983956771e-01,1.429744099902016397e-01,1.705720666570702260e-02,1.063082607941016750e-01,1.594318211210939973e-01,4.541537060575440155e-02,-4.073368241763437869e-02
-5.856511396127043328e-02,0.000000000000000000e+00,-1.012971325746686163e-01,-1.503028601042590839e-01,3.400985130881414159e-02,-1.277851195111427418e-01,-1.302388515856192919e-01,-9.201583436659616089e-02,7.940147606498649743e-03,-2.205697398087623495e-01,1.415542193623184064e-01,-2.464768346027937651e-01,1.129693118173998867e-01,-5.713850492093749261e-02,4.205642236038035359e-02,2.704096128791838236e-02,1.496985623936104848e-01,4.463604831920666566e-02,1.184385888916789087e-01,-1.779970238787323966e-01,-4.937239636232570485e-03,3.760969184596074655e-01,3.799832706680913302e-02,4.282903726967902253e-02,3.679171655776253824e-01,1.547414144128078650e-01,2.557745057543219791e-01,-2.086470008670951726e-01,1.005847481992000469e-01,1.604506767411836010e-01,-6.264685474876273419e-02,-4.141812684626967195e-02,2.172529056796664859e-01,4.239046473521514424e-01,-5.687855716563591096e-02,1.732690046282681084e-01,8.359330819041738136e-02,3.280609957412274347e-01,3.561381049109010877e-01,3.331249102294673442e-02,9.219029830764879918e-02,1.075060629954524005e-01,1.588483506539256351e-01,8.988791563390889638e-02,3.183179579277009563e-01,3.060472882170577891e-01,9.410824862160142856e-02,1.684920443876570528e-01,1.795339509953252921e-01,6.531932429892545015e-03,8.375648648720299683e-01,-5.026233892217746996e-02,-1.437713837740493827e-01,5.406894788530922785e-02,-1.094725231914465274e-01,-2.400894960010480084e-01,-1.112188743279330927e-01,3.990035441041425018e-02,-2.449014466459748240e-01,1.784138510206743078e-01,-2.085500789712938785e-01,1.203645443151746958e-01,-8.020749881962359329e-02,7.057202727366977679e-02,4.066389067872090007e-02,2.239870925013919545e-01,5.203023020847338115e-02,1.837890548362639820e-01,-1.818470729984672518e-01,1.272045605722824969e-02,3.395588563805775895e-01,1.140139799466020204e-02,1.007671099368280358e-02,3.936593452433381213e-01,1.044524526656327862e-01,3.583403842791044736e-01,-1.728776568549081905e-01,1.939869229375752180e-01,1.608319204845702621e-01,-8.947155895290272165e-02,-1.223230876088795107e-03,1.938953789838831210e-01,4.132151430421715510e-01,-8.030106854976436226e-02
2.267628596781209038e-01,-1.012971325746686163e-01,0.000000000000000000e+00,-1.576680962215938342e-01,-4.936006287876357895e-02,-1.470135494011818311e-01,5.834023402405347225e-01,6.104105615309399213e-02,2.086501035755806976e-01,-2.379077185995394084e-01,3.208114264467407366e-03,-1.622006508032216299e-01,4.290801312508055188e-02,3.214958158056271387e-01,1.275850192833414935e-02,-1.739128340962493580e-01,4.413843524385464012e-01,2.441635623621692119e-01,4.425063418723316766e-01,-8.291809342738069855e-02,-1.922901023429698097e-01,-6.531902426817977336e-02,-8.205510286477877072e-03,7.059658845485661249e-02,8.633676581816056284e-05,4.714527738528206946e-01,4.935533079503691134e-01,4.651703364407497321e-02,-2.583883027719059353e-02,6.816844922248606331e-02,5.922215294086280446e-02,-4.048325659205689875e-02,-1.277120772510119961e-01,-1.746228321145616436e-01,-3.432655377478580766e-02,1.753268331816593972e-01,1.155973731701748913e-01,1.091313986942455544e-01,1.416375088275135530e-01,-1.437348031271779014e-02,-4.792823477008961025e-02,-4.339680468286333248e-02,3.828911222987173985e-02,8.538831156421715363e-02,9.248459181684896835e-02,9.470449562664355614e-02,-4.048349025097938703e-02,-6.583009771068203120e-02,-2.955327409681168804e-02,-3.038371573105326170e-02,-1.693585679796003884e-01,3.192545802877455041e-01,-1.481404278598337509e-01,-8.259919208494594101e-02,-1.669808796994542155e-01,1.248555777900319103e-01,-2.390915911756931467e-01,1.377819918120457843e-01,-2.286452303326890478e-01,-9.296828860551321905e-02,-1.582415447348148041e-01,-4.020871243021737623e-02,-9.088218951831655845e-02,-7.404663702996257257e-02,-2.275770747884792444e-01,-3.547761030280514177e-02,4.331832892532847673e-02,3.047208743278886564e-02,-1.011269663461282359e-01,-2.821663333730736190e-01,-2.463234584686178549e-02,-1.975999864642013215e-01,4.899085204269230075e-03,-7.017762621855858085e-02,7.158565426812633914e-02,2.012915641272959022e-01,-3.106034311551332805e-01,-2.305301817056965852e-01,-1.653235043284569661e-01,-4.509369495088750429e-02,-9.534367517615928433e-02,-1.355722225567495276e-01,-2.048203837710081687e-01,2.176799093696761556e-01
3.073871511977975882e-02,-1.503028601042590839e-01,-1.576680962215938619e-01,0.000000000000000000e+00,-5.895678353619834833e-02,2.131732304646667409e-01,-2.311657032524808142e-02,-5.110747989790357521e-02,1.290545285935031927e-01,4.622870436157684448e-01,-5.867761020258272647e-02,6.079444287081668952e-01,-2.619837377284424049e-02,-2.255332068198925843e-02,8.804153075307837029e-02,1.401316006280209636e-01,-1.071094961889635933e-01,-1.100284407904958961e-01,-1.017436350477581852e-01,7.668764255543858432e-01,1.680768291842175133e-01,-4.758488328761575903e-02,1.301603671731977885e-01,2.121496460980366872e-01,-6.855348589726990849e-02,-1.819060974282123710e-01,-9.128131451732439394e-02,3.012621139418149574e-01,5.862611685975079728e-02,-1.023768228086430615e-01,3.863052988309294972e-02,-3.030689286458795526e-02,4.645841162385807438e-02,-8.709245218913976017e-02,-1.484434362442058619e-01,-3.675574429018007572e-01,-2.791551858791134766e-01,-2.507218881875414862e-01,-2.014557621081932426e-01,-6.725588668863415054e-02,-4.930836705766073608e-02,-1.008304846989188236e-01,-3.218695119773499758e-01,-2.865590761591168545e-01,-2.033345973448344723e-01,-2.121996066521134594e-01,-6.613227597472658148e-02,-5.907433565005971304e-02,-1.577966921512310716e-01,4.738738578486181158e-02,-1.566734263478574141e-01,-1.707090520502427822e-01,8.814140705457246261e-01,-3.957739044874787615e-02,2.127709325006136298e-01,6.725797243365416733e-02,6.171601974633932758e-02,2.433811561526949552e-02,4.577210834847900700e-01,-7.775706963045141140e-02,5.797356982608646847e-01,-3.186153437583066211e-02,2.126521709482709008e-02,2.047687571138522358e-02,1.525609698772274758e-01,-1.098581992031955057e-01,-1.280606471653470690e-01,-1.639843023383367460e-01,7.285396696528029237e-01,1.414045770118795009e-01,-9.513038580958732560e-02,1.476947745328492656e-01,2.427497760164402385e-01,-8.675875266319192647e-02,-2.138202189072534176e-01,-1.424420454460263719e-01,3.141709852896779620e-01,5.994822575928800829e-02,-9.518131172066561507e-02,3.165472672918582392e-02,9.531820175020204455e-02,6.506499484981419223e-02,-6.161435385016517108e-02,-2.164187556932844758e-01
4.272688852093423778e-02,3.400985130881414159e-02,-4.936006287876359283e-02,-5.895678353619834833e-02,0.000000000000000000e+00,1.756339183644662905e-01,1.291773548090814107e-02,1.484424163665815921e-01,3.622824972857411892e-04,-5.119014567533222010e-02,1.850018172839647812e-01,-2.261467889154385180e-02,9.160225616045407360e-02,1.569552192980613881e-01,1.274544975619917031e-01,-4.797517837983874406e-02,4.572135001236085627e-02,9.767682964019835934e-02,6.347266276231773585e-02,-4.063676168907387476e-02,-2.989155241486881817e-02,-3.833544071587450391e-02,-2.884646983914941967e-02,-1.047540361369600492e-03,2.872597809143838735e-02,7.339872855859214118e-04,6.261234150199346954e-03,-5.636535558484980640e-02,1.017921277647432926e-01,4.856984491951421568e-02,1.034712067010811615e-01,3.598248330293099539e-01,1.158563576003452528e-01,1.343918131311546416e-01,4.932123751168702303e-02,1.860149912168718167e-02,-1.092435473193165557e-01,1.103945642536524191e-01,1.337599345319414323e-01,2.888698101427755738e-01,2.934187555956574989e-01,4.352909766743756452e-03,-2.965332742294559190e-02,-1.029844107869796327e-01,3.250575139109527362e-02,1.089072569091240200e-01,1.807579117501699473e-01,1.532144049053388579e-01,-1.058896322291444543e-02,-3.496262739042753365e-02,2.440230179274431935e-02,-9.236630023894175368e-02,-5.911178694334542211e-02,3.154999094501393930e-01,1.098038304490722566e-01,-5.522162063864519826e-02,1.932216250614982034e-01,-1.580926945440486522e-02,-5.231690162075428724e-02,6.909969264759287244e-02,-6.954193708587924627e-02,6.494087292236389031e-02,5.920127360710780023e-02,1.835556458560377024e-01,-2.827457308413533488e-02,4.873038318343435597e-04,5.186760728286458205e-02,4.349710415343893688e-02,-6.509617960923487490e-02,-1.718558960600230848e-02,-2.570315733919470089e-02,-5.335084443076939381e-02,-3.672742886930700085e-02,-1.039548573108632981e-03,-2.673907992516967938e-02,-3.727932933256431630e-02,-7.094785983345047731e-02,4.957691845378825457e-02,-1.571604517950633828e-02,9.408517330184411331e-02,8.546067624398101525e-02,2.958075027233679141e-02,8.673599274744109300e-02,1.139794599973800032e-01
3.504076161866428313e-02,-1.277851195111427418e-01,-1.470135494011818311e-01,2.131732304646667131e-01,1.756339183644662905e-01,0.000000000000000000e+00,-3.523970375483798795e-02,4.353726638327795051e-01,-7.622392406471388548e-02,5.085361531816322556e-01,8.714778898446056549e-03,4.384933375322140336e-01,-2.955843351417505871e-02,6.393050173615232035e-02,2.750118936296946370e-01,-3.181300787304658373e-02,-3.067072378840359284e-02,-1.659452843650482609e-02,-5.904487036474585088e-02,2.473146874692206953e-01,4.528719177919985489e-02,-1.085738609799434956e-01,1.087514274318703185e-02,-4.730796792135824602e-02,-1.294861117025045694e-01,-1.300669027628449104e-01,-1.947149181026056330e-01,2.212259128036599132e-01,7.305359287144679026e-02,-5.858823694259824959e-03,1.697790902646729994e-02,1.397226239943687165e-01,3.769747944611059193e-02,-2.669494900806353155e-02,1.382370241635543506e-01,-2.268836855748034564e-01,-2.600840205125357074e-01,-1.477337485702805431e-01,-1.251562048103762315e-01,1.375227423425189610e-01,1.164988664731013701e-01,-1.031680835629195242e-01,-2.140405787007323701e-01,-2.385502055873616190e-01,-1.549574497493231007e-01,-1.416784017295673603e-01,2.645939098957031041e-02,3.799642518758508669e-02,-1.788586766206863021e-01,-2.062616377223666989e-02,-1.233772282345667048e-01,-1.585065727475400144e-01,1.693027694167541786e-01,9.802767713417910589e-02,5.276941080695299879e-01,3.578318959298352336e-02,3.655973223544661810e-01,-8.161754247654849637e-02,3.649769144399733212e-01,-5.424179797364738626e-02,3.374194170651261260e-01,-6.371584222631705707e-02,6.177376036712609042e-02,1.398246014401592630e-01,3.958856870108239979e-03,-7.529852624457179788e-02,-4.300355101918349604e-02,-9.318221614843552603e-02,2.279763657953422784e-01,1.981559565457689104e-02,-1.534790971658755998e-01,8.128672025767141873e-04,-5.810273660136314883e-02,-1.388844092915174633e-01,-1.315572625261405004e-01,-2.229918907255625526e-01,2.052405932498599650e-01,-3.560482799749858148e-03,-9.391098393383202902e-02,3.218854110471898455e-02,1.120737242889185553e-01,-2.138036510456658990e-02,-5.301753913302065246e-02,1.597939563008136249e-02
1.973156313220074676e-01,-1.302388515856192919e-01,5.834023402405347225e-01,-2.311657032524808142e-02,1.291773548090814107e-02,-3.523970375483798795e-02,0.000000000000000000e+00,1.975376610916800557e-01,4.713599393183919850e-01,-8.659659359434761228e-02,4.952706950883331571e-02,-1.117381655054234951e-01,1.853451776689582775e-01,4.650878251401034391e-01,1.560938694438593344e-01,-1.682629671734229004e-01,2.254199511404878231e-01,1.690661149057087476e-01,2.648008132931535252e-01,-1.299739295178868430e-02,-2.141986539152642699e-01,4.253740311890506082e-02,-1.648414024565983127e-01,3.261362239158681620e-01,1.180828313127235685e-01,2.702850664444867990e-01,4.145781068074866904e-01,1.121810304488235488e-01,2.944384050023697227e-02,7.378235037249068762e-02,2.107092186508444653e-01,-3.976860692376891528e-03,-6.354961207665954515e-02,-1.804768188708132659e-01,-3.750405890294803563e-02,2.815894477448621647e-02,-4.575675104044479857e-02,2.119430452658293759e-02,8.016166273532460140e-02,1.352419779614106310e-01,3.919830135997062065e-02,3.189887066894497945e-03,-4.539808785788745221e-02,-4.573347502645241924e-02,2.724972645034575650e-03,1.213146616516581379e-02,5.280091804269913119e-02,-3.777378148356879545e-02,-4.232750691890291295e-02,-7.158673787480365758e-02,-1.848460655350898652e-01,1.971616584114354309e-01,2.700385342485088144e-02,2.297284017767515021e-02,-1.488691156671686777e-01,3.458829649048605348e-01,-1.495509328965481666e-01,4.104645535263180545e-01,-1.706246934607094923e-01,-7.892796756121166213e-02,-1.143638890340640812e-01,1.163931512279960945e-01,4.033237037205638503e-02,6.303279184420158832e-02,-2.003548653524329926e-01,-1.935215185791859804e-01,-6.005725959619596412e-03,-9.682109047243397937e-02,-3.573812695826390079e-02,-3.042393205156716518e-01,1.373130747763050830e-01,-2.932463813502437788e-01,3.409415623950161067e-01,2.422240382211865092e-02,-2.117136088190694695e-02,1.937920966827634262e-01,-2.208491784184068718e-01,-1.980199339027709782e-01,-6.176149723321502916e-02,9.788972997617144400e-02,1.647071949449741349e-02,-8.324546033242653797e-02,-2.266122640206448269e-01,1.340103121238381267e-01
1.003208419168252763e-01,-9.201583436659616089e-02,6.104105615309399907e-02,-5.110747989790358908e-02,1.484424163665815921e-01,4.353726638327795051e-01,1.975376610916800280e-01,0.000000000000000000e+00,-8.287031108053151407e-02,1.543605265325427023e-01,1.584557813609175358e-01,5.508457773304428068e-02,3.298532533862436056e-02,3.290727117530811152e-01,1.009732322037459745e-01,-7.481223557850735784e-02,2.724430106496650850e-01,1.848316859836807435e-01,1.583434992810464903e-01,2.896461364712757391e-02,4.118846379094695531e-02,-1.766890519742262203e-02,2.750523836304474487e-02,-2.595184947176152820e-02,-1.531765865508995239e-01,8.555016808541465734e-02,-1.399626660329426064e-01,2.461808343986375824e-01,5.155731282563053713e-02,3.111934697321790400e-01,2.556461920964566217e-02,1.839220367077374352e-01,3.056611429735749900e-03,4.381379313665728636e-02,7.860453088972295388e-02,-1.332364317472761739e-01,-1.722304423609916091e-01,-1.644729830951271662e-02,3.346874073141805489e-02,1.809249546604876357e-01,1.558303799755010599e-01,-5.590048391012017275e-03,-1.509255605487160590e-01,-1.763551591009153707e-01,-5.370584564139874173e-02,-5.366223975924131482e-04,3.488498093105708159e-02,3.503545717264439779e-02,-8.465981428599100855e-02,-4.986264269532856425e-02,-8.513155982534799382e-02,-7.289151625960267611e-02,-8.348804165929950283e-02,1.266746789158673114e-01,1.682422481401309733e-01,6.924441769986851292e-02,2.781517400343003210e-01,-5.628903221755382491e-02,-6.600835195100799441e-03,2.368055817282342657e-02,-1.870865209309923935e-02,-3.633010052552865243e-02,1.437342689378681981e-01,8.034666243088722792e-02,-7.209162344913160048e-02,9.432090030507273015e-02,1.987912575026001480e-02,1.901135198533689466e-02,6.384174894528828019e-03,-2.147568637045156256e-02,-6.465038341123992283e-02,-7.240703744179093071e-02,-7.765844532336270423e-02,-1.975001676901666503e-01,-5.562127476553491850e-02,-2.560416013217807207e-01,6.164714700764733352e-02,-3.445889199466972697e-02,8.757459538327806367e-03,5.274081865257031904e-02,3.764114360687401128e-02,-3.973854164844806830e-02,-1.596257103864860694e-02,1.379996455379454146e-01
-1.486018800027460139e-02,7.940147606498651478e-03,2.086501035755806976e-01,1.290545285935031927e-01,3.622824972857388581e-04,-7.622392406471388548e-02,4.713599393183918740e-01,-8.287031108053150019e-02,0.000000000000000000e+00,-1.780294692614004248e-01,4.821812573474726360e-02,3.234665048739618354e-02,2.939579460010575129e-01,2.129330117029046843e-01,3.074097590948384195e-01,-7.257074827527260075e-02,-1.150317897762923730e-01,3.899262271717612860e-02,-2.033758688652985772e-02,9.051444198611340031e-02,-2.336876449765917796e-01,2.471283700699394015e-01,-2.642904212640139749e-01,5.686936235941840723e-01,3.048491736816709152e-01,7.127779770324378650e-02,3.699299461968363900e-01,-9.628476175601247133e-02,5.182037945236360986e-03,-2.826574958039936303e-01,2.897477608465321430e-01,3.792572575791838124e-02,-2.929928057264172270e-02,-1.450131969916305941e-01,2.018229633113089935e-02,7.792931256434894316e-02,-2.468944142791046348e-02,-2.848884910016434915e-02,1.127775277007540301e-02,2.800451382011032719e-01,1.114434955090157081e-01,6.416401648626991749e-02,5.483072178770496269e-02,-1.559798380437927255e-02,-7.571526132577328927e-02,-3.427370816229829281e-02,1.939804522405599307e-01,1.919704188112400164e-02,-7.092992867263822609e-04,-1.411132452288381411e-01,1.098426699739383540e-02,3.571193701089597078e-02,2.037719414326873146e-01,6.002170779674370626e-02,-9.723422098516809609e-02,1.402894977421761946e-01,-1.474344631471448119e-01,7.741040335486109036e-01,-1.400152654333552127e-01,-1.522621484285210415e-02,7.779250147840412188e-02,2.589140783370080801e-01,-3.742913293242628586e-02,1.983368661486954176e-01,-9.545778205891776447e-02,-3.277672025250035204e-01,-2.784677717159094248e-02,-1.709970006430762968e-01,6.962674669153839924e-02,-2.608450569221827386e-01,3.628549886085379317e-01,-2.789445787577080615e-01,6.014635694352619133e-01,2.083490053791350050e-01,-1.006192654058154640e-01,2.484867619694514917e-01,-2.692411398621658569e-01,-1.274719773613391116e-01,-1.829576875185044971e-01,1.411018454004522860e-01,5.885751978632919323e-02,-2.960557721561953015e-02,-1.749107897712952886e-01,1.163706071424414068e-01
4.339186336877293160e-02,-2.205697398087623495e-01,-2.379077185995394084e-01,4.622870436157684448e-01,-5.119014567533222704e-02,5.085361531816322556e-01,-8.659659359434761228e-02,1.543605265325427300e-01,-1.780294692614004248e-01,0.000000000000000000e+00,-6.717492663985569212e-02,5.296160776034654072e-01,-5.969979625787352057e-02,1.816035086642000043e-02,-4.274387014603339696e-02,1.047958488964285256e-01,-1.586652531414138034e-01,-9.588289688931149468e-02,-1.415979954744951974e-01,4.447160431112028856e-01,2.140777423034916638e-01,-1.871363266822045623e-01,1.434332663722580892e-01,-1.456513384173696857e-01,-1.336355275765918338e-01,-2.405684291058742819e-01,-1.986718147959748160e-01,2.726264148412422261e-01,1.094874029121213760e-01,-4.794463858627290298e-02,-1.626383020639614709e-03,7.893767487426541288e-03,2.011458903609447332e-02,-8.685764773184467824e-02,-1.214839897694802023e-01,-3.718415721152530939e-01,-2.126149339266222016e-01,-2.426902731939278024e-01,-2.323307476068043886e-01,-1.074797131507162634e-01,-1.306557870909670627e-02,-7.953942729940384482e-02,-3.387327696413591216e-01,-2.423271657508476729e-01,-2.080141361457548133e-01,-2.775816637629822115e-01,-8.619615082215469071e-02,-1.398571965361617743e-02,-1.322619081396067542e-01,1.040449107630743303e-01,-2.206960288483418020e-01,-2.676612687763220699e-01,3.763074010384843127e-01,-1.766342845941501136e-02,3.926676542464089259e-01,1.659483413284614309e-02,2.727377432240559174e-01,-2.135629627481326898e-01,7.352071427732154163e-01,-1.144246652802748954e-01,4.034291302871718110e-01,-7.300162463261741785e-02,8.061866638162250298e-02,-4.368546581502205650e-02,1.211301296567443703e-01,-1.418423623503389519e-01,-1.430945223116099063e-01,-2.052038784717280517e-01,4.170785354085048691e-01,1.730148028740610411e-01,-2.646448615240581392e-01,1.362954686371427582e-01,-1.124478621731431899e-01,-1.245712462469946019e-01,-2.615874294343108475e-01,-2.412074924352796412e-01,3.189157143791860882e-01,5.960696604906427082e-02,-1.317697539875135326e-01,9.200143418742026333e-03,1.158713435097327576e-01,2.310452266292307641e-02,-5.679783635376354362e-02,-2.048583825220717802e-01
6.694586264374646767e-02,1.415542193623184064e-01,3.208114264467409535e-03,-5.867761020258274035e-02,1.850018172839647812e-01,8.714778898446060018e-03,4.952706950883331571e-02,1.584557813609175358e-01,4.821812573474725666e-02,-6.717492663985567825e-02,0.000000000000000000e+00,-9.961332215424313630e-02,6.252110394255797621e-01,2.830914293047651076e-01,8.484888047497828045e-02,-4.797101910736892988e-02,1.261792429308876418e-01,6.047156767221891771e-01,2.748816337366589146e-01,-1.912711423127400751e-02,7.788262132323334370e-03,6.404850239076628760e-02,-3.979671770097101963e-02,-3.306796427087274615e-02,3.291866641096518609e-01,2.113133661859066814e-01,1.757916430329482804e-01,-1.166987274456290774e-01,2.257695037573739238e-01,6.354329467619675154e-02,2.938380549706731126e-01,3.338711252113502614e-01,1.069441394862289396e-01,2.341721135407307253e-01,-8.780716678113746620e-02,-1.235400225709526456e-01,-3.255378496380210290e-02,1.888478314542803016e-01,1.488821349934342508e-01,1.827910791230805965e-01,2.602549317438920817e-01,3.814316914911917156e-01,-1.773745452230674202e-01,-7.243555495956811863e-02,-5.224185792628496805e-04,8.017975128883388092e-02,8.606711704618814907e-02,7.788188357553332830e-02,1.948235738762396085e-01,-1.366488876321930723e-05,9.994673952987463694e-02,-1.093527820964140251e-01,-4.906498573156153203e-02,1.569957402171108518e-01,2.761614931885107704e-02,-9.457079428549663991e-02,1.891928383227632626e-01,2.464057598318471556e-02,-7.421891634683878969e-02,6.125469696692565913e-01,-7.620585303541799194e-02,5.657770870259232199e-01,1.456762683818931536e-01,1.174164774753712476e-01,-4.488570891998681228e-02,6.437196356247508466e-02,4.519468386133948523e-01,2.007023303284949101e-01,-5.630913856994152616e-02,-7.710289100322009759e-03,6.801487094947740453e-02,-4.793303759480577186e-02,-2.014442934526645620e-02,2.374492355408932553e-01,1.000416781176686060e-01,1.247612947107712977e-01,-1.726871684350719249e-01,1.487144454644112324e-01,-8.154818941279685582e-03,3.455427147170324065e-01,9.899909003618793946e-02,9.653946061764455411e-02,1.168036687448606586e-01,-2.195150864711381197e-02
1.240029799155164224e-02,-2.464768346027937651e-01,-1.622006508032216299e-01,6.079444287081668952e-01,-2.261467889154385180e-02,4.384933375322140336e-01,-1.117381655054234812e-01,5.508457773304428068e-02,3.234665048739618354e-02,5.296160776034654072e-01,-9.961332215424312242e-02,0.000000000000000000e+00,-6.557453913371892595e-02,-1.990408895879902315e-02,1.126859495566449043e-01,4.077115156289338321e-02,-1.638337692486593056e-01,-8.011075659641896107e-02,-1.219179133130769421e-01,6.486619046116929299e-01,6.551239768762036342e-02,-1.747682188682788407e-01,4.344688255080749600e-02,-5.539562452599645741e-03,-1.331975722590748035e-01,-2.352780480135736318e-01,-1.711678519374003893e-01,1.878627332529719529e-01,-1.295392758818612877e-02,-2.062085348786828476e-01,-3.650875880410292453e-03,-4.428318674464292240e-03,-5.668869009639689732e-02,-1.800066071913144494e-01,5.232312353315578951e-02,-2.688161850798204688e-01,-1.660866594225970105e-01,-2.605472784755104576e-01,-2.634985492838409216e-01,-1.204113710180504393e-02,-3.259709657451204112e-02,-1.194842447783380224e-01,-2.356493357165843905e-01,-1.760622035605377833e-01,-2.395069140834920063e-01,-2.482699102890344456e-01,-3.647685596681015524e-02,-6.165646006045246569e-02,-1.621332638295980566e-01,5.734581515286096137e-02,-2.355275659213263983e-01,-1.998399948010877447e-01,5.148161617539991353e-01,-4.662553785125644890e-02,3.993541966327780468e-01,-3.311601451143798142e-02,1.774067265239851754e-01,-5.905309044947593816e-02,5.321923129470368385e-01,-1.189985544380248728e-01,7.288279228334700877e-01,-7.733710839016767757e-02,4.694594107395822120e-03,4.405114346147573356e-02,6.088945037548944977e-02,-1.728009744339540354e-01,-1.240629797614181268e-01,-1.811513689562594953e-01,6.261751269808536469e-01,4.403611853342122989e-02,-2.178637230311378514e-01,5.759911863769962004e-02,3.025977502214143022e-02,-1.329675325744577863e-01,-2.248540663742263357e-01,-2.053085278700992056e-01,2.088837515730304073e-01,9.890543749622806441e-03,-2.096004872520925988e-01,-2.473453228697498896e-02,6.197169946248001077e-02,-1.129108433456464146e-02,-1.526724048414634105e-01,-3.521573872144521250e-02
5.537425112000746857e-02,1.129693118173998867e-01,4.290801312508055881e-02,-2.619837377284424743e-02,9.160225616045407360e-02,-2.955843351417505871e-02,1.853451776689582775e-01,3.298532533862436056e-02,2.939579460010575129e-01,-5.969979625787350669e-02,6.252110394255797621e-01,-6.557453913371892595e-02,0.000000000000000000e+00,3.383663598471483014e-01,1.158012812607838726e-01,-1.489127519538425114e-02,-2.837018807348178420e-02,4.669027607129388469e-01,1.565170108215263312e-01,-2.418757557892321775e-02,-3.799308057219524110e-02,1.091171087340813139e-01,-7.646906318704475847e-02,5.662960666893109701e-02,5.936804930545888093e-01,9.664092890910598588e-02,3.122378486416586552e-01,-1.919131934978139109e-01,2.502318712169478432e-01,-1.354348145099215917e-01,4.280950774007282189e-01,2.456076978553124179e-01,3.256737158066203702e-02,5.095819141227767718e-02,-8.293161894090901598e-02,-1.112544566538144347e-01,2.338204136337167227e-02,1.045247399209980194e-01,1.039379199786269886e-01,2.518345297324769416e-01,3.158383544446847213e-01,5.248473598770315718e-01,-1.404513389102320653e-01,-8.912282827823786620e-04,-1.745478954926215492e-02,3.901088628804133540e-02,2.562068920882150658e-01,1.721653956796806162e-01,2.636859335758031109e-01,-5.340518128821768185e-03,6.464126076074601379e-02,-1.149485157663585055e-01,8.396851621235627491e-03,2.030591545313649160e-01,4.354031147868493018e-02,-5.399091967216580051e-02,1.618970718888530780e-01,2.686225583585029608e-01,-6.398388654311214230e-02,5.587782421205466088e-01,-4.152126123014649589e-02,8.395786910563831640e-01,1.859866901083052915e-01,2.079692896895265208e-01,-8.678528504472924829e-03,-1.177839765411495404e-01,3.824213983754245483e-01,2.316053915968929386e-02,-4.478536766345179304e-02,-5.383841502805462170e-02,1.490357386193691125e-01,-9.484921023566993126e-02,1.294056441628992360e-01,3.877318971660565494e-01,-1.890759228659573063e-02,2.549769969930347213e-01,-2.778223356919145570e-01,1.255628846305285318e-01,-8.548918184172550616e-02,4.093947736491496681e-01,2.410655644520212915e-01,4.807670726456129279e-02,3.337398384434263343e-02,-6.878978252233079738e-02
5.336004776577149000e-01,-5.713850492093749261e-02,3.214958158056271387e-01,-2.255332068198926884e-02,1.569552192980613881e-01,6.393050173615233422e-02,4.650878251401034391e-01,3.290727117530811152e-01,2.129330117029046843e-01,1.816035086641999696e-02,2.830914293047651076e-01,-1.990408895879902315e-02,3.383663598471483014e-01,0.000000000000000000e+00,4.731095805179346553e-02,-4.981250422843963577e-02,2.613986390004184313e-01,4.730708517561322268e-01,4.340726374800782383e-01,3.074137763037906868e-02,-2.319145573862636464e-02,1.486790392055432376e-02,-3.769530686127108357e-03,-2.196974826306775149e-03,1.398227195556821789e-01,1.566761929968583655e-01,3.566630688750851985e-01,-1.730138936737018740e-01,5.201726529395065413e-01,9.629019268882509086e-02,2.388007896584632972e-01,2.589522628101554869e-01,6.849424744714671665e-02,1.981298828525793199e-02,3.435205888537980895e-02,-7.717593703446071207e-02,-6.899295359856462417e-02,4.783233835386901944e-02,8.817348725959557598e-02,2.343375320925764338e-01,2.192514339634421272e-01,9.079624202275528300e-02,-1.481811092309234246e-01,-9.547859721588346227e-02,-7.245651051611773537e-03,3.453424442490108520e-02,1.239437945483281567e-01,6.236162419424318148e-02,-2.177257736722496353e-02,2.309041169207344257e-01,-1.243760104233344460e-01,-7.754331107750288277e-02,3.337650355745422435e-03,1.761829738998037242e-01,2.760539784407528910e-02,-4.958344650172117479e-03,1.187239865263569200e-01,1.830322317759608131e-01,-6.447671945653755954e-02,1.415117902498746194e-01,-6.670629656127750884e-02,2.272653881929248276e-01,3.106954614884358534e-01,8.950226065498882722e-02,-5.227750992057737106e-02,-9.364002256692764703e-02,2.138874503384491366e-01,1.623372014437069952e-02,-9.235301589678451481e-03,-1.098814575263756810e-01,3.238360328124600257e-02,-1.396518543377320565e-01,6.720039067041620739e-02,4.397930573384386393e-02,-1.161196619185600881e-01,1.671222242377938816e-01,-3.176976087448200592e-01,1.131732847242183926e-01,-5.018855058260853624e-02,1.660205863789906144e-01,1.948400226487662090e-01,6.789556696955253989e-02,-3.226709106589819437e-02,1.440767181638080707e-01
-6.478288277302153564e-02,4.205642236038035359e-02,1.275850192833414588e-02,8.804153075307835641e-02,1.274544975619917031e-01,2.750118936296946370e-01,1.560938694438593344e-01,1.009732322037459884e-01,3.074097590948384195e-01,-4.274387014603339002e-02,8.484888047497828045e-02,1.126859495566449043e-01,1.158012812607838588e-01,4.731095805179346553e-02,0.000000000000000000e+00,-9.930992268652837421e-03,-7.466023100685016678e-02,-7.542816591809174513e-03,-5.112257744826934069e-02,1.262298145515234893e-01,-5.252517943483810819e-02,4.554418793157647555e-02,-8.336385992299073788e-02,2.067945756830209536e-01,1.240909837895470824e-01,-4.360202181320679132e-02,6.643023601792827360e-02,1.241014328012904171e-02,2.929393480513514669e-02,-1.393102337564833537e-01,1.399544387018623048e-01,7.739579150743824965e-02,1.037768315720291601e-01,7.196017210763436256e-02,1.023504269694145569e-01,-5.786439018493272357e-02,-1.394490481333192922e-01,3.236754690430485720e-02,4.417492124375157342e-02,4.604197892883408194e-01,1.400532568093528496e-01,-1.080186532365348152e-02,-7.738473414273949746e-02,-1.156405577320706729e-01,-8.319230053252395923e-03,1.996399775258200782e-03,2.543880672827515954e-01,8.009199819706867840e-02,-4.687091326515049200e-02,-1.322461619346545492e-01,5.136871458093309611e-02,-1.364787849954282074e-02,1.269229984200828387e-01,1.387260600670584265e-01,1.723523709105447832e-01,8.129222779738735916e-02,4.854577731307165717e-02,1.605313784847365310e-01,-7.489257847288612047e-02,-9.151132970271211656e-03,1.677525680801727204e-01,1.224187467820841979e-01,1.004095195656445894e-03,4.813549132169805400e-01,2.324574465928465339e-03,-1.359343686886431979e-01,-4.285938461600923705e-02,-1.154084623557837391e-01,8.621326947515241257e-02,-5.946612521414249702e-02,4.618592583164571330e-02,-7.843795875003146956e-02,2.223340628942698238e-01,9.269555186393241275e-02,-1.255042314103068379e-01,4.304040493494557668e-02,-5.709967358132814197e-02,5.719676831202900706e-03,-1.017180622751646252e-01,6.807681640951133983e-02,1.243663666234211540e-01,6.478239670262374295e-02,2.887112135487751238e-02,5.164739441584187407e-02
6.088523840724185260e-02,2.704096128791838236e-02,-1.739128340962493857e-01,1.401316006280209636e-01,-4.797517837983874406e-02,-3.181300787304658373e-02,-1.682629671734229004e-01,-7.481223557850735784e-02,-7.257074827527260075e-02,1.047958488964285256e-01,-4.797101910736892988e-02,4.077115156289337627e-02,-1.489127519538425114e-02,-4.981250422843963577e-02,-9.930992268652844360e-03,0.000000000000000000e+00,-2.866712549839546542e-02,-6.308992388358229675e-02,-8.699791752314141313e-02,8.911531885390622243e-02,4.743916394597558206e-01,3.360608670081648985e-01,4.879580734793532160e-01,-1.270405974529879856e-02,-6.020598277265789416e-02,-2.070519624436049921e-01,-5.800000207747877529e-02,5.652147635806654274e-02,1.948360807698804875e-01,1.297794345227592239e-01,-5.049646894475115499e-02,-1.419890895759101104e-04,2.547858383855104436e-01,1.922889926257043414e-01,-2.863949555542595338e-01,-1.756389583901971918e-01,-2.015790220766815466e-01,-7.100611726359938591e-02,-1.284587049592007812e-01,-2.101342710907269651e-02,7.733181953930608199e-02,-6.012725910503232546e-02,-1.735766985773629367e-01,-2.407787759397406468e-01,-6.313875971410536081e-02,-1.546192411293104974e-01,1.927135204901363544e-02,3.603469795900476197e-02,-1.171979170471055126e-01,1.119775585502155585e-01,-3.253911205821122254e-02,-1.943475437998597455e-01,1.390229768345119521e-01,-1.549308643396286704e-02,4.643369664808933567e-02,-1.471394944112250081e-01,2.465114522190027784e-03,-1.421478737369923639e-01,4.661045162425992566e-02,-7.533253974005765796e-02,1.022481790244348376e-01,-4.040283569421510013e-02,3.482653683276686757e-02,-1.391917829930422283e-02,8.131555371346359529e-01,5.679700624239086837e-02,-8.792444583725715634e-02,-9.106034060252730933e-02,1.054174082314571909e-01,4.768808965340696204e-01,8.553306414294682691e-02,4.784825653129144984e-01,-1.924104603164970492e-02,-1.321478212357714288e-01,-2.504976444949463810e-01,-7.660732356002784849e-02,1.320356558220047161e-01,2.643450649329304736e-01,9.460676994592392974e-02,-6.804832755605738637e-02,6.767336287503866732e-02,2.816471306943856834e-01,2.259291666026163325e-01,-2.606056314061777623e-01
3.174979561357283431e-01,1.496985623936104848e-01,4.413843524385464012e-01,-1.071094961889635794e-01,4.572135001236086321e-02,-3.067072378840359284e-02,2.254199511404878231e-01,2.724430106496650850e-01,-1.150317897762924008e-01,-1.586652531414138034e-01,1.261792429308876418e-01,-1.638337692486593056e-01,-2.837018807348178420e-02,2.613986390004184313e-01,-7.466023100685016678e-02,-2.866712549839546195e-02,0.000000000000000000e+00,3.399123028469060448e-01,7.324911599305553578e-01,-2.641185997737020841e-02,1.226777800420689318e-01,2.527460549455532238e-02,3.237347567865779818e-01,-1.531825164429355679e-01,-8.525204951175220647e-02,3.411216849760372316e-01,2.093417109543821431e-01,9.785261932134248219e-02,1.979297233356663022e-01,4.727260674443283794e-01,-9.100496395082229018e-02,1.148290602920291024e-02,1.807256864072768199e-01,3.347907628006127623e-01,-1.593741238515966330e-01,6.514796240307961506e-02,-4.524435263705715166e-02,2.646540975044088806e-01,2.648062295789180287e-01,-2.070251091180104128e-02,5.662090705285346276e-02,-7.886552298564815378e-02,-5.422309955286364058e-02,-5.920182601692361435e-02,2.483466771299865095e-01,2.487408420290599942e-01,2.664417766012684360e-02,8.934954339584322280e-02,-5.108604852253004897e-02,8.788006145473685471e-02,1.009480962669271897e-01,7.009468904235632847e-02,-1.403434952506403544e-01,1.783125482451739310e-02,-1.064651112044470854e-01,-9.560342878358137064e-02,-1.084962799421373275e-01,-1.817299700197910484e-01,-2.009193821452137929e-01,7.021598904870918201e-02,-1.842788468648037803e-01,-1.079926908040793609e-01,8.625784968494346625e-04,-7.808127421648675126e-02,-5.799619611896439375e-02,4.323105256661888274e-01,1.003239892125090543e-01,3.601872123480867049e-01,-6.827713677362219624e-02,2.470307666305812666e-02,-6.473554756266254595e-02,8.354327055101172517e-02,-2.548406965749068775e-01,-1.024422697449526992e-01,5.017624285141625978e-02,1.020130645365331136e-02,-1.629191847245666513e-01,1.198115131512749870e-01,7.039180226424575360e-02,-7.807176342281783865e-02,-3.568923850310381368e-02,1.462878502235008538e-01,2.467049581309346262e-01,2.059119492189977543e-02
2.042813708240121817e-01,4.463604831920665178e-02,2.441635623621691842e-01,-1.100284407904958961e-01,9.767682964019835934e-02,-1.659452843650482609e-02,1.690661149057087476e-01,1.848316859836807158e-01,3.899262271717612166e-02,-9.588289688931149468e-02,6.047156767221891771e-01,-8.011075659641896107e-02,4.669027607129388469e-01,4.730708517561321713e-01,-7.542816591809176248e-03,-6.308992388358229675e-02,3.399123028469060448e-01,0.000000000000000000e+00,5.705294356874488493e-01,-3.591344015669275386e-02,-2.378822705072275445e-02,2.050230022159152052e-02,2.572213171125959860e-02,-1.565198288366411450e-01,1.850337573238861888e-01,3.426470875580053810e-01,2.752435208295713753e-01,-1.327218890081864333e-01,2.214527832392570728e-01,1.203394088629264475e-01,1.601731725602453527e-01,2.276753090418253966e-01,3.964002081771580283e-02,8.423245172900943600e-02,-7.913032621305814487e-03,-1.448157889506258671e-02,4.379150936939602001e-02,1.581305884547003771e-01,1.329515578265839937e-01,1.274650429366559479e-01,1.410444554921055915e-01,1.941100491864027333e-01,-9.463504585008532255e-02,2.483727409203403610e-02,7.399618148357485492e-02,1.382001947018699217e-01,3.836157595347149812e-02,3.842663673854964518e-02,8.959204880228539836e-02,5.038153570150411681e-02,-2.553864435649579392e-02,-7.166847041638541027e-02,-1.207360941187062414e-01,1.138546474391503444e-01,-3.323028194527009177e-02,-1.387770917425676098e-01,6.712417257457813091e-02,3.706437060382148426e-03,-1.018295924789404117e-01,4.574040524362859017e-01,-1.222811689060181312e-01,4.058702343935125523e-01,8.684084789750567968e-02,1.976700576773330817e-02,-7.471100558857764196e-02,6.044260234543006455e-02,5.482177666926362214e-01,2.003410512573692015e-01,-7.312121913647157134e-02,-7.095978637399220912e-02,1.039656123595997760e-02,-8.176334929533568552e-02,-1.613384405085442619e-01,6.375104695521986720e-02,5.372176206233320039e-02,1.095236173346379044e-01,-2.731037006347178941e-01,6.697661822719359892e-02,-8.544345357906352190e-02,2.207987404062004833e-01,5.633728222288214571e-02,5.000276722481180464e-02,4.032775200643135688e-02,1.119519049849432846e-01
3.147612901953756315e-01,1.184385888916789087e-01,4.425063418723316766e-01,-1.017436350477581852e-01,6.347266276231773585e-02,-5.904487036474586475e-02,2.648008132931534697e-01,1.583434992810464903e-01,-2.033758688652985078e-02,-1.415979954744952252e-01,2.748816337366589146e-01,-1.219179133130769421e-01,1.565170108215263312e-01,4.340726374800782383e-01,-5.112257744826933376e-02,-8.699791752314144089e-02,7.324911599305553578e-01,5.705294356874488493e-01,0.000000000000000000e+00,-1.512095949612451973e-02,-3.433843299703042556e-02,1.946166685012752987e-02,1.355276930969269988e-01,-1.862840131931082499e-01,8.871077508872755868e-02,3.887094481154244607e-01,3.664804632035883469e-01,-7.433235047878701540e-02,2.630038604781827494e-01,2.659566686692618198e-01,1.311063085050452430e-02,6.717694220704377439e-02,9.373521241950143190e-02,2.107419211217426980e-01,-6.672719003739908950e-02,8.582013190386779400e-02,3.796739182628287163e-02,2.439760695848006977e-01,2.639234140431617748e-01,7.097418453095191877e-03,5.589824656645012851e-02,2.785485979534682577e-02,-2.066259414550258508e-02,1.494968693252755020e-02,2.221749654446374400e-01,2.247821209801605102e-01,3.064333349417499089e-02,7.832333113010636616e-02,4.932263719335322483e-02,1.266401986287609416e-01,4.550139421872170103e-02,5.746580501300816443e-04,-1.183596713441059101e-01,5.268156733181069556e-02,-9.582608829706333597e-02,-1.386125856468750361e-01,-7.934265736351063525e-02,-7.443632470562248915e-02,-1.447567579305016061e-01,1.880095040923565330e-01,-1.735550758293153695e-01,7.557971470590427177e-02,3.422657414494369860e-02,-5.089568673861424863e-02,-1.222517736994374049e-01,2.162861900582688790e-01,2.763151797420665412e-01,3.488477300519470248e-01,-6.888567915066419467e-02,-1.122427900756471503e-01,-2.662779822624644979e-02,-6.110316532270920753e-02,-2.409898773732785104e-01,4.271656842471835414e-02,3.648818551139625804e-02,1.457305590100137216e-01,-2.852432149996153576e-01,7.776736827954590370e-02,-5.463533845164127850e-02,-1.375249965252263310e-04,3.968850798222203075e-02,9.588917544434716334e-02,1.367296936251206352e-01,1.028598019997082752e-01
7.945550692548659921e-02,-1.779970238787323966e-01,-8.291809342738069855e-02,7.668764255543858432e-01,-4.063676168907387476e-02,2.473146874692206953e-01,-1.299739295178868430e-02,2.896461364712757391e-02,9.051444198611340031e-02,4.447160431112028856e-01,-1.912711423127400404e-02,6.486619046116929299e-01,-2.418757557892321428e-02,3.074137763037907214e-02,1.262298145515234893e-01,8.911531885390622243e-02,-2.641185997737020841e-02,-3.591344015669275386e-02,-1.512095949612451452e-02,0.000000000000000000e+00,1.415070272176653376e-01,-1.181240665606446277e-01,1.231681178994030318e-01,3.346368975188431655e-02,-8.102639008072122506e-02,-1.891852598748434977e-01,-5.412285278604817701e-02,1.902791078715690976e-01,7.612345518900795471e-02,-9.300202026905350638e-02,4.664312365829733492e-02,1.587374049467177653e-02,6.305757963028398028e-02,-4.491939670217213326e-02,-8.937647807047612025e-02,-2.636317016014925740e-01,-2.248970954418360868e-01,-1.835842837472040079e-01,-1.382952107701772848e-01,-7.186304129300917325e-03,1.381045473827236143e-03,-7.819805672456520140e-02,-2.461730493407346121e-01,-2.329608693649449780e-01,-1.758020551797234432e-01,-1.649928395143507032e-01,-1.830878545292729739e-02,-3.142597829008982740e-02,-1.399100889999965458e-01,5.355326306304192263e-02,-1.648417181131527909e-01,-1.435377820459573794e-01,6.827874132039289945e-01,-3.906453962912753014e-02,2.155471606524966555e-01,9.106754765426423523e-03,6.402956588674542371e-02,-3.937734612538121987e-02,4.571748506414709534e-01,-6.153120275168053738e-02,5.947313803871526749e-01,-3.963272727096282810e-02,3.235502673151816749e-02,4.996219023814868487e-02,8.926106083234897071e-02,-7.631982286442401398e-02,-7.457025499121432144e-02,-1.003483123990304565e-01,8.324657856024298974e-01,1.074381075236711114e-01,-1.703421274077356606e-01,1.265981996273218002e-01,8.069780637485518549e-02,-9.140499553288435053e-02,-2.269383597201612146e-01,-1.087832371390333730e-01,1.686061913035746540e-01,6.455781228596625676e-02,-1.293744212649376724e-01,3.407317636309393355e-02,8.021214382507239893e-02,7.502293354047152862e-02,-5.890458407040214533e-02,-1.498022079635603632e-01
1.301562217383144537e-01,-4.937239636232563546e-03,-1.922901023429698097e-01,1.680768291842175133e-01,-2.989155241486881123e-02,4.528719177919985489e-02,-2.141986539152642699e-01,4.118846379094696225e-02,-2.336876449765918073e-01,2.140777423034916638e-01,7.788262132323336973e-03,6.551239768762034954e-02,-3.799308057219524110e-02,-2.319145573862635770e-02,-5.252517943483810819e-02,4.743916394597557651e-01,1.226777800420689318e-01,-2.378822705072275445e-02,-3.433843299703041169e-02,1.415070272176653376e-01,0.000000000000000000e+00,6.908647976075220354e-02,7.910851679401251779e-01,-2.203874666396147541e-01,-1.347080253262279703e-01,-2.459772057989683403e-01,-1.541257551813585425e-01,1.686593795192407041e-01,3.389260840407255504e-01,3.829895165128023304e-01,-4.627274254436364309e-02,3.514121223787036036e-02,4.117895337603381112e-01,3.538094908490005408e-01,-3.509838011770482491e-01,-3.126285715667320164e-01,-2.938182738318735887e-01,-4.918263997499133788e-02,-9.363502284152165622e-02,-2.023444420623597348e-02,9.953489234751607129e-02,-6.762327278180586820e-02,-3.180959784402257462e-01,-3.357518078559230124e-01,-3.937646469408798144e-02,-1.410980776608525000e-01,4.480193258712941717e-02,1.056134131673432952e-01,-1.425006640403380653e-01,1.505547902700072327e-01,-5.071848731106789326e-02,-2.478684118804539704e-01,1.545328395194589532e-01,4.742427194578027055e-02,9.990976681872887344e-02,-1.542805111483653846e-01,4.857145473154403370e-02,-3.564629228593846899e-01,8.180634070380343736e-02,-1.103740865410809437e-02,7.545427491670970988e-02,-4.679376981660196555e-02,5.133268917879046239e-02,-6.761986832678981534e-03,4.709848298551157497e-01,1.927753666418186018e-01,-8.054481868147117529e-02,-5.444688273671108997e-02,1.286907544115015456e-01,7.901932766436227107e-01,-1.453439365451541787e-01,6.868100176202034390e-01,-2.011235101069272779e-01,-1.600674865283238935e-01,-2.770181720503587797e-01,-1.758404774085138011e-01,2.418748472077622280e-01,4.156945284645519600e-01,1.421594484392996460e-01,-7.455109476750991677e-03,1.327054759333902989e-01,4.283470627598528480e-01,3.573737580946663162e-01,-3.658197699526821167e-01
-9.806426232401237175e-03,3.760969184596075210e-01,-6.531902426817977336e-02,-4.758488328761575209e-02,-3.833544071587450391e-02,-1.085738609799435234e-01,4.253740311890507469e-02,-1.766890519742261509e-02,2.471283700699394015e-01,-1.871363266822045623e-01,6.404850239076630147e-02,-1.747682188682788407e-01,1.091171087340813139e-01,1.486790392055432029e-02,4.554418793157646861e-02,3.360608670081648985e-01,2.527460549455532932e-02,2.050230022159152052e-02,1.946166685012753680e-02,-1.181240665606446277e-01,6.908647976075220354e-02,0.000000000000000000e+00,8.736380502598906084e-02,2.758036408607963952e-01,1.950090535344722875e-01,8.262649565005390773e-02,1.433874718801913806e-01,-6.593436649240480563e-02,7.156831810538170913e-02,2.110136123081021442e-01,1.339706909028611122e-02,-5.471489398826781016e-03,1.794530584940313978e-01,2.494038529098472623e-01,-8.280673335187298256e-02,5.722907901327808217e-02,-1.094356281604194486e-01,9.845473375275737293e-02,9.232962696306196149e-02,4.224969472001294246e-02,4.930959179272442067e-02,3.121368808633064040e-02,7.619332271754419850e-02,-1.091022060963231510e-01,1.087423795040885904e-01,8.106476488456233753e-02,4.264665843667510975e-02,6.516360224371055276e-02,2.206774603088393696e-02,1.011852907255905883e-02,3.897937655747232277e-01,-1.823157163679646822e-02,-1.608465071247751343e-02,3.765593336130908936e-02,-8.753616331017290142e-02,-8.697070483788767181e-02,-8.702886515901574194e-02,2.720586628045369992e-01,-2.206432334743007317e-01,5.632705487950093876e-02,-1.098775052557202508e-01,1.173289630047971571e-01,2.076128809084918161e-02,4.667213939480599483e-02,2.777703022121473242e-01,8.614747184350639297e-02,2.201091496240643527e-02,8.620148855918401132e-02,-1.048624383673644883e-01,5.241454615192719935e-02,7.321547151076629456e-01,5.388544062198343670e-02,2.409540181247689095e-01,1.470031919090827588e-01,1.281353230127806227e-02,2.064723215037138626e-01,-6.221794786360426016e-02,1.535553787538334880e-01,2.193999544952036362e-01,-2.560016985035789769e-02,3.844807101720051912e-02,1.790941613681195366e-01,2.368848081680882955e-01,-8.759835883366373643e-02
1.823438363314524302e-01,3.799832706680913302e-02,-8.205510286477870133e-03,1.301603671731977885e-01,-2.884646983914941273e-02,1.087514274318704226e-02,-1.648414024565983127e-01,2.750523836304475875e-02,-2.642904212640139749e-01,1.434332663722580892e-01,-3.979671770097101963e-02,4.344688255080748213e-02,-7.646906318704475847e-02,-3.769530686127106622e-03,-8.336385992299073788e-02,4.879580734793532160e-01,3.237347567865779818e-01,2.572213171125960207e-02,1.355276930969269988e-01,1.231681178994030318e-01,7.910851679401251779e-01,8.736380502598906084e-02,0.000000000000000000e+00,-2.832122827831434209e-01,-1.591997064154802854e-01,-1.479899116230042611e-01,-3.222631257617589867e-02,1.536146512401480591e-01,3.186793371696193256e-01,3.888209451390145510e-01,-1.054993277600256435e-01,1.207258892913994595e-02,3.376398881077524727e-01,3.549447335285664806e-01,-3.677971922062716614e-01,-2.075881976323158684e-01,-2.346816792515732109e-01,5.002909025472009746e-02,-1.776027412913962558e-02,-7.058440717349918903e-02,6.713141240244395458e-02,-7.583586535909263293e-02,-2.576535025828049497e-01,-2.840112141862818351e-01,5.781711955192192498e-02,-3.620253576863689815e-02,-2.336326512872105576e-03,8.969046064877821134e-02,-1.421410259712140300e-01,1.659244431075061199e-01,-2.866647106655316815e-02,-1.679906774768009370e-01,9.835271800793964070e-02,-1.321171210424340429e-02,6.853985681436401689e-02,-2.153832649067960459e-01,-1.814730979873373576e-02,-3.806662896545726649e-01,3.047085874044491716e-02,-6.246469972914553415e-02,5.964481668828740951e-02,-1.127048631603135287e-01,-2.898422672200917649e-04,-5.867148001390169038e-02,4.655445176060017398e-01,2.596973975265396972e-01,-9.679732546689905071e-02,-4.707112286759132340e-03,1.066336240332669272e-01,6.280822057979441597e-01,-1.565976736262372493e-01,7.052718836850268014e-01,-2.866992594845187425e-01,-2.023956679251841528e-01,-2.575975352445192268e-01,-1.096628548433024597e-01,1.607302716168522994e-01,3.495596839623898444e-01,9.338843958884184004e-02,-9.027453301064074231e-02,8.116920137810008928e-02,3.483371806725905628e-01,3.391533027581661308e-01,-2.991441488059715659e-01
-9.961625726122276536e-02,4.282903726967904334e-02,7.059658845485662637e-02,2.121496460980366872e-01,-1.047540361369600492e-03,-4.730796792135824602e-02,3.261362239158681064e-01,-2.595184947176152820e-02,5.686936235941840723e-01,-1.456513384173696857e-01,-3.306796427087274615e-02,-5.539562452599645741e-03,5.662960666893110395e-02,-2.196974826306773414e-03,2.067945756830209536e-01,-1.270405974529878988e-02,-1.531825164429355679e-01,-1.565198288366411450e-01,-1.862840131931082499e-01,3.346368975188431655e-02,-2.203874666396147541e-01,2.758036408607963952e-01,-2.832122827831434209e-01,0.000000000000000000e+00,1.101008997423841701e-01,9.364584706750994636e-02,5.742458500110323577e-02,2.827422983673792967e-01,-1.265971257016200724e-01,-8.203539361432070354e-02,8.633349259081284088e-02,-4.989904145798738228e-02,-9.999315317662749170e-02,-1.431656679341561933e-01,8.535010158771290378e-04,-1.228738718776536953e-02,-1.410968321255436919e-01,-1.242721538394889053e-01,-5.145989344500451895e-02,8.655727340753671673e-02,-5.126302313327973231e-02,-7.777056515364404003e-03,-1.471390206373708598e-02,-1.371637481587855145e-01,-1.293551714032187550e-01,-8.528573081727731930e-02,-2.110408724989742968e-02,-1.018974779051380342e-01,-5.170620776695943749e-02,-1.808734053439681189e-01,5.729568454927491672e-02,4.971197857498404343e-02,2.365536693732666063e-01,1.079678080105211414e-02,-9.682967326777987271e-02,2.285378688026593885e-01,-1.339176942359846800e-01,5.364545353400225203e-01,-1.412310722517045869e-01,-6.867899551911126055e-02,4.646801667854699031e-02,6.054088780150585630e-02,-8.474366506114516806e-02,8.292046069511938011e-02,-5.087434207119792551e-02,-2.374062707608877998e-01,-1.763252453699253319e-01,-2.026295510987460302e-01,3.679540804321991543e-02,-2.366825225703709512e-01,3.309029461850611087e-01,-3.032686770769253415e-01,8.060478349052111469e-01,7.524011180598513815e-02,-3.387262227047619506e-02,2.828810254014049730e-02,1.010112266909132389e-01,-1.930942056475274116e-01,-2.157481504787013560e-02,1.521389461093754746e-02,-1.224073433406832646e-02,-1.222313325743831919e-01,-1.732763277375583277e-01,4.359898504364920907e-02
-4.826136601345721450e-02,3.679171655776252714e-01,8.633676581816286677e-05,-6.855348589726990849e-02,2.872597809143838735e-02,-1.294861117025045971e-01,1.180828313127235685e-01,-1.531765865508995239e-01,3.048491736816709152e-01,-1.336355275765918338e-01,3.291866641096518609e-01,-1.331975722590748035e-01,5.936804930545888093e-01,1.398227195556821789e-01,1.240909837895470408e-01,-6.020598277265789416e-02,-8.525204951175220647e-02,1.850337573238861888e-01,8.871077508872755868e-02,-8.102639008072121118e-02,-1.347080253262279703e-01,1.950090535344722875e-01,-1.591997064154802854e-01,1.101008997423841701e-01,0.000000000000000000e+00,1.178017599577829005e-01,4.222470114305370004e-01,-2.693370728746432574e-01,1.296287003980071961e-01,-1.794647332452028177e-01,2.042900118840695056e-01,6.882721335910221838e-02,3.698859604412713109e-02,8.537746953771842284e-02,-6.453736961569864206e-02,2.111136989057786628e-02,1.844166389268470096e-01,1.685521265944597002e-01,1.730635561155746405e-01,1.493056646987127312e-01,1.625885601871473185e-01,4.578816092609387933e-01,5.257261484480304885e-03,1.370499233317459264e-01,8.397436353967700773e-02,6.847320283801920648e-02,1.716983973631631688e-01,1.538975104218652523e-01,3.323245458605053604e-01,-1.235946493233182515e-02,3.545255421986938660e-01,-3.365753662184564621e-02,-2.011572667949636586e-02,8.315888664067724867e-02,-7.052714187333908313e-02,-7.859115668774631358e-02,-2.045737771404840602e-02,2.848507680309780299e-01,-1.180546282570312799e-01,3.611616384089099685e-01,-9.282553212649009844e-02,6.320787895044058802e-01,6.662874416957555168e-02,1.409627497408618146e-01,-4.773917832391926658e-02,-1.205253291481284683e-01,1.791151559411444660e-01,6.089031995072488601e-02,-8.241869862561761184e-02,-1.376393513117879219e-01,2.937419409055356811e-01,-1.582461762434813901e-01,1.676621312876794001e-01,7.792147650270279113e-01,5.189303233877431282e-02,4.342992105131944780e-01,-2.837019874791651408e-01,1.090221859235137730e-01,-7.261284829393815921e-02,1.536546924491005439e-01,1.092550966480355656e-01,8.934891733337275987e-02,1.301747774566510418e-01,-6.721627675759338227e-02
-1.901696130276007632e-02,1.547414144128078650e-01,4.714527738528206946e-01,-1.819060974282123710e-01,7.339872855859248812e-04,-1.300669027628448826e-01,2.702850664444867990e-01,8.555016808541465734e-02,7.127779770324378650e-02,-2.405684291058742541e-01,2.113133661859066537e-01,-2.352780480135736318e-01,9.664092890910601363e-02,1.566761929968583655e-01,-4.360202181320677745e-02,-2.070519624436050199e-01,3.411216849760372316e-01,3.426470875580052700e-01,3.887094481154244607e-01,-1.891852598748434977e-01,-2.459772057989683403e-01,8.262649565005390773e-02,-1.479899116230042333e-01,9.364584706750994636e-02,1.178017599577829005e-01,0.000000000000000000e+00,4.405542830848533931e-01,-7.924456955739640762e-02,-1.164010359160832092e-01,1.806782399099006176e-01,1.281028075342033334e-01,-3.362649844078419853e-02,-1.138273604302487557e-01,-1.833781108404728896e-02,7.944270570999484304e-02,1.502620125809363827e-01,1.729666871486772728e-01,2.027090576859118254e-01,2.297218705513488501e-01,-2.849055079197442344e-02,-7.957385397919029824e-02,7.190388680771826746e-02,3.690875036151037430e-02,1.587160290229232829e-01,1.659505226537193456e-01,2.062006985038723206e-01,-1.497882439610546124e-01,-7.171012868937352847e-02,1.220569566926801713e-01,-7.514536055151366245e-02,1.207401790958139848e-01,2.024001268277023646e-01,-2.032026099908207095e-01,-4.952290217880887108e-02,-1.797385840760977738e-01,-6.410800495273633048e-02,-1.608327673657247436e-01,5.573611748899535284e-02,-2.361302611755672631e-01,1.020543765755654170e-01,-2.784068646679902503e-01,6.277110838671626225e-02,-1.762257861725677610e-01,-1.391087265662584171e-01,-2.353040984692048865e-01,1.732031072656345372e-02,1.066551061851878229e-01,9.152144529592654010e-02,-2.278198782003994782e-01,-3.121648334014572312e-01,1.417575765918973330e-01,-2.794113458618556756e-01,-4.518705642563116548e-02,6.922907272040462745e-02,4.048994628490856229e-01,2.480469094744787995e-01,-3.014183735927757901e-01,-1.980334399284582603e-01,-4.624218733171044787e-02,1.006655307758593104e-01,-8.821830090197796403e-02,-1.370088601180027843e-01,-5.780585675469882695e-02,2.259745896273673837e-01
1.722803627329035914e-01,2.557745057543219791e-01,4.935533079503691689e-01,-9.128131451732439394e-02,6.261234150199347821e-03,-1.947149181026056330e-01,4.145781068074866904e-01,-1.399626660329426064e-01,3.699299461968363900e-01,-1.986718147959748160e-01,1.757916430329482527e-01,-1.711678519374003893e-01,3.122378486416586552e-01,3.566630688750851985e-01,6.643023601792825972e-02,-5.800000207747877529e-02,2.093417109543821431e-01,2.752435208295713753e-01,3.664804632035883469e-01,-5.412285278604819089e-02,-1.541257551813585147e-01,1.433874718801913806e-01,-3.222631257617590561e-02,5.742458500110323577e-02,4.222470114305370004e-01,4.405542830848533931e-01,0.000000000000000000e+00,-3.205282753481157876e-01,1.641823545211955337e-01,-6.989255525649974710e-02,3.075997129998371271e-01,1.119393765743556396e-01,1.695222952391381823e-03,3.471616343856103598e-02,-8.494226381938668746e-02,1.670479556918786634e-01,1.807263708819547565e-01,2.702943609374467981e-01,2.535201626963290433e-01,1.347306413174617079e-01,1.373046915424941394e-01,1.381535899256861322e-01,3.811697124353680827e-02,1.335056533539364376e-01,1.623022061982498376e-01,1.683771267086150158e-01,7.521510388114260870e-02,5.654042356717085133e-02,1.266660106921315976e-01,5.653634038291880520e-02,1.683528671560393930e-01,7.833909069749935006e-02,-4.576063070567276680e-02,-8.645651533794247376e-03,-1.306490936936489655e-01,-1.519694413752885609e-01,-1.907847811086999246e-01,2.991831689384395476e-01,-1.692510724220220031e-01,4.432498322402864122e-02,-1.392635040223826337e-01,2.341430416263789172e-01,-4.927590778943675281e-02,2.769829571257660661e-02,-1.038247430742970101e-01,-1.263360401258863397e-01,7.130930604898630398e-02,3.563664464672473831e-02,-6.761875411161744065e-02,-2.021134241207343807e-01,1.857809459871264668e-01,-1.324826060583391418e-01,6.355159858711907639e-02,2.923797357102278505e-01,1.365675812538918142e-02,6.422157129981945767e-01,-4.955044904657576743e-01,-2.938590301176134678e-02,-1.523818931482626982e-01,8.499895393164630386e-02,4.191126919340965040e-02,3.645806080793298487e-02,-1.635031694440447839e-02,1.378264975785104818e-01
-9.422363984035292406e-02,-2.086470008670952281e-01,4.651703364407498015e-02,3.012621139418149574e-01,-5.636535558484980640e-02,2.212259128036599132e-01,1.121810304488235488e-01,2.461808343986375824e-01,-9.628476175601247133e-02,2.726264148412422261e-01,-1.166987274456290774e-01,1.878627332529719529e-01,-1.919131934978139109e-01,-1.730138936737018740e-01,1.241014328012904865e-02,5.652147635806654274e-02,9.785261932134248219e-02,-1.327218890081864333e-01,-7.433235047878701540e-02,1.902791078715690698e-01,1.686593795192407041e-01,-6.593436649240480563e-02,1.536146512401480591e-01,2.827422983673792412e-01,-2.693370728746432574e-01,-7.924456955739640762e-02,-3.205282753481158431e-01,0.000000000000000000e+00,-1.988533566524433305e-01,1.846106183406396317e-01,-1.582010148037909791e-01,-1.111689922253766977e-01,-1.160432004128905542e-01,-1.322198240748765075e-01,-2.109730290441623746e-01,-2.336083788216662127e-01,-2.472956561033733125e-01,-2.206009698728421675e-01,-1.976704098379233054e-01,-1.309509113360519672e-01,-1.396151890740669754e-01,-1.392925156647264739e-01,-2.639076263426884394e-01,-2.742634053489971802e-01,-1.722147920575582691e-01,-1.921973382116980156e-01,-1.844379294784402601e-01,-1.469396126364967969e-01,-1.911410959042108004e-01,-1.771688231510468725e-01,-2.331833868968666845e-01,-5.097717533391055850e-02,2.256957901210158435e-01,-8.910805260630877411e-02,1.007500463838994359e-01,2.577188813864353389e-01,3.802037571119910170e-02,-1.380693683043103526e-01,1.673935319932998711e-01,-1.549622989204517964e-01,1.687831555695985253e-01,-2.119850561025685420e-01,-1.264174598283330231e-01,-8.327962296083622762e-02,1.131167531024727252e-02,-1.866307897092986043e-02,-2.050029941362984942e-01,-1.871448971605612910e-01,2.108554268318720004e-01,9.565382949517430011e-02,-1.734179479474885488e-01,4.846662111401865008e-02,1.192974874663445400e-01,-2.753396372334367959e-01,-1.877108798514786347e-01,-4.446805424723987432e-01,6.197535113608455548e-01,-2.028744077630574016e-01,-1.019220383488506770e-01,-1.439042494456582166e-01,-7.926197908233796607e-02,-1.437151453866182260e-01,-1.537814199809321714e-01,-1.067513544124865793e-01
5.352545779646443735e-01,1.005847481992000469e-01,-2.583883027719059700e-02,5.862611685975079728e-02,1.017921277647432926e-01,7.305359287144679026e-02,2.944384050023697227e-02,5.155731282563053020e-02,5.182037945236362721e-03,1.094874029121213760e-01,2.257695037573739238e-01,-1.295392758818613051e-02,2.502318712169478432e-01,5.201726529395066523e-01,2.929393480513515016e-02,1.948360807698804875e-01,1.979297233356662744e-01,2.214527832392571005e-01,2.630038604781827494e-01,7.612345518900794084e-02,3.389260840407255504e-01,7.156831810538170913e-02,3.186793371696193256e-01,-1.265971257016200724e-01,1.296287003980071961e-01,-1.164010359160832092e-01,1.641823545211955337e-01,-1.988533566524433860e-01,0.000000000000000000e+00,2.116135312025022308e-01,1.481934932317486020e-01,2.788122292114525447e-01,4.730069632189815576e-01,4.140031961949463546e-01,-1.750454423487271816e-01,-2.416676321669671557e-01,-1.989979136669915161e-01,1.019273731841793262e-01,6.643400454504927444e-02,1.560467909863878788e-01,3.205877315315654452e-01,7.472215735391055103e-02,-2.711052506791385430e-01,-2.460253465514057325e-01,5.143495480264872327e-02,-9.109570619745483225e-03,2.360556723921685418e-01,2.559310025976596625e-01,-2.774926342337398835e-02,4.114140922339228901e-01,4.493312732610865029e-02,-2.055214939124192230e-01,8.074796857476439216e-02,2.203185976076297570e-01,1.093188944468109353e-01,-1.566969924497937094e-01,1.295836905459527844e-01,-5.842509050665452980e-02,1.649254974606253728e-03,1.783838238559484479e-01,7.572626104596985423e-03,1.740656079048360227e-01,3.517904063403347048e-01,1.526269760247368212e-01,2.081555455859030734e-01,1.137606587713706624e-01,1.460955111641212556e-01,9.715825793140449307e-02,4.354392413859931033e-02,2.468672329571991730e-01,-1.110922259051206652e-02,2.300698205469181301e-01,-3.330864721499422060e-02,7.240805627852295312e-02,-1.586561529623006228e-01,1.390251869561849041e-01,-1.705227180985087465e-01,5.907400965014019123e-01,1.750796463498773825e-01,1.067875546900141775e-01,3.263428577273155828e-01,3.930717457551085037e-01,3.484009395392903552e-01,-2.027278752211291446e-01
1.731740598432258693e-01,1.604506767411836010e-01,6.816844922248606331e-02,-1.023768228086430337e-01,4.856984491951421568e-02,-5.858823694259828428e-03,7.378235037249068762e-02,3.111934697321791510e-01,-2.826574958039936303e-01,-4.794463858627290992e-02,6.354329467619675154e-02,-2.062085348786828476e-01,-1.354348145099215917e-01,9.629019268882509086e-02,-1.393102337564833537e-01,1.297794345227592239e-01,4.727260674443283794e-01,1.203394088629264475e-01,2.659566686692618198e-01,-9.300202026905350638e-02,3.829895165128023304e-01,2.110136123081021442e-01,3.888209451390146065e-01,-8.203539361432068966e-02,-1.794647332452028177e-01,1.806782399099006176e-01,-6.989255525649974710e-02,1.846106183406396317e-01,2.116135312025021753e-01,0.000000000000000000e+00,-1.233776554874458364e-01,2.191105344973356961e-02,2.796911889467897927e-01,3.958379938803904818e-01,-1.423005879705117882e-01,-1.061808378713409856e-01,-2.484080438482751951e-01,1.475934845991166700e-01,1.433563622215419942e-01,-1.018409428200335309e-01,1.128261753627786586e-02,-1.153441788339089613e-01,-1.277374250453814364e-01,-2.353480524392491946e-01,1.858043141885543925e-01,1.603474688340152665e-01,-6.846719494662266425e-02,4.660605660189973826e-02,-9.565444166160164130e-02,9.599899823381968789e-02,1.495646147231089185e-01,-9.627513726838964753e-03,-1.308562401982264756e-01,1.663734091675875618e-02,-9.251039114700732036e-02,-8.195807043867871233e-02,-4.001983003829686497e-02,-2.801646244222431581e-01,-1.954902686907909193e-01,1.949932462064439195e-02,-2.145866865399133072e-01,-1.657377549199796352e-01,3.093543938163637042e-02,-1.022886147058016254e-01,1.220852273497103208e-01,4.054233382899664062e-01,1.072974931651885823e-02,2.072792056559457363e-01,-1.093870605890355646e-01,2.840048105691863056e-01,6.221149513609696563e-02,2.236292390100083349e-01,-1.780162576692597698e-01,-1.818144376504882975e-01,5.440060965486359645e-02,-7.082996275622636950e-02,1.208874522377954008e-01,2.137260557397836214e-01,4.576125143347737900e-01,-7.539830260348175106e-02,-6.821959440318052688e-03,1.852595360849049744e-01,3.395015891137831976e-01,-1.265367651893374024e-01
5.372500157792323844e-02,-6.264685474876276194e-02,5.922215294086279752e-02,3.863052988309294972e-02,1.034712067010811615e-01,1.697790902646729300e-02,2.107092186508444653e-01,2.556461920964566217e-02,2.897477608465321430e-01,-1.626383020639610155e-03,2.938380549706731126e-01,-3.650875880410293321e-03,4.280950774007282189e-01,2.388007896584632972e-01,1.399544387018623048e-01,-5.049646894475115499e-02,-9.100496395082229018e-02,1.601731725602453527e-01,1.311063085050452430e-02,4.664312365829733492e-02,-4.627274254436364309e-02,1.339706909028611122e-02,-1.054993277600256713e-01,8.633349259081284088e-02,2.042900118840695611e-01,1.281028075342033334e-01,3.075997129998371271e-01,-1.582010148037910346e-01,1.481934932317486020e-01,-1.233776554874458226e-01,0.000000000000000000e+00,2.242962581639584008e-01,2.880565072975334318e-02,-5.203806246810849245e-02,1.841391319094561052e-03,-7.847205040173300949e-02,-9.881617509281297174e-02,3.506096147761159076e-02,5.291608056639834218e-02,2.472978246919127487e-01,2.380054453395269720e-01,1.670281150965093886e-01,-1.027284449225118329e-01,-7.253800049706883579e-02,-4.547678687745021486e-02,-2.552697831216262092e-03,1.865831948183360733e-01,1.303628628842265214e-01,8.535199782347592523e-02,3.611012211320122349e-04,-6.688372117432507535e-02,-7.396426885883622404e-02,9.343725901935696909e-02,1.218861389732322359e-01,4.475016992344169747e-02,9.706785162500864220e-03,9.110302729415453715e-02,2.622743899419548996e-01,1.985104372233746292e-02,1.848390388189061484e-01,1.977322196657750955e-02,3.521412400278816635e-01,9.190353711570931061e-02,1.443209378139164167e-01,-8.587050086536514304e-02,-1.616204597636972662e-01,8.799765602128310771e-02,-6.716888263984634178e-02,4.774298255459068913e-02,-6.957786835517622281e-02,5.000536795301183807e-02,-1.187282556593140109e-01,1.402550999293065426e-01,1.256336524964281054e-01,-2.513867811409525865e-02,1.841202529575224622e-01,-2.089178239838196116e-01,3.446515062473320262e-02,-8.178293365600931841e-02,5.640456733517895671e-01,2.231724074837770633e-01,2.567466307655347224e-02,-5.085610767942538163e-02,1.976136677501746236e-02
1.452091819060270794e-01,-4.141812684626967195e-02,-4.048325659205689875e-02,-3.030689286458795526e-02,3.598248330293099539e-01,1.397226239943687165e-01,-3.976860692376889793e-03,1.839220367077374352e-01,3.792572575791838124e-02,7.893767487426551696e-03,3.338711252113502059e-01,-4.428318674464293975e-03,2.456076978553124457e-01,2.589522628101555424e-01,7.739579150743824965e-02,-1.419890895759124414e-04,1.148290602920291892e-02,2.276753090418253966e-01,6.717694220704377439e-02,1.587374049467177306e-02,3.514121223787036036e-02,-5.471489398826781016e-03,1.207258892913995463e-02,-4.989904145798738228e-02,6.882721335910221838e-02,-3.362649844078419853e-02,1.119393765743556396e-01,-1.111689922253766977e-01,2.788122292114525447e-01,2.191105344973356614e-02,2.242962581639584008e-01,0.000000000000000000e+00,7.754064140738885225e-02,1.537672410204344864e-01,-7.197530516488166198e-03,-8.528293513002747905e-02,-1.383656403868987750e-01,1.321648712531797998e-01,4.163304363499931854e-02,3.048575366417572985e-01,4.355983942042432333e-01,1.408544873391252839e-01,-1.433927108472756451e-01,-1.769636752415761904e-01,-5.174044421230122870e-02,1.635673604236991333e-02,1.739399413363394709e-01,1.200779706577956712e-01,-3.921792286401661748e-02,3.895708629921640354e-02,-5.963419497665466834e-02,-7.570158368305734964e-02,-7.336892235293084735e-03,2.113312476308332188e-01,1.441236297521019949e-01,-5.181697591270491982e-02,2.402135339305864203e-01,2.843695410610372690e-02,2.896844192563904474e-03,1.215807987401182760e-01,1.538324168028094852e-02,1.679557707132929567e-01,2.259666204035134796e-01,1.441707669528306812e-01,9.192233764617958533e-03,2.817995922868777800e-02,1.561497961865241091e-01,1.188444800212569152e-01,8.109549171644006918e-03,6.610064139647076065e-02,-2.842111959346268688e-02,3.950694879386651426e-02,-2.364654821113601132e-02,-4.583084282716692881e-02,-4.432585964902061026e-02,2.479332876431876789e-02,-9.348040515995799382e-02,1.743391600177572054e-01,3.225099979007085838e-02,1.793763066884087876e-01,1.847270772523935956e-01,7.665001072993418707e-02,7.357159223463620445e-02,6.781499433361302953e-02
1.886179360756872481e-01,2.172529056796664859e-01,-1.277120772510119961e-01,4.645841162385808132e-02,1.158563576003452528e-01,3.769747944611059887e-02,-6.354961207665954515e-02,3.056611429735745563e-03,-2.929928057264171923e-02,2.011458903609445251e-02,1.069441394862289396e-01,-5.668869009639689732e-02,3.256737158066203702e-02,6.849424744714673052e-02,1.037768315720291740e-01,2.547858383855104436e-01,1.807256864072768199e-01,3.964002081771579589e-02,9.373521241950143190e-02,6.305757963028398028e-02,4.117895337603381112e-01,1.794530584940313978e-01,3.376398881077524727e-01,-9.999315317662749170e-02,3.698859604412713109e-02,-1.138273604302487696e-01,1.695222952391381823e-03,-1.160432004128905542e-01,4.730069632189815576e-01,2.796911889467897927e-01,2.880565072975334318e-02,7.754064140738885225e-02,0.000000000000000000e+00,5.628953016637411322e-01,-1.855963905835673888e-01,-1.205189562110037249e-01,-2.436350268897725935e-01,1.681136321041984127e-01,1.286016543171398796e-01,6.690820345234765876e-02,1.727227641282249593e-01,-3.438576393315365826e-02,-1.161270119119863914e-01,-2.242624945115924973e-01,1.455903261258860992e-01,1.056054768719981302e-01,1.987418189186627993e-01,2.188874775402140094e-01,-5.280466217138776036e-02,1.666915349499220600e-01,2.000487490401498258e-01,-1.009991446245802477e-01,7.343791792301694599e-02,1.109565041233880750e-01,2.304776893419115472e-02,-9.582938663113611810e-02,-4.660372751061154541e-03,-9.662759408951247797e-02,-5.118042297087693759e-02,8.171689250384407688e-02,-1.955762186852497489e-02,4.118908711582076193e-02,1.474646465039185783e-01,1.387763510333729355e-01,2.940870629778074008e-01,2.321726512753551352e-01,4.799427841075138562e-02,1.373753458375443215e-01,5.499405825102068185e-02,3.460530620762042875e-01,1.182376996241887857e-01,3.118119442786535522e-01,-4.715847366601379903e-02,5.340114296882794015e-02,-5.451001325473361914e-02,8.516619729191798882e-02,-5.317797060571047979e-02,5.570400624170087633e-01,2.429315909661794726e-01,2.626829302301559796e-02,1.248439335374631615e-01,6.301244596862506375e-01,4.680173309761571088e-01,-2.212284416293461842e-01
7.542445882074959307e-02,4.239046473521514424e-01,-1.746228321145616436e-01,-8.709245218913976017e-02,1.343918131311546416e-01,-2.669494900806352808e-02,-1.804768188708132659e-01,4.381379313665727943e-02,-1.450131969916306218e-01,-8.685764773184466436e-02,2.341721135407307253e-01,-1.800066071913144494e-01,5.095819141227767718e-02,1.981298828525793199e-02,7.196017210763434868e-02,1.922889926257043414e-01,3.347907628006127623e-01,8.423245172900943600e-02,2.107419211217427257e-01,-4.491939670217213326e-02,3.538094908490005408e-01,2.494038529098472623e-01,3.549447335285664806e-01,-1.431656679341561933e-01,8.537746953771845060e-02,-1.833781108404729590e-02,3.471616343856102210e-02,-1.322198240748765075e-01,4.140031961949463546e-01,3.958379938803904818e-01,-5.203806246810849939e-02,1.537672410204344864e-01,5.628953016637411322e-01,0.000000000000000000e+00,-1.677117764767792896e-01,-3.819730426899229508e-02,-1.969736006897802871e-01,4.110067234589925289e-01,2.912396669442657848e-01,1.269168870447690833e-01,3.093960511105245392e-01,1.084915545018978744e-02,-6.096506530437140886e-02,-1.881935671818657785e-01,3.081756982267716549e-01,2.562242429401456190e-01,2.371239838376312525e-01,2.951598371139552701e-01,3.793228392460459841e-02,7.147328414202043512e-02,4.314323611325546204e-01,-1.287608151586251415e-01,-8.916987974352981461e-02,1.850549955150409265e-01,-1.887971248214192696e-02,-2.250900458530952497e-01,2.534809798555042251e-02,-1.928471451295196981e-01,-1.639851140794651441e-01,1.823686479071202349e-01,-1.420434357459751107e-01,4.604597300358190259e-02,9.342101971545385686e-02,1.664149025770893242e-01,2.199772252872530531e-01,4.083591936814829348e-01,7.414470331357049526e-02,2.692212225150874549e-01,-8.429278898930403496e-02,3.247006509514419048e-01,1.349626148718758023e-01,3.059829029361555430e-01,-1.585336100161304496e-01,1.262316523917385858e-01,7.219424833022782158e-03,1.385121873848972340e-01,-8.401747006779873572e-02,4.857135864668634118e-01,2.909507131827255844e-01,-2.390086096140391081e-02,1.568809253336606868e-01,4.670930227881047725e-01,6.488577543862504848e-01,-2.229731371904870862e-01
-1.354440429127228840e-01,-5.687855716563591096e-02,-3.432655377478580072e-02,-1.484434362442058897e-01,4.932123751168702303e-02,1.382370241635543506e-01,-3.750405890294802869e-02,7.860453088972294000e-02,2.018229633113089935e-02,-1.214839897694802162e-01,-8.780716678113746620e-02,5.232312353315578951e-02,-8.293161894090901598e-02,3.435205888537979507e-02,1.023504269694145569e-01,-2.863949555542595338e-01,-1.593741238515966330e-01,-7.913032621305811018e-03,-6.672719003739908950e-02,-8.937647807047614801e-02,-3.509838011770482491e-01,-8.280673335187296868e-02,-3.677971922062716614e-01,8.535010158771278452e-04,-6.453736961569865593e-02,7.944270570999482917e-02,-8.494226381938667358e-02,-2.109730290441623746e-01,-1.750454423487271816e-01,-1.423005879705117882e-01,1.841391319094565606e-03,-7.197530516488172270e-03,-1.855963905835673611e-01,-1.677117764767792896e-01,0.000000000000000000e+00,1.571531353706172307e-01,7.447971468481563717e-02,2.480527595487991635e-02,7.509819884472768159e-02,7.809647167014177604e-02,-6.177418441353751954e-02,-5.144898694482721163e-02,2.244226879888954196e-01,1.677148036279424159e-01,6.726734113731235032e-02,1.423704464732911124e-01,4.212239425117025871e-02,3.052686319140754043e-02,7.500082178264760868e-02,-1.266760468720469213e-01,1.051151904972730255e-02,1.230764725810194887e-01,-1.744356390176254878e-01,8.875181866323263169e-02,4.262114543879582523e-02,-2.807490479083378510e-02,3.526459177398346551e-02,1.147720133989446750e-01,-1.200067765718701440e-01,3.103767764452579694e-02,2.580949828405907590e-03,-4.276913744970046311e-02,-7.332071311837572158e-02,9.537089311774825384e-02,-2.830875677048181882e-01,-7.871465034408282879e-02,1.057616678519634063e-01,2.631434118562591892e-02,-1.093391886137711072e-01,-3.427124115578981667e-01,4.022197570764438762e-02,-3.322386247929183800e-01,-4.187686829394537675e-04,-1.713204447793781338e-02,2.211571462404591515e-01,5.010628248630930731e-02,-1.619752030146131838e-01,-2.411795875361123220e-01,-5.000787897484906125e-02,7.252517379776923789e-02,-3.408131171183549635e-02,-2.366963593527184051e-01,-1.514718336063589355e-01,6.162828965339509635e-01
-1.100187708400072045e-01,1.732690046282681084e-01,1.753268331816594250e-01,-3.675574429018007572e-01,1.860149912168718167e-02,-2.268836855748034564e-01,2.815894477448622688e-02,-1.332364317472762016e-01,7.792931256434894316e-02,-3.718415721152530939e-01,-1.235400225709526456e-01,-2.688161850798204688e-01,-1.112544566538144347e-01,-7.717593703446069819e-02,-5.786439018493272357e-02,-1.756389583901972473e-01,6.514796240307961506e-02,-1.448157889506258671e-02,8.582013190386779400e-02,-2.636317016014925740e-01,-3.126285715667320164e-01,5.722907901327808217e-02,-2.075881976323158684e-01,-1.228738718776536953e-02,2.111136989057786281e-02,1.502620125809363827e-01,1.670479556918786079e-01,-2.336083788216662127e-01,-2.416676321669671557e-01,-1.061808378713409856e-01,-7.847205040173300949e-02,-8.528293513002745130e-02,-1.205189562110037110e-01,-3.819730426899229508e-02,1.571531353706172307e-01,0.000000000000000000e+00,4.816791516677583762e-01,2.912787251698165103e-01,2.674612821468794199e-01,4.266071454973830585e-02,-7.530647826144182266e-02,1.774581561268116087e-02,8.163459767790312016e-01,4.853472718772098848e-01,2.732324815239768889e-01,3.295032717782824805e-01,2.782498154980457897e-02,1.200303076695382470e-02,1.918043553542077007e-01,-1.597919608930803981e-01,1.903554545809843235e-01,4.299192150295468723e-02,-3.408398225204588017e-01,-7.635648549417925479e-02,-2.475083359566761787e-01,-2.197112966878263796e-01,-2.832035959081393162e-01,1.709077238151786304e-01,-3.153148492124908664e-01,-1.369188212243656333e-01,-2.223688814176031092e-01,-1.129332503840771579e-01,-2.733309260386848627e-01,-8.242190446437486218e-02,-2.033134492368437185e-01,-5.229624434951979373e-02,-4.262729425528884869e-02,1.393489037725588291e-02,-2.554495381397983711e-01,-3.327010690323133346e-01,1.449546028208911208e-01,-2.707719435744688208e-01,-6.904852852156913301e-02,7.469446907001291158e-02,2.216902705733236889e-02,1.040555120152113905e-01,-3.720239446045280896e-01,-2.607914108563068045e-01,-1.581476334240930759e-01,-1.542888298540075476e-01,-1.844262347498466514e-01,-1.402531108750718347e-01,-6.451227901597025860e-02,2.816481310594523002e-01
-8.770097603504178885e-02,8.359330819041736749e-02,1.155973731701748913e-01,-2.791551858791134766e-01,-1.092435473193165557e-01,-2.600840205125357074e-01,-4.575675104044480551e-02,-1.722304423609916091e-01,-2.468944142791045307e-02,-2.126149339266221461e-01,-3.255378496380210290e-02,-1.660866594225970105e-01,2.338204136337167574e-02,-6.899295359856462417e-02,-1.394490481333192922e-01,-2.015790220766815466e-01,-4.524435263705714472e-02,4.379150936939601307e-02,3.796739182628287163e-02,-2.248970954418360868e-01,-2.938182738318735887e-01,-1.094356281604194625e-01,-2.346816792515731553e-01,-1.410968321255436919e-01,1.844166389268470096e-01,1.729666871486772728e-01,1.807263708819547565e-01,-2.472956561033733125e-01,-1.989979136669915161e-01,-2.484080438482751951e-01,-9.881617509281294398e-02,-1.383656403868987750e-01,-2.436350268897725935e-01,-1.969736006897802871e-01,7.447971468481565105e-02,4.816791516677583762e-01,0.000000000000000000e+00,1.826290353999504290e-01,1.649667347874136381e-01,-7.986377347961476358e-02,-1.351593800503810561e-01,2.919727731130554726e-01,4.117908063961155385e-01,7.598413660099314626e-01,1.225431912547475660e-01,1.112072104518615490e-01,-7.611458168158655169e-02,-5.137515253840030383e-02,4.162863546552357796e-01,-6.003544354191949622e-02,6.523444457593827184e-02,2.356932017781433394e-02,-2.772184251819478917e-01,-1.813339846947646106e-01,-2.379557266936070670e-01,-1.985331248875529531e-01,-2.130186893441916585e-01,1.039301426979922192e-02,-1.530113665128421674e-01,-2.172145050281355794e-02,-1.755240331027539680e-01,5.349715162714344802e-02,-1.742611336753641937e-01,-1.695160427967712657e-01,-2.298779015375162771e-01,-1.680401182047331077e-01,-6.509628163737543431e-03,-2.862208403564597478e-02,-2.095273760491696002e-01,-3.192249572580311834e-01,-3.247856609236665637e-02,-2.634879980662420684e-01,-1.631009087892325571e-01,2.206625347622447053e-01,4.968066923663811557e-02,9.329661199643955738e-02,-3.292816260803531625e-01,-2.259858408775938798e-01,-2.610788028709706832e-01,-1.237891627978034842e-01,-1.664348570181892473e-01,-1.933647903789348088e-01,-1.899104921837187765e-01,1.758272646158650920e-01
2.594071490104418731e-02,3.280609957412274347e-01,1.091313986942455544e-01,-2.507218881875414862e-01,1.103945642536524469e-01,-1.477337485702805708e-01,2.119430452658293759e-02,-1.644729830951271662e-02,-2.848884910016434568e-02,-2.426902731939278024e-01,1.888478314542803016e-01,-2.605472784755104576e-01,1.045247399209980194e-01,4.783233835386902638e-02,3.236754690430485720e-02,-7.100611726359938591e-02,2.646540975044088806e-01,1.581305884547003771e-01,2.439760695848006977e-01,-1.835842837472040079e-01,-4.918263997499134482e-02,9.845473375275737293e-02,5.002909025472008359e-02,-1.242721538394889191e-01,1.685521265944597002e-01,2.027090576859118254e-01,2.702943609374467981e-01,-2.206009698728421675e-01,1.019273731841793262e-01,1.475934845991166700e-01,3.506096147761159770e-02,1.321648712531797998e-01,1.681136321041984127e-01,4.110067234589925289e-01,2.480527595487991288e-02,2.912787251698165103e-01,1.826290353999504290e-01,0.000000000000000000e+00,7.355082706934960024e-01,1.059246774755823184e-01,2.152655255986265226e-01,2.336990781139571816e-01,2.166339036978930654e-01,1.930508162150814389e-01,7.258625890256319435e-01,6.072621116808072372e-01,1.254068824434406981e-01,2.637140664497845122e-01,3.368164987074859784e-01,-6.524609786650735661e-03,3.181209473764175510e-01,7.945158453958549305e-02,-2.337562985908400170e-01,5.415460489330955335e-02,-1.207533010162674253e-01,-1.595458608836831660e-01,-9.137626802580728347e-02,-8.937745732666136506e-03,-2.670861422112753014e-01,1.103368197382169208e-01,-2.387766430796683659e-01,7.175159047343764029e-02,-4.730582031907694038e-03,4.986823064814551593e-02,-7.998907281977683803e-02,2.430187882380399900e-01,1.155266888458760660e-01,2.632884940876398239e-01,-1.874030452658270729e-01,-5.457025080883579765e-02,1.025319900400069595e-01,2.339971739972890406e-03,-1.476758541992722051e-01,1.620887392085526013e-01,1.430850077115380092e-01,2.785015537587670065e-01,-2.861064121717389330e-01,1.289815128195589133e-01,1.261428148564073259e-01,-3.971189719842928983e-02,-3.363921286524990811e-02,1.433897436113995560e-01,3.605420824189000117e-01,8.824788195787125478e-02
1.926242422763599013e-02,3.561381049109010877e-01,1.416375088275135530e-01,-2.014557621081932426e-01,1.337599345319413768e-01,-1.251562048103762592e-01,8.016166273532461528e-02,3.346874073141805489e-02,1.127775277007539954e-02,-2.323307476068043054e-01,1.488821349934342508e-01,-2.634985492838409216e-01,1.039379199786269886e-01,8.817348725959557598e-02,4.417492124375157342e-02,-1.284587049592007812e-01,2.648062295789180842e-01,1.329515578265839937e-01,2.639234140431618303e-01,-1.382952107701772848e-01,-9.363502284152165622e-02,9.232962696306196149e-02,-1.776027412913962558e-02,-5.145989344500451201e-02,1.730635561155746405e-01,2.297218705513488501e-01,2.535201626963290433e-01,-1.976704098379233610e-01,6.643400454504927444e-02,1.433563622215419942e-01,5.291608056639834218e-02,4.163304363499931854e-02,1.286016543171398796e-01,2.912396669442657848e-01,7.509819884472770934e-02,2.674612821468794199e-01,1.649667347874136381e-01,7.355082706934960024e-01,0.000000000000000000e+00,6.755080118103555520e-02,1.539722312735949672e-01,2.037325463928553460e-01,1.975068541339161377e-01,1.560330258266322268e-01,5.901069886987149182e-01,5.759926316132678581e-01,9.004196593604645027e-02,2.025633238937375735e-01,3.688931893129572814e-01,-9.641343197003148305e-03,3.283460322010704480e-01,6.167154607226602026e-02,-2.024294363766569738e-01,1.172135454313658620e-01,-1.285303400428777776e-01,-1.325671132855946732e-01,-1.256756268463575243e-01,6.021777009529171582e-02,-2.807040032033827903e-01,1.081535428172544222e-01,-2.562092546314858055e-01,7.717801094929917227e-02,-5.440906432435715923e-02,5.162694586964480803e-02,-1.366156333471624795e-01,1.918558283998461900e-01,7.988290266080548541e-02,2.034264842304877308e-01,-1.651220644369032764e-01,-1.171681134576739725e-01,1.148712031435813047e-01,-9.485774129550920974e-02,-7.106525335048892444e-02,1.711380815356178253e-01,1.256736011536256081e-01,2.763663735368110941e-01,-2.922212744960232533e-01,4.882536061304712516e-02,8.994113517914588407e-02,-1.424017242371487801e-02,3.691503222228682823e-02,9.158957729881089804e-02,2.779955975189052353e-01,1.222598922324440868e-01
-9.463828544795266709e-03,3.331249102294673442e-02,-1.437348031271779014e-02,-6.725588668863415054e-02,2.888698101427755738e-01,1.375227423425189610e-01,1.352419779614106587e-01,1.809249546604876357e-01,2.800451382011032719e-01,-1.074797131507162634e-01,1.827910791230805965e-01,-1.204113710180504393e-02,2.518345297324769971e-01,2.343375320925763783e-01,4.604197892883408194e-01,-2.101342710907269651e-02,-2.070251091180104475e-02,1.274650429366559201e-01,7.097418453095186673e-03,-7.186304129300910386e-03,-2.023444420623598042e-02,4.224969472001294246e-02,-7.058440717349918903e-02,8.655727340753671673e-02,1.493056646987126757e-01,-2.849055079197442344e-02,1.347306413174617357e-01,-1.309509113360519950e-01,1.560467909863878788e-01,-1.018409428200335309e-01,2.472978246919127487e-01,3.048575366417572985e-01,6.690820345234765876e-02,1.269168870447690833e-01,7.809647167014177604e-02,4.266071454973831972e-02,-7.986377347961477746e-02,1.059246774755823184e-01,6.755080118103552744e-02,0.000000000000000000e+00,5.761456697043229047e-01,6.302362491813655321e-02,-2.468671077389063620e-02,-7.100612055547605994e-02,-4.918463404947388123e-02,5.305254951442364697e-03,4.839602006745325480e-01,2.228928276535588893e-01,-2.674243666867485644e-02,-6.801220798089017971e-02,2.806790072597268801e-02,-1.204970919977540605e-01,-3.771429334181593956e-02,3.419930789278065042e-01,1.309463105900956770e-01,-4.095974818449344551e-02,1.547228925489884388e-01,1.850223089932187814e-01,-1.015444308855725924e-01,8.182825838891508163e-02,-1.737097513359346992e-02,2.093282123316290155e-01,7.185964843109758637e-02,4.475106895580966970e-01,-3.412226420892956052e-02,-1.247340250843580606e-01,3.083746425110044445e-02,-5.840185107021872435e-02,-5.587202984327808292e-02,-3.762217692391725543e-02,3.680213728371752729e-02,-9.675124861155304234e-02,8.436455430924845456e-02,7.925653782246366852e-02,-1.417033082392790966e-01,3.101498759520871992e-02,-2.111123187334556228e-01,8.913992077888084620e-02,-1.244657536300758927e-01,1.786928239761897963e-01,1.651661296898360165e-01,6.180470154099779179e-02,4.353499459545737138e-02,1.214043204002258763e-01
9.253783087474538871e-02,9.219029830764879918e-02,-4.792823477008959637e-02,-4.930836705766073608e-02,2.934187555956574989e-01,1.164988664731013562e-01,3.919830135997060677e-02,1.558303799755010599e-01,1.114434955090157081e-01,-1.306557870909670627e-02,2.602549317438920817e-01,-3.259709657451204112e-02,3.158383544446847213e-01,2.192514339634421272e-01,1.400532568093528496e-01,7.733181953930608199e-02,5.662090705285346276e-02,1.410444554921055638e-01,5.589824656645012851e-02,1.381045473827237878e-03,9.953489234751607129e-02,4.930959179272442067e-02,6.713141240244395458e-02,-5.126302313327971844e-02,1.625885601871473185e-01,-7.957385397919033987e-02,1.373046915424941672e-01,-1.396151890740669754e-01,3.205877315315654452e-01,1.128261753627785718e-02,2.380054453395269720e-01,4.355983942042432333e-01,1.727227641282249593e-01,3.093960511105245392e-01,-6.177418441353751954e-02,-7.530647826144182266e-02,-1.351593800503810561e-01,2.152655255986265226e-01,1.539722312735949672e-01,5.761456697043229047e-01,0.000000000000000000e+00,1.424642162748103180e-01,-1.169151448235988128e-01,-1.330660871707499970e-01,2.556434003178509676e-02,3.602049279726846076e-02,4.290286824623966155e-01,4.192505146912953173e-01,2.414696545258106231e-02,3.898976645516308986e-02,6.633130550855033392e-02,-1.161883193595282943e-01,-2.643052760520720953e-02,3.347288466314006783e-01,1.604895515233695502e-01,-6.234506693214175721e-02,2.216828943338467750e-01,7.882387790132561189e-02,-3.533957564700026394e-02,1.667310417376374199e-01,-7.336355624967205724e-03,1.989119014790020346e-01,1.892403065495848191e-01,3.152414136051637228e-01,8.165925990879328855e-02,3.821998285854596306e-02,1.008465521953698790e-01,6.431551320941933381e-02,-2.661071615107701849e-02,1.143094734789976835e-01,2.702903241141520543e-02,9.046574685058493548e-02,-3.135126201181002298e-02,7.147340325860442045e-02,-1.009795743479486307e-01,9.822867161216181087e-02,-1.684361317964223614e-01,2.485577703129967231e-01,2.548387394212799431e-02,1.755445264339375588e-01,2.269328679587859776e-01,1.473218303098861315e-01,2.310958601314228034e-01,-2.270314932085091067e-02
-1.354128892544510798e-02,1.075060629954524005e-01,-4.339680468286333248e-02,-1.008304846989188513e-01,4.352909766743751248e-03,-1.031680835629195242e-01,3.189887066894497511e-03,-5.590048391012015540e-03,6.416401648626991749e-02,-7.953942729940383094e-02,3.814316914911917156e-01,-1.194842447783380224e-01,5.248473598770315718e-01,9.079624202275528300e-02,-1.080186532365348152e-02,-6.012725910503232546e-02,-7.886552298564818153e-02,1.941100491864027611e-01,2.785485979534683618e-02,-7.819805672456520140e-02,-6.762327278180588208e-02,3.121368808633063693e-02,-7.583586535909263293e-02,-7.777056515364404871e-03,4.578816092609387933e-01,7.190388680771826746e-02,1.381535899256861322e-01,-1.392925156647264739e-01,7.472215735391053715e-02,-1.153441788339089197e-01,1.670281150965093886e-01,1.408544873391252839e-01,-3.438576393315365826e-02,1.084915545018978744e-02,-5.144898694482719081e-02,1.774581561268116434e-02,2.919727731130554726e-01,2.336990781139572093e-01,2.037325463928553460e-01,6.302362491813653933e-02,1.424642162748103180e-01,0.000000000000000000e+00,-1.744650372557091794e-02,1.863115483662151906e-01,4.437538006814616826e-02,5.634892610759856257e-02,5.835960585223806674e-02,7.934630780658528948e-02,4.867063979427611042e-01,-3.460715378251707358e-02,9.862038055228257438e-02,-5.245250831611562164e-02,-8.524690838398947534e-02,7.924425842978874987e-04,-6.355682112722370325e-02,-6.004550383364307825e-02,4.178142625093659440e-02,4.971832795104298014e-02,-7.526331877947294025e-02,3.385880151647471248e-01,-9.693838652427537450e-02,4.547780253717882970e-01,1.007958697904657308e-01,6.998053587854528856e-02,-4.007066283362440556e-02,-7.658221204154304351e-02,1.707109103026700492e-01,6.010114640950876136e-02,-9.023362195695032451e-02,-7.655058863672661862e-02,8.037770474712513380e-02,-8.949649138581737551e-02,3.149278084235193620e-03,3.480203257656416249e-01,5.634943755951912769e-02,1.279654695655258467e-01,-1.694272204646150859e-01,7.702850281186529591e-02,-7.219118604594632060e-02,1.810421575406056804e-01,3.874709057347933139e-02,-1.701473361056091843e-02,3.124746738681299582e-02,-2.232409154368040008e-02
-1.979991215181075848e-01,1.588483506539256351e-01,3.828911222987172597e-02,-3.218695119773499758e-01,-2.965332742294559190e-02,-2.140405787007323701e-01,-4.539808785788745915e-02,-1.509255605487160590e-01,5.483072178770494881e-02,-3.387327696413591216e-01,-1.773745452230674202e-01,-2.356493357165843905e-01,-1.404513389102320653e-01,-1.481811092309234246e-01,-7.738473414273949746e-02,-1.735766985773629367e-01,-5.422309955286364752e-02,-9.463504585008532255e-02,-2.066259414550258855e-02,-2.461730493407346121e-01,-3.180959784402258017e-01,7.619332271754419850e-02,-2.576535025828048941e-01,-1.471390206373707731e-02,5.257261484480291007e-03,3.690875036151036737e-02,3.811697124353681521e-02,-2.639076263426884394e-01,-2.711052506791385985e-01,-1.277374250453814641e-01,-1.027284449225118329e-01,-1.433927108472756728e-01,-1.161270119119863775e-01,-6.096506530437140886e-02,2.244226879888954473e-01,8.163459767790314237e-01,4.117908063961155385e-01,2.166339036978930654e-01,1.975068541339161377e-01,-2.468671077389064661e-02,-1.169151448235988128e-01,-1.744650372557093182e-02,0.000000000000000000e+00,5.245136499799845087e-01,2.846337457311682861e-01,3.264408859569074006e-01,6.181073192580368442e-02,3.263483980503733423e-02,2.040478102026415941e-01,-1.541041473868604295e-01,2.069888421217083441e-01,1.270250376120652946e-01,-2.853096872801710870e-01,-6.716279139055987557e-02,-2.445196983903979160e-01,-1.400924213751266467e-01,-2.585841122968299266e-01,1.875880786291305447e-01,-2.935728982322289293e-01,-1.089430177780673636e-01,-1.943722184005145515e-01,-1.071116521529984350e-01,-2.241480373594440800e-01,-7.046412319846064032e-02,-1.719561312282783527e-01,6.849162372405832302e-04,-2.135461075655517571e-02,5.235178107728416519e-02,-2.410329060364258813e-01,-3.048216086451058793e-01,1.834985188597002548e-01,-2.400195442345219032e-01,-6.123056045275156005e-03,8.967262580257484572e-02,1.141554862052819308e-01,1.289173718070760200e-01,-2.744254517272044502e-01,-2.427723514487776235e-01,-5.833362421190054631e-02,-1.319318883522069830e-01,-1.757154469804034225e-01,-1.399030225562087060e-01,-4.430792470298191427e-02,1.806884926817682591e-01
-1.370873413729771506e-01,8.988791563390889638e-02,8.538831156421715363e-02,-2.865590761591167990e-01,-1.029844107869796327e-01,-2.385502055873616467e-01,-4.573347502645239843e-02,-1.763551591009153430e-01,-1.559798380437927255e-02,-2.423271657508476729e-01,-7.243555495956811863e-02,-1.760622035605377833e-01,-8.912282827823755178e-04,-9.547859721588346227e-02,-1.156405577320707007e-01,-2.407787759397406468e-01,-5.920182601692361435e-02,2.483727409203402570e-02,1.494968693252755020e-02,-2.329608693649449780e-01,-3.357518078559230124e-01,-1.091022060963231510e-01,-2.840112141862817796e-01,-1.371637481587855145e-01,1.370499233317459264e-01,1.587160290229232829e-01,1.335056533539364099e-01,-2.742634053489971802e-01,-2.460253465514057325e-01,-2.353480524392491946e-01,-7.253800049706883579e-02,-1.769636752415761904e-01,-2.242624945115925250e-01,-1.881935671818657785e-01,1.677148036279424159e-01,4.853472718772098848e-01,7.598413660099314626e-01,1.930508162150814389e-01,1.560330258266322268e-01,-7.100612055547605994e-02,-1.330660871707499970e-01,1.863115483662151906e-01,5.245136499799845087e-01,0.000000000000000000e+00,2.215152563298117272e-01,2.255157980500534232e-01,-1.515240435624233724e-02,1.539468549614576159e-02,4.930291526978627936e-01,-7.059653694448692063e-02,1.032923029345344940e-01,8.666530658230588158e-02,-2.857430551876309344e-01,-1.464638998272528025e-01,-2.327918978423612895e-01,-1.503266599428166594e-01,-1.995502168354414962e-01,5.030574234275250051e-02,-1.890291085612401389e-01,7.491349794842387666e-03,-2.074165994556723680e-01,4.748539394139733583e-02,-1.804503868027152735e-01,-1.512608431072343940e-01,-2.570807704705016516e-01,-1.167491684779099620e-01,2.486626209413340949e-02,-7.060130603942366134e-04,-2.373439924976410431e-01,-3.533702173798925483e-01,4.220444165850279969e-03,-2.990554340430175984e-01,-1.401491183349180825e-01,2.181570867933821656e-01,1.439097266069472025e-01,1.402099843391504674e-01,-3.003286009464273820e-01,-2.490410647200942407e-01,-2.066615730748087021e-01,-7.642793363696211151e-02,-1.537653354899741198e-01,-2.327293028897520488e-01,-1.537926940260948283e-01,1.760256761556809046e-01
-3.377628440123686682e-02,3.183179579277009563e-01,9.248459181684896835e-02,-2.033345973448344723e-01,3.250575139109527362e-02,-1.549574497493231007e-01,2.724972645034570012e-03,-5.370584564139873479e-02,-7.571526132577331702e-02,-2.080141361457548133e-01,-5.224185792628496805e-04,-2.395069140834920063e-01,-1.745478954926214452e-02,-7.245651051611768333e-03,-8.319230053252399393e-03,-6.313875971410534693e-02,2.483466771299865095e-01,7.399618148357485492e-02,2.221749654446374400e-01,-1.758020551797233877e-01,-3.937646469408797451e-02,1.087423795040885627e-01,5.781711955192193192e-02,-1.293551714032187550e-01,8.397436353967700773e-02,1.659505226537193456e-01,1.623022061982498376e-01,-1.722147920575582969e-01,5.143495480264872327e-02,1.858043141885543925e-01,-4.547678687745022180e-02,-5.174044421230122870e-02,1.455903261258860992e-01,3.081756982267716549e-01,6.726734113731235032e-02,2.732324815239768889e-01,1.225431912547475521e-01,7.258625890256319435e-01,5.901069886987150293e-01,-4.918463404947389511e-02,2.556434003178508288e-02,4.437538006814617519e-02,2.846337457311682306e-01,2.215152563298117272e-01,0.000000000000000000e+00,7.386794673899266250e-01,1.252275232055655996e-01,3.131746067925034183e-01,3.262118655087100638e-01,2.794597594633546622e-02,3.236300119700813993e-01,1.172476555939868104e-01,-2.034525967567639426e-01,6.283830258566446003e-02,-1.492313756344904874e-01,-1.355617463993698257e-01,-1.644465851914025667e-01,-2.559349188111135001e-02,-2.790942166397823443e-01,6.584011342841074310e-02,-2.172375631425646769e-01,-2.734617672394194787e-02,-5.784225634428607349e-02,1.202285977961129598e-02,-5.257723308461431655e-02,3.105419170433538212e-01,6.272300983643391836e-02,2.388798021758029577e-01,-1.766666053325134378e-01,-3.537710856834182932e-02,1.135524168059556110e-01,2.650758823799872002e-02,-1.314271113283745629e-01,1.215312120246890143e-01,1.699723823433906544e-01,2.585204559121011547e-01,-1.897118207245395427e-01,1.087939848074080534e-01,1.691916189560910555e-01,-7.306031165038213981e-02,-2.481602180451751918e-02,1.503134974002913182e-01,4.626507961411072678e-01,2.940395786295286681e-02
-9.480662248194313135e-03,3.060472882170577336e-01,9.470449562664355614e-02,-2.121996066521134872e-01,1.089072569091240061e-01,-1.416784017295673603e-01,1.213146616516581379e-02,-5.366223975924178102e-04,-3.427370816229829281e-02,-2.775816637629822115e-01,8.017975128883388092e-02,-2.482699102890344456e-01,3.901088628804133540e-02,3.453424442490108520e-02,1.996399775258199481e-03,-1.546192411293104696e-01,2.487408420290599664e-01,1.382001947018699217e-01,2.247821209801604825e-01,-1.649928395143507032e-01,-1.410980776608525000e-01,8.106476488456232365e-02,-3.620253576863689121e-02,-8.528573081727731930e-02,6.847320283801920648e-02,2.062006985038723206e-01,1.683771267086150158e-01,-1.921973382116979601e-01,-9.109570619745483225e-03,1.603474688340152665e-01,-2.552697831216260791e-03,1.635673604236991333e-02,1.056054768719981302e-01,2.562242429401456190e-01,1.423704464732911124e-01,3.295032717782824805e-01,1.112072104518615490e-01,6.072621116808071262e-01,5.759926316132679691e-01,5.305254951442360360e-03,3.602049279726845382e-02,5.634892610759856257e-02,3.264408859569074006e-01,2.255157980500534232e-01,7.386794673899266250e-01,0.000000000000000000e+00,1.321829343248638600e-01,2.029430287064607763e-01,2.363521630386541672e-01,4.702408458278929497e-03,3.241663042200527145e-01,1.258352417040984050e-01,-2.014789598652065861e-01,8.144734828054396580e-02,-1.344502586457713977e-01,-1.072718336971747038e-01,-6.026568478208963603e-02,3.422718991801602245e-02,-3.019019778209603988e-01,1.422036102474595332e-01,-2.300309240639400732e-01,1.472013189818172085e-02,-5.516637405216753831e-03,7.321211784462892946e-02,-1.310109545136186326e-01,3.113731350458495140e-01,1.731736444603515224e-01,3.046527526875714709e-01,-1.707474303389050763e-01,-1.089343816405504289e-01,1.336896394948696720e-01,-5.540205981053827194e-02,-8.557344091878794912e-02,9.624450752925706176e-02,2.264135491195967964e-01,2.568487976192800892e-01,-2.313819469506202264e-01,4.075064221156411010e-02,1.676014108511406642e-01,-3.275223140024034751e-03,-6.107360456150549149e-02,5.673519935679594006e-02,2.955131846913900961e-01,1.158559205484192695e-01
-2.199016748795525836e-03,9.410824862160142856e-02,-4.048349025097938009e-02,-6.613227597472655372e-02,1.807579117501699473e-01,2.645939098957031041e-02,5.280091804269913119e-02,3.488498093105709547e-02,1.939804522405599307e-01,-8.619615082215469071e-02,8.606711704618814907e-02,-3.647685596681015524e-02,2.562068920882150658e-01,1.239437945483281567e-01,2.543880672827515954e-01,1.927135204901364238e-02,2.664417766012683320e-02,3.836157595347149118e-02,3.064333349417499089e-02,-1.830878545292729739e-02,4.480193258712941717e-02,4.264665843667510975e-02,-2.336326512872110347e-03,-2.110408724989741927e-02,1.716983973631631688e-01,-1.497882439610545846e-01,7.521510388114260870e-02,-1.844379294784402046e-01,2.360556723921685418e-01,-6.846719494662267813e-02,1.865831948183360733e-01,1.739399413363394709e-01,1.987418189186627993e-01,2.371239838376311970e-01,4.212239425117025871e-02,2.782498154980458591e-02,-7.611458168158653781e-02,1.254068824434406981e-01,9.004196593604645027e-02,4.839602006745325480e-01,4.290286824623965600e-01,5.835960585223807368e-02,6.181073192580369136e-02,-1.515240435624235459e-02,1.252275232055656273e-01,1.321829343248638600e-01,0.000000000000000000e+00,5.790944172825605030e-01,6.474911797932865476e-02,3.820506293391533886e-02,1.291299097377176519e-01,-8.907862890525498900e-02,-3.391043828852004921e-02,3.501271999161816861e-01,1.115705743641094844e-01,-5.892927592836471468e-02,8.703862074476563515e-02,1.397437924034429790e-01,-1.209806465958581101e-01,1.544254003999459834e-01,1.321747766581086005e-03,2.233954990817272890e-01,1.318319386095349044e-01,5.047043516340891101e-01,4.074248312054589566e-02,3.096019646978106707e-02,8.531053731283277930e-02,2.949447691530948656e-02,-5.772492884805979774e-02,3.559044500125448096e-02,7.611826748978085810e-02,1.165553844654914489e-02,4.001897940223849565e-02,1.412960521184765950e-01,-1.218473306900321185e-01,1.093730726722306895e-01,-1.991338786426624374e-01,2.449286637294830482e-01,-2.678492438419410870e-02,1.509429298374302120e-01,2.052557340192146251e-01,1.479059910718273918e-01,2.589084696604572189e-01,-5.001887823289250662e-02
8.388871238524107585e-03,1.684920443876570528e-01,-6.583009771068203120e-02,-5.907433565005971304e-02,1.532144049053388579e-01,3.799642518758508669e-02,-3.777378148356878157e-02,3.503545717264439779e-02,1.919704188112400164e-02,-1.398571965361617396e-02,7.788188357553332830e-02,-6.165646006045246569e-02,1.721653956796806162e-01,6.236162419424318842e-02,8.009199819706866452e-02,3.603469795900476197e-02,8.934954339584322280e-02,3.842663673854964518e-02,7.832333113010635228e-02,-3.142597829008982740e-02,1.056134131673433091e-01,6.516360224371056664e-02,8.969046064877821134e-02,-1.018974779051380342e-01,1.538975104218652523e-01,-7.171012868937352847e-02,5.654042356717085133e-02,-1.469396126364967969e-01,2.559310025976596070e-01,4.660605660189973826e-02,1.303628628842265214e-01,1.200779706577956712e-01,2.188874775402140094e-01,2.951598371139552701e-01,3.052686319140754737e-02,1.200303076695382644e-02,-5.137515253840030383e-02,2.637140664497844011e-01,2.025633238937375735e-01,2.228928276535588893e-01,4.192505146912953173e-01,7.934630780658528948e-02,3.263483980503734116e-02,1.539468549614576333e-02,3.131746067925034183e-01,2.029430287064607763e-01,5.790944172825605030e-01,0.000000000000000000e+00,1.811050250819887797e-01,5.834190852338705380e-02,1.970190641222314409e-01,-1.028504168123432622e-01,-7.637198079430840281e-02,2.845368100550231816e-01,7.869081568429532603e-02,-1.215674584165833405e-01,4.785255783144676950e-02,9.787859374517626429e-03,-9.197857000319840937e-02,2.080632206492312175e-01,-5.952457091901110914e-02,1.447719877016034884e-01,5.641664826449227510e-02,2.296664409757689651e-01,5.281054803213058868e-02,1.349266533045948291e-01,7.193644677605857962e-02,5.766752425616652328e-02,-8.068822356309800214e-02,8.318252482949579918e-02,7.588861335644948858e-02,6.906379563896097862e-02,-8.439113849437086812e-02,1.348054748851394147e-01,-7.081504899630698679e-02,9.791368377515703714e-02,-1.416265745539099508e-01,2.486110925609247568e-01,5.259437172282038775e-02,1.067709782425900894e-01,2.606720767720599463e-01,1.395065331723170932e-01,4.508271120406091570e-01,-6.173023600840771286e-02
-1.017608749274554053e-01,1.795339509953253199e-01,-2.955327409681168457e-02,-1.577966921512310716e-01,-1.058896322291444370e-02,-1.788586766206863021e-01,-4.232750691890289213e-02,-8.465981428599100855e-02,-7.092992867263822609e-04,-1.322619081396067542e-01,1.948235738762396085e-01,-1.621332638295980566e-01,2.636859335758030554e-01,-2.177257736722496007e-02,-4.687091326515049200e-02,-1.171979170471055126e-01,-5.108604852253004897e-02,8.959204880228539836e-02,4.932263719335323177e-02,-1.399100889999965458e-01,-1.425006640403380653e-01,2.206774603088394390e-02,-1.421410259712140023e-01,-5.170620776695943749e-02,3.323245458605053604e-01,1.220569566926801713e-01,1.266660106921315976e-01,-1.911410959042108004e-01,-2.774926342337398488e-02,-9.565444166160164130e-02,8.535199782347592523e-02,-3.921792286401660360e-02,-5.280466217138776036e-02,3.793228392460459841e-02,7.500082178264760868e-02,1.918043553542077007e-01,4.162863546552357796e-01,3.368164987074859784e-01,3.688931893129572814e-01,-2.674243666867485644e-02,2.414696545258106578e-02,4.867063979427611042e-01,2.040478102026415941e-01,4.930291526978629046e-01,3.262118655087100083e-01,2.363521630386541672e-01,6.474911797932865476e-02,1.811050250819887519e-01,0.000000000000000000e+00,-3.922882372971359111e-02,1.877462592888278214e-01,3.337318461873765157e-02,-1.572132613986624572e-01,1.056262901180093049e-02,-1.232898516640492104e-01,-9.670203547895621365e-02,-3.672128106078276916e-02,4.089944200788338258e-02,-1.301646688111505468e-01,2.958737217372850448e-01,-1.601342408845711496e-01,3.539434085435375632e-01,-7.867303539165041576e-03,-2.367096945461786769e-02,-1.195297543185992045e-01,-2.882814789251432128e-02,1.431916200409509565e-01,7.585287007603568055e-02,-1.364281594805460129e-01,-1.505929582391470622e-01,9.515588289733867278e-02,-1.476213840292284474e-01,-4.786362778722575567e-02,3.352361832677203668e-01,1.605938169446713693e-01,1.925871668141267146e-01,-1.891864467501301050e-01,-1.264293929116037767e-02,-5.288531830748510743e-02,9.731802584803765643e-02,6.976258960628255179e-02,-3.848153154837658657e-02,1.098569868879944594e-01,4.191114598114133866e-02
4.520406244173612031e-01,6.531932429892542413e-03,-3.038371573105325130e-02,4.738738578486181158e-02,-3.496262739042753365e-02,-2.062616377223667682e-02,-7.158673787480365758e-02,-4.986264269532857812e-02,-1.411132452288381411e-01,1.040449107630743303e-01,-1.366488876321930723e-05,5.734581515286097525e-02,-5.340518128821767317e-03,2.309041169207344257e-01,-1.322461619346545492e-01,1.119775585502155585e-01,8.788006145473685471e-02,5.038153570150411681e-02,1.266401986287609416e-01,5.355326306304192263e-02,1.505547902700072327e-01,1.011852907255906923e-02,1.659244431075061199e-01,-1.808734053439680911e-01,-1.235946493233182515e-02,-7.514536055151367633e-02,5.653634038291880520e-02,-1.771688231510468725e-01,4.114140922339228901e-01,9.599899823381968789e-02,3.611012211320168970e-04,3.895708629921638272e-02,1.666915349499220600e-01,7.147328414202044899e-02,-1.266760468720469490e-01,-1.597919608930804258e-01,-6.003544354191949622e-02,-6.524609786650730457e-03,-9.641343197003144835e-03,-6.801220798089017971e-02,3.898976645516308986e-02,-3.460715378251707358e-02,-1.541041473868604295e-01,-7.059653694448692063e-02,2.794597594633546622e-02,4.702408458278923425e-03,3.820506293391535274e-02,5.834190852338704686e-02,-3.922882372971359111e-02,0.000000000000000000e+00,-1.597546639437838478e-02,-3.009099186043857552e-02,3.176805129172912551e-02,3.293703006763362695e-03,3.995414532672385971e-02,-1.137227358770929037e-01,5.970198901711552125e-02,-1.442202830347903697e-01,7.495044979219532555e-02,1.393664892604928006e-02,1.394110352976658286e-02,-1.082385928974504384e-02,3.573622237914970134e-01,-6.727744850400659005e-02,1.251886751902713535e-01,1.490434635327986257e-01,5.254586813440417781e-02,1.633139337195832208e-01,3.043734300851621069e-02,1.276646201378715817e-01,-6.961015601905849726e-02,1.699042064773524097e-01,-1.144533725217722481e-01,-2.728162806357795414e-02,-3.843326223302806488e-02,9.703780565054875851e-02,-5.701802900801151291e-02,4.359591457120963742e-01,2.049268713572840461e-01,-1.504362134909409399e-02,1.151100729927398564e-01,1.957460783614642652e-01,1.377403643692913238e-01,-1.490702877503792545e-01
-1.042553481146389210e-01,8.375648648720299683e-01,-1.693585679796003607e-01,-1.566734263478573863e-01,2.440230179274431588e-02,-1.233772282345667048e-01,-1.848460655350898652e-01,-8.513155982534802158e-02,1.098426699739384060e-02,-2.206960288483418020e-01,9.994673952987463694e-02,-2.355275659213263983e-01,6.464126076074601379e-02,-1.243760104233344599e-01,5.136871458093309611e-02,-3.253911205821122254e-02,1.009480962669271897e-01,-2.553864435649579392e-02,4.550139421872168716e-02,-1.648417181131528464e-01,-5.071848731106789326e-02,3.897937655747232277e-01,-2.866647106655316815e-02,5.729568454927492366e-02,3.545255421986938660e-01,1.207401790958139848e-01,1.683528671560393652e-01,-2.331833868968666568e-01,4.493312732610865029e-02,1.495646147231089185e-01,-6.688372117432507535e-02,-5.963419497665465446e-02,2.000487490401498258e-01,4.314323611325547314e-01,1.051151904972730776e-02,1.903554545809843235e-01,6.523444457593827184e-02,3.181209473764175510e-01,3.283460322010704480e-01,2.806790072597268801e-02,6.633130550855030616e-02,9.862038055228257438e-02,2.069888421217083996e-01,1.032923029345344940e-01,3.236300119700812883e-01,3.241663042200527145e-01,1.291299097377176242e-01,1.970190641222314409e-01,1.877462592888277937e-01,-1.597546639437838131e-02,0.000000000000000000e+00,-3.678177285474575064e-02,-1.445241186702306280e-01,3.605496805877670546e-02,-1.141272536494210982e-01,-2.220291853326904763e-01,-9.333196518955122478e-02,5.840465346671123298e-02,-2.465551326029701007e-01,1.882010672455201039e-01,-1.940761080856817367e-01,1.092525737152967441e-01,-7.718329123401014569e-02,8.826569023508940015e-02,1.712533710735035172e-02,2.468214361092125886e-01,3.629741874835665238e-02,2.154600447648008510e-01,-1.803140020927434251e-01,-2.225972036111323674e-02,4.205671493546551676e-01,-1.774805964652010487e-02,3.487610823144490779e-02,4.458504717437613007e-01,1.405754901770418230e-01,3.784196860473286184e-01,-1.548584622145110223e-01,1.986105237492594433e-01,2.086960183933674051e-01,-7.346001288582042210e-02,-1.404539023855749108e-02,1.869155646327060882e-01,4.406881629853742766e-01,-6.853611759558296546e-02
-2.399562885218481378e-02,-5.026233892217748384e-02,3.192545802877455041e-01,-1.707090520502427822e-01,-9.236630023894176755e-02,-1.585065727475400699e-01,1.971616584114354309e-01,-7.289151625960267611e-02,3.571193701089597078e-02,-2.676612687763220144e-01,-1.093527820964140251e-01,-1.998399948010877170e-01,-1.149485157663585194e-01,-7.754331107750289664e-02,-1.364787849954282074e-02,-1.943475437998597455e-01,7.009468904235632847e-02,-7.166847041638539639e-02,5.746580501300909685e-04,-1.435377820459573794e-01,-2.478684118804539704e-01,-1.823157163679647169e-02,-1.679906774768009370e-01,4.971197857498404343e-02,-3.365753662184564621e-02,2.024001268277023646e-01,7.833909069749935006e-02,-5.097717533391055850e-02,-2.055214939124192508e-01,-9.627513726838968222e-03,-7.396426885883622404e-02,-7.570158368305734964e-02,-1.009991446245802477e-01,-1.287608151586251415e-01,1.230764725810195026e-01,4.299192150295469417e-02,2.356932017781433394e-02,7.945158453958549305e-02,6.167154607226602719e-02,-1.204970919977540605e-01,-1.161883193595283220e-01,-5.245250831611563552e-02,1.270250376120653224e-01,8.666530658230590933e-02,1.172476555939868104e-01,1.258352417040984050e-01,-8.907862890525498900e-02,-1.028504168123432622e-01,3.337318461873765157e-02,-3.009099186043857552e-02,-3.678177285474574371e-02,0.000000000000000000e+00,-1.321805545500398804e-01,-9.402830449390525702e-02,-2.044204775370283278e-01,4.820308925982443871e-01,-7.746777711254303200e-02,9.010744595741425333e-02,-2.801401868099074877e-01,9.930163833778317753e-03,-1.966062700894255499e-01,-4.522463373251812274e-02,1.877892739967371438e-01,-4.829280199122382156e-02,-1.702609220648775290e-01,2.781079259970382078e-01,1.770079050110874297e-01,3.377866642147679399e-01,-1.312711724657927848e-01,-1.923575722657607512e-01,1.117404083954044031e-01,-5.428467219853547188e-02,1.525624284272907027e-01,-8.415179895615663291e-03,6.122664455795552296e-01,3.886990131525185355e-01,-1.120228163324465953e-03,-1.307924489709572646e-01,3.201493195193205743e-01,-7.601313502696097589e-03,-1.366873872667588030e-01,-1.513021983475850429e-01,-9.676503009549351775e-02,-5.275056435010345296e-02
3.554123633027122392e-02,-1.437713837740493827e-01,-1.481404278598337232e-01,8.814140705457246261e-01,-5.911178694334542211e-02,1.693027694167541786e-01,2.700385342485088144e-02,-8.348804165929950283e-02,2.037719414326873146e-01,3.763074010384843127e-01,-4.906498573156153897e-02,5.148161617539991353e-01,8.396851621235625757e-03,3.337650355745427205e-03,1.269229984200828387e-01,1.390229768345119521e-01,-1.403434952506403544e-01,-1.207360941187062692e-01,-1.183596713441059101e-01,6.827874132039289945e-01,1.545328395194589532e-01,-1.608465071247751343e-02,9.835271800793961294e-02,2.365536693732666063e-01,-2.011572667949635893e-02,-2.032026099908207095e-01,-4.576063070567275987e-02,2.256957901210158435e-01,8.074796857476436440e-02,-1.308562401982264756e-01,9.343725901935696909e-02,-7.336892235293080398e-03,7.343791792301694599e-02,-8.916987974352980073e-02,-1.744356390176254878e-01,-3.408398225204588017e-01,-2.772184251819478917e-01,-2.337562985908400448e-01,-2.024294363766569738e-01,-3.771429334181593956e-02,-2.643052760520720953e-02,-8.524690838398947534e-02,-2.853096872801710870e-01,-2.857430551876309344e-01,-2.034525967567639426e-01,-2.014789598652065583e-01,-3.391043828852004921e-02,-7.637198079430838893e-02,-1.572132613986624572e-01,3.176805129172912551e-02,-1.445241186702306280e-01,-1.321805545500398527e-01,0.000000000000000000e+00,-3.467887840244603115e-02,1.725464180216546295e-01,1.081935087679988666e-01,3.387897615012726987e-02,1.109367375057090238e-01,3.876683487304695697e-01,-7.728869504781725464e-02,5.661683924331023521e-01,1.101976773951539312e-03,4.945768592974267991e-02,6.096630714635799947e-02,1.645178886303550192e-01,-1.266314029166202559e-01,-1.090344820077182447e-01,-1.467560575946271761e-01,7.283274483637516283e-01,1.372755578562332712e-01,-4.676710021293412067e-02,1.434370533806597903e-01,3.560941089740727317e-01,-4.788822009545168346e-02,-1.928671629975048374e-01,-7.091266713404255351e-02,2.978540093613357143e-01,7.283896356729412103e-02,-7.227145044901078785e-02,5.545470051297191061e-02,7.126139239047640794e-02,9.617866270582757504e-02,-6.323911673772066033e-02,-2.556418003843546893e-01
3.659063198313283749e-02,5.406894788530922785e-02,-8.259919208494594101e-02,-3.957739044874788309e-02,3.154999094501394485e-01,9.802767713417910589e-02,2.297284017767515715e-02,1.266746789158673114e-01,6.002170779674371320e-02,-1.766342845941501136e-02,1.569957402171108518e-01,-4.662553785125644890e-02,2.030591545313649160e-01,1.761829738998037242e-01,1.387260600670584265e-01,-1.549308643396286878e-02,1.783125482451738963e-02,1.138546474391503166e-01,5.268156733181069556e-02,-3.906453962912753708e-02,4.742427194578027749e-02,3.765593336130908936e-02,-1.321171210424340083e-02,1.079678080105211761e-02,8.315888664067726255e-02,-4.952290217880887108e-02,-8.645651533794249111e-03,-8.910805260630876024e-02,2.203185976076297570e-01,1.663734091675874924e-02,1.218861389732322359e-01,2.113312476308332188e-01,1.109565041233880750e-01,1.850549955150409265e-01,8.875181866323263169e-02,-7.635648549417924091e-02,-1.813339846947646106e-01,5.415460489330953253e-02,1.172135454313658620e-01,3.419930789278065042e-01,3.347288466314006783e-01,7.924425842978838124e-04,-6.716279139055987557e-02,-1.464638998272527470e-01,6.283830258566446003e-02,8.144734828054396580e-02,3.501271999161816861e-01,2.845368100550231816e-01,1.056262901180091834e-02,3.293703006763357925e-03,3.605496805877669159e-02,-9.402830449390527090e-02,-3.467887840244602421e-02,0.000000000000000000e+00,1.888289379317221739e-01,-1.557891870360261603e-02,2.642955009545235878e-01,4.445796190617568033e-02,-8.784677371244768718e-02,2.261416568090759416e-01,-5.631187138393777686e-02,1.844792197487668262e-01,1.142188719988564832e-01,3.741462406170435462e-01,-1.021639621510780048e-02,2.844871368633540912e-02,1.593328293781112737e-01,2.545019764060290138e-02,-6.885931590143162806e-02,2.002731692522463289e-02,5.283614217986260658e-02,-3.841667909662849906e-02,4.098311269515909905e-03,1.691352236212620777e-02,-3.387953025747196534e-02,2.225445818925806882e-02,-1.187388931044602858e-01,1.061945564497447370e-01,1.746497401303080330e-02,1.745253063045117126e-01,3.435325950381775684e-01,1.052107108335968988e-01,1.455214045833161940e-01,2.012038271438706255e-02
4.443213146528135482e-02,-1.094725231914465136e-01,-1.669808796994542155e-01,2.127709325006136298e-01,1.098038304490722566e-01,5.276941080695299879e-01,-1.488691156671686777e-01,1.682422481401309733e-01,-9.723422098516809609e-02,3.926676542464089259e-01,2.761614931885108051e-02,3.993541966327780468e-01,4.354031147868494406e-02,2.760539784407528910e-02,1.723523709105447832e-01,4.643369664808933567e-02,-1.064651112044470854e-01,-3.323028194527009177e-02,-9.582608829706333597e-02,2.155471606524966555e-01,9.990976681872887344e-02,-8.753616331017290142e-02,6.853985681436401689e-02,-9.682967326777987271e-02,-7.052714187333908313e-02,-1.797385840760977738e-01,-1.306490936936489933e-01,1.007500463838994359e-01,1.093188944468109353e-01,-9.251039114700730648e-02,4.475016992344171135e-02,1.441236297521019949e-01,2.304776893419115472e-02,-1.887971248214192349e-02,4.262114543879582523e-02,-2.475083359566761787e-01,-2.379557266936070670e-01,-1.207533010162674253e-01,-1.285303400428778053e-01,1.309463105900956492e-01,1.604895515233695502e-01,-6.355682112722370325e-02,-2.445196983903979160e-01,-2.327918978423613172e-01,-1.492313756344904874e-01,-1.344502586457713977e-01,1.115705743641094844e-01,7.869081568429532603e-02,-1.232898516640492104e-01,3.995414532672386665e-02,-1.141272536494210982e-01,-2.044204775370283278e-01,1.725464180216546017e-01,1.888289379317221461e-01,0.000000000000000000e+00,-6.878933196587863445e-03,5.448775311334919103e-01,-1.371997014307765050e-01,4.349894389189599697e-01,1.179589204440018718e-02,4.467846480059152192e-01,1.374473093693890507e-02,1.640903283428364057e-01,2.893489378860498173e-01,5.719738261278487640e-02,-1.025518066854805843e-01,-1.969167967695832286e-02,-1.023924630161424099e-01,2.399112918610837031e-01,1.154284292245935234e-01,-1.694007163410882477e-01,6.767458742010883099e-02,-1.015140843814352073e-01,-1.057275846652080409e-01,-1.865513051949055645e-01,-1.857038721188988550e-01,1.680465966164286507e-01,9.752388280800100562e-02,-1.024532213021353416e-01,3.669142118678948156e-02,1.718953370919927837e-01,3.748377602569597650e-02,-1.697354229392364355e-04,5.377919724809349794e-02
-4.550698176689813718e-02,-2.400894960010479251e-01,1.248555777900319103e-01,6.725797243365415345e-02,-5.522162063864519826e-02,3.578318959298352336e-02,3.458829649048605348e-01,6.924441769986852679e-02,1.402894977421761946e-01,1.659483413284613268e-02,-9.457079428549663991e-02,-3.311601451143797448e-02,-5.399091967216579357e-02,-4.958344650172120081e-03,8.129222779738737303e-02,-1.471394944112250081e-01,-9.560342878358137064e-02,-1.387770917425676098e-01,-1.386125856468750361e-01,9.106754765426418319e-03,-1.542805111483653846e-01,-8.697070483788769957e-02,-2.153832649067960459e-01,2.285378688026593885e-01,-7.859115668774631358e-02,-6.410800495273633048e-02,-1.519694413752885609e-01,2.577188813864353389e-01,-1.566969924497937094e-01,-8.195807043867871233e-02,9.706785162500859016e-03,-5.181697591270492675e-02,-9.582938663113611810e-02,-2.250900458530952497e-01,-2.807490479083377469e-02,-2.197112966878263796e-01,-1.985331248875530086e-01,-1.595458608836831660e-01,-1.325671132855946732e-01,-4.095974818449344551e-02,-6.234506693214175721e-02,-6.004550383364307131e-02,-1.400924213751266467e-01,-1.503266599428166872e-01,-1.355617463993698257e-01,-1.072718336971747038e-01,-5.892927592836471468e-02,-1.215674584165833405e-01,-9.670203547895621365e-02,-1.137227358770928759e-01,-2.220291853326904763e-01,4.820308925982443871e-01,1.081935087679988805e-01,-1.557891870360262297e-02,-6.878933196587863445e-03,0.000000000000000000e+00,1.409571023242087995e-01,1.731976688773889939e-01,5.299088177238245323e-03,-2.771616463035668845e-02,-5.798940556402984448e-02,-1.054428015256603929e-02,2.858786849008673747e-01,6.829650411361702644e-02,-1.255243594539926788e-01,1.243399235969758730e-02,6.289754697517507820e-02,7.165868491545969443e-02,1.809533964711559223e-02,-1.235528781080379307e-01,3.152588039600891928e-02,-1.411633541289858129e-01,3.531394631985711463e-01,-6.461163663194013917e-02,2.765934556836074920e-01,4.920646920862109530e-02,3.201679608408450339e-01,-1.427993983922567767e-01,2.403672310630530218e-01,7.875262911980444869e-02,-1.736474680076087809e-02,-1.568091611029188981e-01,-2.154255784642234162e-01,-1.413008026737362643e-01
5.118970258483161034e-02,-1.112188743279330927e-01,-2.390915911756931467e-01,6.171601974633932758e-02,1.932216250614982034e-01,3.655973223544661810e-01,-1.495509328965481666e-01,2.781517400343002655e-01,-1.474344631471448119e-01,2.727377432240559174e-01,1.891928383227632626e-01,1.774067265239851754e-01,1.618970718888530780e-01,1.187239865263569477e-01,4.854577731307164329e-02,2.465114522190029519e-03,-1.084962799421373275e-01,6.712417257457813091e-02,-7.934265736351063525e-02,6.402956588674545146e-02,4.857145473154402676e-02,-8.702886515901574194e-02,-1.814730979873373576e-02,-1.339176942359846800e-01,-2.045737771404841296e-02,-1.608327673657247436e-01,-1.907847811086999246e-01,3.802037571119910170e-02,1.295836905459527566e-01,-4.001983003829686497e-02,9.110302729415452327e-02,2.402135339305864203e-01,-4.660372751061153673e-03,2.534809798555042251e-02,3.526459177398347244e-02,-2.832035959081392607e-01,-2.130186893441916585e-01,-9.137626802580726959e-02,-1.256756268463575243e-01,1.547228925489884388e-01,2.216828943338467750e-01,4.178142625093658746e-02,-2.585841122968298711e-01,-1.995502168354414962e-01,-1.644465851914025667e-01,-6.026568478208965685e-02,8.703862074476563515e-02,4.785255783144676950e-02,-3.672128106078276222e-02,5.970198901711552125e-02,-9.333196518955123866e-02,-7.746777711254303200e-02,3.387897615012726987e-02,2.642955009545235878e-01,5.448775311334919103e-01,1.409571023242087995e-01,0.000000000000000000e+00,-1.166390273042303138e-01,2.851654828342289894e-01,2.337480921113973820e-01,1.529734882915338989e-01,1.560319398511870459e-01,5.237839717927688099e-01,2.167704715914348101e-01,4.144517444273616152e-02,3.496589597641119179e-02,2.463026784431618654e-01,1.072631152773614455e-01,6.753183695419268107e-02,1.175585097840958076e-01,-1.238981816594870722e-01,5.924310665849021745e-02,-9.151545469029109814e-02,-6.694895871667423670e-02,2.157690254800345708e-02,-1.255729501231145351e-01,1.565631985279451743e-01,1.413932003040513641e-01,1.055658961262553736e-01,1.471526889654491133e-01,2.154859791770855904e-01,1.966286570395929176e-02,4.853176994627193819e-04,-4.056060410018525429e-03
-7.392326193189939498e-02,3.990035441041425018e-02,1.377819918120457843e-01,2.433811561526949552e-02,-1.580926945440486522e-02,-8.161754247654849637e-02,4.104645535263180545e-01,-5.628903221755382491e-02,7.741040335486109036e-01,-2.135629627481326898e-01,2.464057598318471556e-02,-5.905309044947593816e-02,2.686225583585029608e-01,1.830322317759608131e-01,1.605313784847365033e-01,-1.421478737369923639e-01,-1.817299700197910484e-01,3.706437060382148426e-03,-7.443632470562248915e-02,-3.937734612538121987e-02,-3.564629228593846899e-01,2.720586628045369992e-01,-3.806662896545726649e-01,5.364545353400224093e-01,2.848507680309780299e-01,5.573611748899534590e-02,2.991831689384395476e-01,-1.380693683043103526e-01,-5.842509050665453674e-02,-2.801646244222431581e-01,2.622743899419549551e-01,2.843695410610372343e-02,-9.662759408951245022e-02,-1.928471451295196981e-01,1.147720133989446750e-01,1.709077238151786304e-01,1.039301426979922192e-02,-8.937745732666129567e-03,6.021777009529171582e-02,1.850223089932187814e-01,7.882387790132561189e-02,4.971832795104298014e-02,1.875880786291305447e-01,5.030574234275250051e-02,-2.559349188111134654e-02,3.422718991801602245e-02,1.397437924034429790e-01,9.787859374517619490e-03,4.089944200788338258e-02,-1.442202830347903697e-01,5.840465346671123298e-02,9.010744595741425333e-02,1.109367375057090238e-01,4.445796190617568033e-02,-1.371997014307764773e-01,1.731976688773889939e-01,-1.166390273042303138e-01,0.000000000000000000e+00,-1.642955494609165956e-01,-9.765351478074585367e-03,3.180043725972130780e-02,2.434981936135689473e-01,-2.503531484658372275e-02,1.192373264289234430e-01,-1.487530206197542615e-01,-2.793751018022281318e-01,2.101015388508083170e-02,-1.255242482442119611e-01,-3.008720482105543739e-03,-3.761190835915422803e-01,4.978943968978188916e-01,-3.775079388041733264e-01,6.503171980276407638e-01,2.131100893490270043e-01,1.810359888642013027e-02,2.821385178431801144e-01,-2.523502893139241698e-01,-1.918383692239854221e-01,-1.173277134122432536e-01,1.238788743254354702e-01,1.647337861140965934e-02,-1.244945207457696518e-01,-2.078846466122869219e-01,1.542408380868214579e-01
1.016507137026648709e-02,-2.449014466459748240e-01,-2.286452303326890478e-01,4.577210834847900700e-01,-5.231690162075428724e-02,3.649769144399733212e-01,-1.706246934607094923e-01,-6.600835195100802043e-03,-1.400152654333551572e-01,7.352071427732154163e-01,-7.421891634683878969e-02,5.321923129470368385e-01,-6.398388654311214230e-02,-6.447671945653755954e-02,-7.489257847288612047e-02,4.661045162425993954e-02,-2.009193821452138484e-01,-1.018295924789404117e-01,-1.447567579305016061e-01,4.571748506414709534e-01,8.180634070380343736e-02,-2.206432334743007317e-01,3.047085874044491716e-02,-1.412310722517045869e-01,-1.180546282570312799e-01,-2.361302611755672631e-01,-1.692510724220220031e-01,1.673935319932998711e-01,1.649254974606249174e-03,-1.954902686907909193e-01,1.985104372233746292e-02,2.896844192563898402e-03,-5.118042297087693759e-02,-1.639851140794651163e-01,-1.200067765718701440e-01,-3.153148492124909219e-01,-1.530113665128421674e-01,-2.670861422112753014e-01,-2.807040032033827348e-01,-1.015444308855725924e-01,-3.533957564700026394e-02,-7.526331877947294025e-02,-2.935728982322289293e-01,-1.890291085612401389e-01,-2.790942166397823443e-01,-3.019019778209603988e-01,-1.209806465958581101e-01,-9.197857000319840937e-02,-1.301646688111505468e-01,7.495044979219532555e-02,-2.465551326029701007e-01,-2.801401868099075432e-01,3.876683487304695697e-01,-8.784677371244764554e-02,4.349894389189599697e-01,5.299088177238240986e-03,2.851654828342289894e-01,-1.642955494609165956e-01,0.000000000000000000e+00,-1.188125981642999124e-01,4.975966865046220211e-01,-7.630520211508402817e-02,6.217312415884259508e-02,-7.298266749219321781e-02,6.835080106958987822e-02,-1.980289704630463499e-01,-1.295085668229253029e-01,-1.778353694734278456e-01,5.048417106585921799e-01,1.203368039578802534e-01,-2.587805133636931210e-01,8.804188736518243907e-02,-1.278906016179577609e-01,-1.085202329730754894e-01,-2.386621154719609506e-01,-2.698121793653658340e-01,2.772287296496969144e-01,4.166227863806042098e-02,-2.018230201561088677e-01,-1.835086686835933276e-02,2.787979477354946001e-02,-5.185972681559816895e-03,-1.343411599438526227e-01,-1.173645662185151539e-01
-5.542154744906339393e-03,1.784138510206743078e-01,-9.296828860551320517e-02,-7.775706963045141140e-02,6.909969264759287244e-02,-5.424179797364738626e-02,-7.892796756121166213e-02,2.368055817282341269e-02,-1.522621484285209548e-02,-1.144246652802748954e-01,6.125469696692565913e-01,-1.189985544380248866e-01,5.587782421205464978e-01,1.415117902498746194e-01,-9.151132970271215125e-03,-7.533253974005765796e-02,7.021598904870919589e-02,4.574040524362859017e-01,1.880095040923565886e-01,-6.153120275168053738e-02,-1.103740865410810131e-02,5.632705487950093876e-02,-6.246469972914553415e-02,-6.867899551911126055e-02,3.611616384089099685e-01,1.020543765755653892e-01,4.432498322402864122e-02,-1.549622989204517964e-01,1.783838238559484479e-01,1.949932462064438501e-02,1.848390388189061484e-01,1.215807987401182344e-01,8.171689250384407688e-02,1.823686479071202626e-01,3.103767764452579694e-02,-1.369188212243656333e-01,-2.172145050281357181e-02,1.103368197382169069e-01,1.081535428172544222e-01,8.182825838891506776e-02,1.667310417376374199e-01,3.385880151647471248e-01,-1.089430177780673636e-01,7.491349794842385064e-03,6.584011342841074310e-02,1.422036102474595332e-01,1.544254003999459834e-01,2.080632206492312175e-01,2.958737217372850448e-01,1.393664892604927485e-02,1.882010672455201317e-01,9.930163833778314283e-03,-7.728869504781725464e-02,2.261416568090759416e-01,1.179589204440018892e-02,-2.771616463035668845e-02,2.337480921113974375e-01,-9.765351478074583633e-03,-1.188125981642999401e-01,0.000000000000000000e+00,-1.198851050975552890e-01,6.364346124183922759e-01,2.166108165010744158e-01,1.411358482268422476e-01,-4.900933558337999818e-02,1.920797207685189800e-01,6.127903280167931177e-01,3.226393071192246720e-01,-9.277444267349532758e-02,-1.622449749791321158e-02,1.177682190103324505e-01,-4.112042870932692412e-02,-3.380053197095227863e-02,2.954482659505845432e-01,2.712684148413784246e-01,1.971792331506127816e-01,-1.129219813260751160e-01,1.760536667130712385e-01,1.155200654485461359e-01,3.652726304221737830e-01,1.951263650588529464e-01,8.013368495501067834e-02,2.333681289690509864e-01,-1.140837603215906909e-01
-6.021245655576629163e-03,-2.085500789712938785e-01,-1.582415447348148041e-01,5.797356982608646847e-01,-6.954193708587924627e-02,3.374194170651261260e-01,-1.143638890340640951e-01,-1.870865209309923241e-02,7.779250147840412188e-02,4.034291302871718110e-01,-7.620585303541799194e-02,7.288279228334700877e-01,-4.152126123014650977e-02,-6.670629656127750884e-02,1.677525680801726926e-01,1.022481790244348376e-01,-1.842788468648037803e-01,-1.222811689060181312e-01,-1.735550758293153972e-01,5.947313803871526749e-01,7.545427491670970988e-02,-1.098775052557202508e-01,5.964481668828740951e-02,4.646801667854699031e-02,-9.282553212649012619e-02,-2.784068646679901948e-01,-1.392635040223826060e-01,1.687831555695985530e-01,7.572626104596985423e-03,-2.145866865399133072e-01,1.977322196657750955e-02,1.538324168028094331e-02,-1.955762186852497489e-02,-1.420434357459751107e-01,2.580949828405905422e-03,-2.223688814176031092e-01,-1.755240331027539680e-01,-2.387766430796683659e-01,-2.562092546314857500e-01,-1.737097513359347686e-02,-7.336355624967203122e-03,-9.693838652427537450e-02,-1.943722184005145515e-01,-2.074165994556723958e-01,-2.172375631425646769e-01,-2.300309240639400732e-01,1.321747766581086005e-03,-5.952457091901110914e-02,-1.601342408845711496e-01,1.394110352976658807e-02,-1.940761080856817367e-01,-1.966062700894255777e-01,5.661683924331023521e-01,-5.631187138393778380e-02,4.467846480059152192e-01,-5.798940556402985141e-02,1.529734882915338989e-01,3.180043725972130780e-02,4.975966865046220211e-01,-1.198851050975552890e-01,0.000000000000000000e+00,-5.267691757738444253e-02,-1.941623037305087451e-02,8.839308704205307843e-02,1.022672173662285550e-01,-1.809883831326278558e-01,-1.075936160279930137e-01,-1.936300099577185907e-01,7.183099648862536490e-01,7.054355473927227671e-02,-1.591282113147803601e-01,9.887740453958082654e-02,9.817208746086641957e-02,-1.228370414846975400e-01,-2.647218734785541372e-01,-2.048446853030892745e-01,2.078815607880822869e-01,4.150555307778624851e-03,-2.287202477046453020e-01,-2.498826961750859679e-02,2.298849250404005895e-02,2.217420308239035145e-02,-1.148168875711754050e-01,-4.688740305012335102e-02
-1.648474198172385566e-02,1.203645443151747235e-01,-4.020871243021737623e-02,-3.186153437583066211e-02,6.494087292236389031e-02,-6.371584222631705707e-02,1.163931512279960945e-01,-3.633010052552865937e-02,2.589140783370080801e-01,-7.300162463261743173e-02,5.657770870259231089e-01,-7.733710839016769145e-02,8.395786910563831640e-01,2.272653881929248554e-01,1.224187467820841979e-01,-4.040283569421510707e-02,-1.079926908040793471e-01,4.058702343935125523e-01,7.557971470590425789e-02,-3.963272727096282810e-02,-4.679376981660196555e-02,1.173289630047971571e-01,-1.127048631603135148e-01,6.054088780150585630e-02,6.320787895044058802e-01,6.277110838671626225e-02,2.341430416263789172e-01,-2.119850561025685420e-01,1.740656079048360227e-01,-1.657377549199796352e-01,3.521412400278816635e-01,1.679557707132929290e-01,4.118908711582076193e-02,4.604597300358190259e-02,-4.276913744970047698e-02,-1.129332503840771579e-01,5.349715162714344108e-02,7.175159047343765417e-02,7.717801094929917227e-02,2.093282123316290155e-01,1.989119014790020623e-01,4.547780253717882970e-01,-1.071116521529984489e-01,4.748539394139733583e-02,-2.734617672394194787e-02,1.472013189818172085e-02,2.233954990817272890e-01,1.447719877016035162e-01,3.539434085435375632e-01,-1.082385928974504731e-02,1.092525737152967302e-01,-4.522463373251811580e-02,1.101976773951533024e-03,1.844792197487667984e-01,1.374473093693889814e-02,-1.054428015256603408e-02,1.560319398511871014e-01,2.434981936135689473e-01,-7.630520211508401429e-02,6.364346124183922759e-01,-5.267691757738442865e-02,0.000000000000000000e+00,2.090686666914795822e-01,1.842071830809667021e-01,-2.706114444842025110e-02,-1.011433550842486956e-01,4.242861911817183418e-01,7.274133636055145347e-02,-4.711818703424554972e-02,-6.759781438028610034e-02,1.832104133081064179e-01,-9.807278308883621287e-02,1.458506791231926891e-01,4.832218904228971490e-01,9.155602074793633971e-02,2.955063548950528363e-01,-2.245329169282319348e-01,1.193150365064991614e-01,-4.892023907923664927e-02,4.371267458401799644e-01,2.173828706646851738e-01,4.934712319403238706e-02,3.073747815680747883e-02,-9.909179728165214140e-02
3.322994283114965586e-01,-8.020749881962359329e-02,-9.088218951831654457e-02,2.126521709482708314e-02,5.920127360710780023e-02,6.177376036712609736e-02,4.033237037205639197e-02,1.437342689378681981e-01,-3.742913293242629280e-02,8.061866638162250298e-02,1.456762683818931536e-01,4.694594107395823855e-03,1.859866901083052915e-01,3.106954614884358534e-01,1.004095195656444809e-03,3.482653683276686757e-02,8.625784968494311930e-04,8.684084789750567968e-02,3.422657414494369860e-02,3.235502673151815362e-02,5.133268917879046239e-02,2.076128809084918161e-02,-2.898422672200917649e-04,-8.474366506114516806e-02,6.662874416957555168e-02,-1.762257861725677055e-01,-4.927590778943675281e-02,-1.264174598283330231e-01,3.517904063403347048e-01,3.093543938163636001e-02,9.190353711570932449e-02,2.259666204035134796e-01,1.474646465039185506e-01,9.342101971545387074e-02,-7.332071311837572158e-02,-2.733309260386848627e-01,-1.742611336753641937e-01,-4.730582031907696640e-03,-5.440906432435715923e-02,7.185964843109758637e-02,1.892403065495848746e-01,1.007958697904657308e-01,-2.241480373594440800e-01,-1.804503868027152735e-01,-5.784225634428605961e-02,-5.516637405216749494e-03,1.318319386095349044e-01,5.641664826449227510e-02,-7.867303539165038107e-03,3.573622237914970134e-01,-7.718329123401014569e-02,1.877892739967371438e-01,4.945768592974267991e-02,1.142188719988564832e-01,1.640903283428364057e-01,2.858786849008673747e-01,5.237839717927688099e-01,-2.503531484658373316e-02,6.217312415884259508e-02,2.166108165010744158e-01,-1.941623037305087104e-02,2.090686666914795822e-01,0.000000000000000000e+00,1.571129531117896883e-01,8.845019351319809153e-02,2.208732841338570951e-01,3.169991458342580892e-01,3.730952542844307440e-01,3.578260374712257524e-02,1.129691063174740190e-01,1.307990924102156449e-02,1.099310575378470850e-01,7.874584283492482017e-02,2.713910850031675190e-02,1.784806628010927321e-01,1.538320361411559811e-01,2.545115616950016646e-02,4.149867286394832155e-01,4.348188719113999512e-01,1.449867970578356813e-01,1.656630385065677447e-01,1.480299272530136157e-01,1.023214177792613894e-01,-1.644919486720185231e-01
-2.331253045111211786e-02,7.057202727366977679e-02,-7.404663702996257257e-02,2.047687571138521317e-02,1.835556458560377580e-01,1.398246014401592630e-01,6.303279184420160219e-02,8.034666243088721405e-02,1.983368661486954176e-01,-4.368546581502205650e-02,1.174164774753712753e-01,4.405114346147572663e-02,2.079692896895264653e-01,8.950226065498882722e-02,4.813549132169805400e-01,-1.391917829930421763e-02,-7.808127421648675126e-02,1.976700576773331858e-02,-5.089568673861424863e-02,4.996219023814869181e-02,-6.761986832678978064e-03,4.667213939480599483e-02,-5.867148001390169038e-02,8.292046069511938011e-02,1.409627497408618146e-01,-1.391087265662584171e-01,2.769829571257661702e-02,-8.327962296083622762e-02,1.526269760247368212e-01,-1.022886147058015976e-01,1.443209378139164445e-01,1.441707669528306812e-01,1.387763510333729078e-01,1.664149025770893242e-01,9.537089311774825384e-02,-8.242190446437486218e-02,-1.695160427967713213e-01,4.986823064814549511e-02,5.162694586964481497e-02,4.475106895580966970e-01,3.152414136051637228e-01,6.998053587854528856e-02,-7.046412319846064032e-02,-1.512608431072343940e-01,1.202285977961128904e-02,7.321211784462892946e-02,5.047043516340891101e-01,2.296664409757690206e-01,-2.367096945461786769e-02,-6.727744850400659005e-02,8.826569023508941403e-02,-4.829280199122382156e-02,6.096630714635799947e-02,3.741462406170435462e-01,2.893489378860498173e-01,6.829650411361702644e-02,2.167704715914348379e-01,1.192373264289234430e-01,-7.298266749219319005e-02,1.411358482268422476e-01,8.839308704205306455e-02,1.842071830809667021e-01,1.571129531117896605e-01,0.000000000000000000e+00,1.033515200174364192e-02,-5.215197549450464182e-02,7.994193164836856103e-02,-2.167403190821752187e-02,2.080149388307528380e-02,8.103968041851337956e-03,7.198798707105605321e-02,-4.052073862943177118e-02,1.275406476338621919e-01,1.022093356368682926e-01,-9.190264681243304201e-02,6.138062701589958731e-02,-7.438364590116816610e-02,1.595015292549614994e-01,-2.623451324338040014e-02,1.451730352375114885e-01,1.393282116932399450e-01,1.105236168803063052e-01,1.325489166909436800e-01,4.862327349964044171e-02
6.967693594186046002e-02,4.066389067872090007e-02,-2.275770747884792444e-01,1.525609698772274481e-01,-2.827457308413533488e-02,3.958856870108246918e-03,-2.003548653524329926e-01,-7.209162344913160048e-02,-9.545778205891775059e-02,1.211301296567443703e-01,-4.488570891998681228e-02,6.088945037548945671e-02,-8.678528504472926564e-03,-5.227750992057737106e-02,2.324574465928463170e-03,8.131555371346359529e-01,-5.799619611896439375e-02,-7.471100558857764196e-02,-1.222517736994374049e-01,8.926106083234897071e-02,4.709848298551157497e-01,2.777703022121473797e-01,4.655445176060017398e-01,-5.087434207119791857e-02,-4.773917832391925270e-02,-2.353040984692049420e-01,-1.038247430742970101e-01,1.131167531024727078e-02,2.081555455859030734e-01,1.220852273497103208e-01,-8.587050086536514304e-02,9.192233764617965472e-03,2.940870629778074563e-01,2.199772252872530254e-01,-2.830875677048181327e-01,-2.033134492368437185e-01,-2.298779015375163048e-01,-7.998907281977683803e-02,-1.366156333471624795e-01,-3.412226420892956052e-02,8.165925990879330243e-02,-4.007066283362440556e-02,-1.719561312282783527e-01,-2.570807704705016516e-01,-5.257723308461431655e-02,-1.310109545136186326e-01,4.074248312054589566e-02,5.281054803213058868e-02,-1.195297543185992323e-01,1.251886751902713535e-01,1.712533710735035172e-02,-1.702609220648775290e-01,1.645178886303550192e-01,-1.021639621510780915e-02,5.719738261278489028e-02,-1.255243594539926788e-01,4.144517444273616152e-02,-1.487530206197542615e-01,6.835080106958989210e-02,-4.900933558337999124e-02,1.022672173662285272e-01,-2.706114444842025110e-02,8.845019351319809153e-02,1.033515200174363498e-02,0.000000000000000000e+00,8.538543407167846488e-02,-7.174903280334300748e-02,-7.272070746668719832e-02,9.741955553173908822e-02,5.212246879399267119e-01,1.723492415050739968e-01,5.468818263448453898e-01,1.857571963329926815e-02,-9.869131395898585180e-02,-1.948876294441172219e-01,-2.474276260021375864e-02,1.750640484514610906e-01,3.009892967512501349e-01,1.479727386476977213e-01,-7.282863465828846861e-02,7.280269548124555790e-02,3.104976067564323983e-01,2.628856761269095510e-01,-3.319499035135957121e-01
8.916254861687931965e-02,2.239870925013919545e-01,-3.547761030280514177e-02,-1.098581992031955057e-01,4.873038318343343440e-04,-7.529852624457178401e-02,-1.935215185791859804e-01,9.432090030507273015e-02,-3.277672025250035204e-01,-1.418423623503389519e-01,6.437196356247507079e-02,-1.728009744339540077e-01,-1.177839765411495404e-01,-9.364002256692764703e-02,-1.359343686886431979e-01,5.679700624239086837e-02,4.323105256661888274e-01,6.044260234543006455e-02,2.162861900582688790e-01,-7.631982286442401398e-02,1.927753666418186018e-01,8.614747184350636522e-02,2.596973975265396972e-01,-2.374062707608877998e-01,-1.205253291481284822e-01,1.732031072656345025e-02,-1.263360401258863397e-01,-1.866307897092986043e-02,1.137606587713706485e-01,4.054233382899665172e-01,-1.616204597636972384e-01,2.817995922868777106e-02,2.321726512753551630e-01,4.083591936814829348e-01,-7.871465034408282879e-02,-5.229624434951979373e-02,-1.680401182047330799e-01,2.430187882380399345e-01,1.918558283998461900e-01,-1.247340250843580606e-01,3.821998285854596999e-02,-7.658221204154304351e-02,6.849162372405866997e-04,-1.167491684779099620e-01,3.105419170433538767e-01,3.113731350458495140e-01,3.096019646978108442e-02,1.349266533045948291e-01,-2.882814789251432128e-02,1.490434635327986257e-01,2.468214361092125608e-01,2.781079259970382078e-01,-1.266314029166202559e-01,2.844871368633540912e-02,-1.025518066854805843e-01,1.243399235969759077e-02,3.496589597641119873e-02,-2.793751018022281318e-01,-1.980289704630463221e-01,1.920797207685189800e-01,-1.809883831326278558e-01,-1.011433550842486540e-01,2.208732841338570951e-01,-5.215197549450462794e-02,8.538543407167846488e-02,0.000000000000000000e+00,2.393741949839330585e-01,6.830825876753059411e-01,-9.176632965855612001e-02,2.594465926577331771e-01,2.395046077225612344e-02,3.499737626702359994e-01,-2.266016762203514612e-01,-8.205908351220639330e-02,3.441638827545076551e-01,1.308462901395505973e-01,7.323293618222931345e-02,3.349250966206339108e-01,5.187807191832438658e-01,-8.088566323219080478e-02,-4.743740378944153596e-02,2.240375604571770429e-01,4.870453109008791581e-01,-2.275822543563535694e-01
9.541427188998462261e-02,5.203023020847338809e-02,4.331832892532846979e-02,-1.280606471653470690e-01,5.186760728286457511e-02,-4.300355101918349604e-02,-6.005725959619596412e-03,1.987912575026001480e-02,-2.784677717159094248e-02,-1.430945223116099063e-01,4.519468386133948523e-01,-1.240629797614181268e-01,3.824213983754246038e-01,2.138874503384491366e-01,-4.285938461600922317e-02,-8.792444583725715634e-02,1.003239892125090266e-01,5.482177666926362214e-01,2.763151797420665967e-01,-7.457025499121432144e-02,-8.054481868147117529e-02,2.201091496240643527e-02,-9.679732546689905071e-02,-1.763252453699253597e-01,1.791151559411444660e-01,1.066551061851878229e-01,7.130930604898629011e-02,-2.050029941362984942e-01,1.460955111641212556e-01,1.072974931651885823e-02,8.799765602128310771e-02,1.561497961865241091e-01,4.799427841075138562e-02,7.414470331357049526e-02,1.057616678519633924e-01,-4.262729425528884869e-02,-6.509628163737547768e-03,1.155266888458760660e-01,7.988290266080548541e-02,3.083746425110043751e-02,1.008465521953698790e-01,1.707109103026700492e-01,-2.135461075655517224e-02,2.486626209413340602e-02,6.272300983643391836e-02,1.731736444603515224e-01,8.531053731283277930e-02,7.193644677605857962e-02,1.431916200409509565e-01,5.254586813440417781e-02,3.629741874835665238e-02,1.770079050110874297e-01,-1.090344820077182447e-01,1.593328293781112459e-01,-1.969167967695832286e-02,6.289754697517507820e-02,2.463026784431618932e-01,2.101015388508082130e-02,-1.295085668229253029e-01,6.127903280167931177e-01,-1.075936160279930137e-01,4.242861911817183418e-01,3.169991458342580892e-01,7.994193164836857490e-02,-7.174903280334300748e-02,2.393741949839330585e-01,0.000000000000000000e+00,5.041417607374053533e-01,-7.826228231353836440e-02,-6.279144571715118694e-02,1.084688702282426420e-01,-5.479086446728256843e-02,-8.616894174049072319e-02,1.072886928855441152e-01,3.757893238622319054e-01,2.458370036131754810e-01,-1.623965134908428865e-01,1.084319767976357624e-01,1.885465201000459112e-01,2.306242102786066617e-01,5.961456296643277697e-02,3.389364372217205240e-02,7.080658266247712163e-02,-2.639854055250406839e-02
1.340648545202013375e-01,1.837890548362639820e-01,3.047208743278886911e-02,-1.639843023383367460e-01,4.349710415343891606e-02,-9.318221614843551215e-02,-9.682109047243399325e-02,1.901135198533689466e-02,-1.709970006430762968e-01,-2.052038784717280795e-01,2.007023303284949101e-01,-1.811513689562594953e-01,2.316053915968929386e-02,1.623372014437069952e-02,-1.154084623557837391e-01,-9.106034060252730933e-02,3.601872123480867049e-01,2.003410512573692015e-01,3.488477300519470248e-01,-1.003483123990304565e-01,-5.444688273671108997e-02,8.620148855918401132e-02,-4.707112286759132340e-03,-2.026295510987460302e-01,6.089031995072488601e-02,9.152144529592654010e-02,3.563664464672473137e-02,-1.871448971605612910e-01,9.715825793140447919e-02,2.072792056559458196e-01,-6.716888263984634178e-02,1.188444800212569152e-01,1.373753458375443215e-01,2.692212225150874549e-01,2.631434118562591892e-02,1.393489037725588291e-02,-2.862208403564597478e-02,2.632884940876398239e-01,2.034264842304877308e-01,-5.840185107021872435e-02,6.431551320941931993e-02,6.010114640950877524e-02,5.235178107728418601e-02,-7.060130603942423597e-04,2.388798021758030410e-01,3.046527526875714154e-01,2.949447691530948656e-02,5.766752425616653022e-02,7.585287007603569442e-02,1.633139337195832208e-01,2.154600447648008510e-01,3.377866642147679399e-01,-1.467560575946271761e-01,2.545019764060290138e-02,-1.023924630161424099e-01,7.165868491545969443e-02,1.072631152773614316e-01,-1.255242482442119611e-01,-1.778353694734279011e-01,3.226393071192246720e-01,-1.936300099577185907e-01,7.274133636055145347e-02,3.730952542844307440e-01,-2.167403190821751494e-02,-7.272070746668719832e-02,6.830825876753058301e-01,5.041417607374053533e-01,0.000000000000000000e+00,-9.521070720979181445e-02,2.492772584975001034e-03,9.082526354017124437e-02,9.106105421428700719e-02,-1.531314742551128372e-01,8.135348922615200096e-02,4.892409492379627411e-01,2.906131834223913413e-01,-1.019228957107142230e-01,2.813110618379939809e-01,4.482206316902547782e-01,2.085147137397261406e-03,-1.092141576963668176e-01,1.429824612067289447e-01,2.974075625041898707e-01,-1.018591731113885485e-01
5.118735076039786919e-02,-1.818470729984672518e-01,-1.011269663461282359e-01,7.285396696528029237e-01,-6.509617960923487490e-02,2.279763657953422784e-01,-3.573812695826389385e-02,6.384174894528828019e-03,6.962674669153838536e-02,4.170785354085048691e-01,-5.630913856994152616e-02,6.261751269808536469e-01,-4.478536766345180692e-02,-9.235301589678446277e-03,8.621326947515241257e-02,1.054174082314571909e-01,-6.827713677362219624e-02,-7.312121913647157134e-02,-6.888567915066419467e-02,8.324657856024301195e-01,1.286907544115015456e-01,-1.048624383673644883e-01,1.066336240332669411e-01,3.679540804321990155e-02,-8.241869862561761184e-02,-2.278198782003994782e-01,-6.761875411161742677e-02,2.108554268318720004e-01,4.354392413859931033e-02,-1.093870605890355646e-01,4.774298255459069606e-02,8.109549171643998244e-03,5.499405825102068185e-02,-8.429278898930404884e-02,-1.093391886137711072e-01,-2.554495381397983711e-01,-2.095273760491696002e-01,-1.874030452658270729e-01,-1.651220644369032764e-01,-5.587202984327808292e-02,-2.661071615107701502e-02,-9.023362195695033838e-02,-2.410329060364258813e-01,-2.373439924976410431e-01,-1.766666053325134378e-01,-1.707474303389050763e-01,-5.772492884805979774e-02,-8.068822356309800214e-02,-1.364281594805459852e-01,3.043734300851620375e-02,-1.803140020927434251e-01,-1.312711724657927848e-01,7.283274483637516283e-01,-6.885931590143162806e-02,2.399112918610836476e-01,1.809533964711560264e-02,6.753183695419268107e-02,-3.008720482105543739e-03,5.048417106585921799e-01,-9.277444267349531370e-02,7.183099648862536490e-01,-4.711818703424554972e-02,3.578260374712257524e-02,2.080149388307528033e-02,9.741955553173908822e-02,-9.176632965855609225e-02,-7.826228231353836440e-02,-9.521070720979181445e-02,0.000000000000000000e+00,1.054414847629095986e-01,-1.520868523311827702e-01,1.215454972150944030e-01,1.215266010330167123e-01,-1.048391310362946777e-01,-2.235744214430093468e-01,-1.235262521091910620e-01,2.281357058279359917e-01,2.818337883463492913e-02,-1.365524546612733037e-01,9.665511188824691888e-03,2.825843679649931925e-02,7.788061618307486056e-02,-7.614449379486694369e-02,-1.654833691244877170e-01
7.681594560418696094e-02,1.272045605722825316e-02,-2.821663333730736190e-01,1.414045770118795009e-01,-1.718558960600231542e-02,1.981559565457688757e-02,-3.042393205156716518e-01,-2.147568637045156603e-02,-2.608450569221827386e-01,1.730148028740610411e-01,-7.710289100322005422e-03,4.403611853342123683e-02,-5.383841502805463558e-02,-1.098814575263756810e-01,-5.946612521414251784e-02,4.768808965340696759e-01,2.470307666305812666e-02,-7.095978637399220912e-02,-1.122427900756471503e-01,1.074381075236711114e-01,7.901932766436227107e-01,5.241454615192719935e-02,6.280822057979441597e-01,-2.366825225703709512e-01,-1.376393513117879219e-01,-3.121648334014572312e-01,-2.021134241207343807e-01,9.565382949517430011e-02,2.468672329571991730e-01,2.840048105691863056e-01,-6.957786835517622281e-02,6.610064139647074677e-02,3.460530620762041765e-01,3.247006509514419048e-01,-3.427124115578981667e-01,-3.327010690323132791e-01,-3.192249572580310724e-01,-5.457025080883579765e-02,-1.171681134576739586e-01,-3.762217692391725543e-02,1.143094734789976696e-01,-7.655058863672661862e-02,-3.048216086451058793e-01,-3.533702173798925483e-01,-3.537710856834182932e-02,-1.089343816405504289e-01,3.559044500125448096e-02,8.318252482949579918e-02,-1.505929582391470622e-01,1.276646201378715817e-01,-2.225972036111323327e-02,-1.923575722657607512e-01,1.372755578562332712e-01,2.002731692522463289e-02,1.154284292245935095e-01,-1.235528781080379307e-01,1.175585097840958076e-01,-3.761190835915422803e-01,1.203368039578802673e-01,-1.622449749791321158e-02,7.054355473927227671e-02,-6.759781438028610034e-02,1.129691063174740190e-01,8.103968041851337956e-03,5.212246879399267119e-01,2.594465926577331771e-01,-6.279144571715118694e-02,2.492772584975005371e-03,1.054414847629095986e-01,0.000000000000000000e+00,-1.351898789748297858e-01,8.233759945984453488e-01,-2.208541080468160722e-01,-1.620247095595873099e-01,-2.276508322403194839e-01,-1.703622832893375849e-01,3.402640563257132711e-01,4.635573208263635281e-01,2.554153407857628899e-01,-3.246457426742364177e-02,6.056642673763403678e-02,4.486696362865916776e-01,4.142059712529496118e-01,-3.906727294671013540e-01
-5.594999536360273362e-02,3.395588563805775895e-01,-2.463234584686179243e-02,-9.513038580958732560e-02,-2.570315733919469395e-02,-1.534790971658755721e-01,1.373130747763050830e-01,-6.465038341123992283e-02,3.628549886085379317e-01,-2.646448615240581392e-01,6.801487094947740453e-02,-2.178637230311378514e-01,1.490357386193691125e-01,3.238360328124600257e-02,4.618592583164570636e-02,8.553306414294682691e-02,-6.473554756266254595e-02,1.039656123595997760e-02,-2.662779822624646367e-02,-1.703421274077356606e-01,-1.453439365451541787e-01,7.321547151076629456e-01,-1.565976736262372215e-01,3.309029461850611087e-01,2.937419409055356811e-01,1.417575765918973330e-01,1.857809459871264668e-01,-1.734179479474885488e-01,-1.110922259051207173e-02,6.221149513609697257e-02,5.000536795301183807e-02,-2.842111959346269034e-02,1.182376996241887857e-01,1.349626148718758301e-01,4.022197570764438762e-02,1.449546028208910931e-01,-3.247856609236666331e-02,1.025319900400069595e-01,1.148712031435813047e-01,3.680213728371752729e-02,2.702903241141521237e-02,8.037770474712513380e-02,1.834985188597002548e-01,4.220444165850283438e-03,1.135524168059556110e-01,1.336896394948696720e-01,7.611826748978085810e-02,7.588861335644947470e-02,9.515588289733867278e-02,-6.961015601905849726e-02,4.205671493546551676e-01,1.117404083954044031e-01,-4.676710021293411373e-02,5.283614217986260658e-02,-1.694007163410882477e-01,3.152588039600891928e-02,-1.238981816594870722e-01,4.978943968978188916e-01,-2.587805133636931210e-01,1.177682190103324228e-01,-1.591282113147803601e-01,1.832104133081064179e-01,1.307990924102157317e-02,7.198798707105605321e-02,1.723492415050739968e-01,2.395046077225611650e-02,1.084688702282426281e-01,9.082526354017124437e-02,-1.520868523311827702e-01,-1.351898789748298135e-01,0.000000000000000000e+00,-1.274019935427836980e-01,3.864394715759141286e-01,2.774618697565443548e-01,1.762189810070018681e-01,3.506056152886001809e-01,-1.502365716978512900e-01,4.313143483113331816e-02,2.009221995506378089e-01,3.511475923558848161e-02,4.513093622149706025e-03,8.035382912671856781e-02,1.471136106009864053e-01,-3.179791361507165737e-02
9.373389478619277571e-02,1.140139799466021418e-02,-1.975999864642013215e-01,1.476947745328492656e-01,-5.335084443076940075e-02,8.128672025767164641e-04,-2.932463813502437233e-01,-7.240703744179093071e-02,-2.789445787577080615e-01,1.362954686371427582e-01,-4.793303759480577880e-02,5.759911863769962004e-02,-9.484921023566994513e-02,-1.396518543377320565e-01,-7.843795875003146956e-02,4.784825653129144984e-01,8.354327055101172517e-02,-8.176334929533568552e-02,-6.110316532270922835e-02,1.265981996273218002e-01,6.868100176202034390e-01,5.388544062198343670e-02,7.052718836850268014e-01,-3.032686770769253415e-01,-1.582461762434813901e-01,-2.794113458618556756e-01,-1.324826060583391418e-01,4.846662111401865008e-02,2.300698205469181579e-01,2.236292390100083349e-01,-1.187282556593140387e-01,3.950694879386651426e-02,3.118119442786535522e-01,3.059829029361555430e-01,-3.322386247929183800e-01,-2.707719435744688208e-01,-2.634879980662420684e-01,2.339971739972891707e-03,-9.485774129550920974e-02,-9.675124861155304234e-02,9.046574685058493548e-02,-8.949649138581737551e-02,-2.400195442345219587e-01,-2.990554340430175984e-01,2.650758823799872002e-02,-5.540205981053827194e-02,1.165553844654914316e-02,6.906379563896097862e-02,-1.476213840292284751e-01,1.699042064773524097e-01,-1.774805964652010834e-02,-5.428467219853547188e-02,1.434370533806597903e-01,-3.841667909662848518e-02,6.767458742010883099e-02,-1.411633541289857852e-01,5.924310665849021745e-02,-3.775079388041733264e-01,8.804188736518241132e-02,-4.112042870932692412e-02,9.887740453958084041e-02,-9.807278308883622675e-02,1.099310575378470850e-01,-4.052073862943176424e-02,5.468818263448453898e-01,3.499737626702359994e-01,-5.479086446728257537e-02,9.106105421428702107e-02,1.215454972150944307e-01,8.233759945984453488e-01,-1.274019935427836980e-01,0.000000000000000000e+00,-2.557452564704298936e-01,-1.860555074877778547e-01,-1.534103337942372414e-01,-5.676970114788257304e-02,2.548186899419040974e-01,4.184544873807070631e-01,2.333588860298677903e-01,-8.554964381722629518e-02,3.037525313964818327e-02,4.119501366191514191e-01,3.734705109679013479e-01,-3.927962431533952858e-01
-4.513908371271228154e-02,1.007671099368280705e-02,4.899085204269227473e-03,2.427497760164402385e-01,-3.672742886930699391e-02,-5.810273660136314883e-02,3.409415623950161067e-01,-7.765844532336270423e-02,6.014635694352619133e-01,-1.124478621731432176e-01,-2.014442934526646314e-02,3.025977502214144410e-02,1.294056441628992360e-01,6.720039067041622127e-02,2.223340628942698238e-01,-1.924104603164969798e-02,-2.548406965749068220e-01,-1.613384405085442619e-01,-2.409898773732785104e-01,8.069780637485518549e-02,-2.011235101069272779e-01,2.409540181247689095e-01,-2.866992594845187425e-01,8.060478349052111469e-01,1.676621312876794556e-01,-4.518705642563116548e-02,6.355159858711907639e-02,1.192974874663445400e-01,-3.330864721499422754e-02,-1.780162576692597420e-01,1.402550999293065148e-01,-2.364654821113600439e-02,-4.715847366601379903e-02,-1.585336100161304496e-01,-4.187686829394641759e-04,-6.904852852156914689e-02,-1.631009087892325571e-01,-1.476758541992722051e-01,-7.106525335048892444e-02,8.436455430924849619e-02,-3.135126201181003686e-02,3.149278084235193620e-03,-6.123056045275169883e-03,-1.401491183349180825e-01,-1.314271113283745629e-01,-8.557344091878793524e-02,4.001897940223850259e-02,-8.439113849437086812e-02,-4.786362778722574873e-02,-1.144533725217722481e-01,3.487610823144491473e-02,1.525624284272907027e-01,3.560941089740727317e-01,4.098311269515912507e-03,-1.015140843814351795e-01,3.531394631985711463e-01,-9.151545469029111202e-02,6.503171980276407638e-01,-1.278906016179577609e-01,-3.380053197095227169e-02,9.817208746086643345e-02,1.458506791231926891e-01,7.874584283492482017e-02,1.275406476338621919e-01,1.857571963329926815e-02,-2.266016762203514612e-01,-8.616894174049072319e-02,-1.531314742551128372e-01,1.215266010330167123e-01,-2.208541080468160722e-01,3.864394715759141286e-01,-2.557452564704298936e-01,0.000000000000000000e+00,1.331659463943228316e-01,4.311261065917767338e-02,1.833311110334423510e-01,1.092111025036290872e-01,-1.245368723367212410e-01,8.529277615108360466e-02,8.575349663376446996e-02,2.455600850379314679e-02,-8.022077350816426977e-02,-1.703583958817025124e-01,-6.849439925928474393e-02
-7.919340835863443451e-02,3.936593452433381768e-01,-7.017762621855858085e-02,-8.675875266319189871e-02,-1.039548573108628427e-03,-1.388844092915174633e-01,2.422240382211865439e-02,-1.975001676901666503e-01,2.083490053791350050e-01,-1.245712462469946019e-01,2.374492355408932553e-01,-1.329675325744577863e-01,3.877318971660566049e-01,4.397930573384387087e-02,9.269555186393241275e-02,-1.321478212357714288e-01,-1.024422697449526992e-01,6.375104695521986720e-02,4.271656842471835414e-02,-9.140499553288435053e-02,-1.600674865283238935e-01,1.470031919090827588e-01,-2.023956679251841528e-01,7.524011180598513815e-02,7.792147650270280224e-01,6.922907272040461357e-02,2.923797357102278505e-01,-2.753396372334367959e-01,7.240805627852296700e-02,-1.818144376504882975e-01,1.256336524964281054e-01,-4.583084282716694963e-02,5.340114296882794709e-02,1.262316523917385858e-01,-1.713204447793781338e-02,7.469446907001291158e-02,2.206625347622447053e-01,1.620887392085526013e-01,1.711380815356177976e-01,7.925653782246365464e-02,7.147340325860442045e-02,3.480203257656416249e-01,8.967262580257484572e-02,2.181570867933821656e-01,1.215312120246890143e-01,9.624450752925706176e-02,1.412960521184765950e-01,1.348054748851394147e-01,3.352361832677203668e-01,-2.728162806357795067e-02,4.458504717437613007e-01,-8.415179895615652883e-03,-4.788822009545168346e-02,1.691352236212620430e-02,-1.057275846652080409e-01,-6.461163663194013917e-02,-6.694895871667423670e-02,2.131100893490270043e-01,-1.085202329730754894e-01,2.954482659505845432e-01,-1.228370414846975400e-01,4.832218904228971490e-01,2.713910850031675537e-02,1.022093356368682926e-01,-9.869131395898585180e-02,-8.205908351220637942e-02,1.072886928855441152e-01,8.135348922615198708e-02,-1.048391310362946777e-01,-1.620247095595873377e-01,2.774618697565444658e-01,-1.860555074877778547e-01,1.331659463943228594e-01,0.000000000000000000e+00,1.162593671279388841e-01,4.230611009782778154e-01,-2.401314555757544100e-01,9.431382172506030948e-02,-4.060366500914276006e-02,9.648788534324538591e-02,7.790710349850969718e-02,1.025191685811183140e-01,1.571386800284090002e-01,-7.923325930795528660e-02
-1.043972383037313351e-01,1.044524526656328001e-01,7.158565426812635302e-02,-2.138202189072534176e-01,-2.673907992516968632e-02,-1.315572625261405004e-01,-2.117136088190696083e-02,-5.562127476553491850e-02,-1.006192654058154640e-01,-2.615874294343108475e-01,1.000416781176686198e-01,-2.248540663742263357e-01,-1.890759228659573063e-02,-1.161196619185600881e-01,-1.255042314103068379e-01,-2.504976444949463810e-01,5.017624285141625978e-02,5.372176206233322121e-02,3.648818551139625804e-02,-2.269383597201612701e-01,-2.770181720503587797e-01,1.281353230127805880e-02,-2.575975352445192823e-01,-3.387262227047619506e-02,5.189303233877431282e-02,4.048994628490856229e-01,1.365675812538917622e-02,-1.877108798514786347e-01,-1.586561529623006228e-01,5.440060965486359645e-02,-2.513867811409525518e-02,-4.432585964902061720e-02,-5.451001325473361914e-02,7.219424833022783893e-03,2.211571462404592070e-01,2.216902705733236889e-02,4.968066923663810863e-02,1.430850077115380092e-01,1.256736011536256081e-01,-1.417033082392790966e-01,-1.009795743479486307e-01,5.634943755951913463e-02,1.141554862052819308e-01,1.439097266069472025e-01,1.699723823433906267e-01,2.264135491195967964e-01,-1.218473306900321185e-01,-7.081504899630698679e-02,1.605938169446713693e-01,-3.843326223302807182e-02,1.405754901770418230e-01,6.122664455795552296e-01,-1.928671629975048374e-01,-3.387953025747197228e-02,-1.865513051949055645e-01,2.765934556836074920e-01,2.157690254800346055e-02,1.810359888642014067e-02,-2.386621154719610061e-01,2.712684148413784246e-01,-2.647218734785541372e-01,9.155602074793633971e-02,1.784806628010927321e-01,-9.190264681243305589e-02,-1.948876294441172219e-01,3.441638827545076551e-01,3.757893238622319054e-01,4.892409492379627411e-01,-2.235744214430093468e-01,-2.276508322403194562e-01,1.762189810070018681e-01,-1.534103337942372136e-01,4.311261065917767338e-02,1.162593671279388841e-01,0.000000000000000000e+00,4.130277162064771024e-01,-6.010127597923980991e-02,-3.825243691440517041e-02,3.712210108460853863e-01,1.590789010887320998e-01,-1.250300038717735429e-01,-1.226323828870850563e-01,3.749051668703549250e-02,-3.178480306348560602e-02
5.016797562579013853e-02,3.583403842791045846e-01,2.012915641272958744e-01,-1.424420454460263719e-01,-3.727932933256431630e-02,-2.229918907255625804e-01,1.937920966827634262e-01,-2.560416013217807207e-01,2.484867619694514917e-01,-2.412074924352796967e-01,1.247612947107713116e-01,-2.053085278700992056e-01,2.549769969930347213e-01,1.671222242377938816e-01,4.304040493494557668e-02,-7.660732356002784849e-02,1.020130645365331136e-02,1.095236173346379044e-01,1.457305590100137216e-01,-1.087832371390333730e-01,-1.758404774085138289e-01,2.064723215037138626e-01,-1.096628548433024597e-01,2.828810254014051118e-02,4.342992105131944780e-01,2.480469094744788272e-01,6.422157129981945767e-01,-4.446805424723987432e-01,1.390251869561848486e-01,-7.082996275622636950e-02,1.841202529575224622e-01,2.479332876431877830e-02,8.516619729191798882e-02,1.385121873848972340e-01,5.010628248630930731e-02,1.040555120152113905e-01,9.329661199643955738e-02,2.785015537587669510e-01,2.763663735368110941e-01,3.101498759520872339e-02,9.822867161216181087e-02,1.279654695655258745e-01,1.289173718070760200e-01,1.402099843391504674e-01,2.585204559121012102e-01,2.568487976192800892e-01,1.093730726722306756e-01,9.791368377515703714e-02,1.925871668141267146e-01,9.703780565054875851e-02,3.784196860473286184e-01,3.886990131525185355e-01,-7.091266713404253963e-02,2.225445818925806882e-02,-1.857038721188988550e-01,4.920646920862107448e-02,-1.255729501231145351e-01,2.821385178431801144e-01,-2.698121793653658340e-01,1.971792331506127816e-01,-2.048446853030892745e-01,2.955063548950528363e-01,1.538320361411559811e-01,6.138062701589958037e-02,-2.474276260021376558e-02,1.308462901395505973e-01,2.458370036131754810e-01,2.906131834223913413e-01,-1.235262521091910620e-01,-1.703622832893375849e-01,3.506056152886001809e-01,-5.676970114788257304e-02,1.833311110334423510e-01,4.230611009782778154e-01,4.130277162064772134e-01,0.000000000000000000e+00,-3.689969229830862285e-01,8.514322198331686353e-02,2.279589436638469468e-01,1.502303746986031752e-01,7.966551842227220792e-02,7.632812510540293305e-02,1.333150679014609430e-01,-9.370076930904024104e-02
-1.675888139582452363e-01,-1.728776568549081627e-01,-3.106034311551332805e-01,3.141709852896779620e-01,-7.094785983345049118e-02,2.052405932498599650e-01,-2.208491784184068718e-01,6.164714700764733352e-02,-2.692411398621658569e-01,3.189157143791860882e-01,-1.726871684350719527e-01,2.088837515730304073e-01,-2.778223356919145570e-01,-3.176976087448200592e-01,-5.709967358132814197e-02,1.320356558220047161e-01,-1.629191847245666513e-01,-2.731037006347178941e-01,-2.852432149996153576e-01,1.686061913035746540e-01,2.418748472077622280e-01,-6.221794786360426016e-02,1.607302716168522994e-01,1.010112266909132250e-01,-2.837019874791651408e-01,-3.014183735927757901e-01,-4.955044904657576743e-01,6.197535113608455548e-01,-1.705227180985087465e-01,1.208874522377954008e-01,-2.089178239838196116e-01,-9.348040515995799382e-02,-5.317797060571049367e-02,-8.401747006779873572e-02,-1.619752030146131838e-01,-3.720239446045279785e-01,-3.292816260803531625e-01,-2.861064121717389330e-01,-2.922212744960232533e-01,-2.111123187334556228e-01,-1.684361317964223614e-01,-1.694272204646150859e-01,-2.744254517272044502e-01,-3.003286009464273820e-01,-1.897118207245395427e-01,-2.313819469506202264e-01,-1.991338786426624374e-01,-1.416265745539099785e-01,-1.891864467501301050e-01,-5.701802900801151291e-02,-1.548584622145110223e-01,-1.120228163324465953e-03,2.978540093613357143e-01,-1.187388931044602858e-01,1.680465966164286507e-01,3.201679608408450339e-01,1.565631985279451743e-01,-2.523502893139241698e-01,2.772287296496969144e-01,-1.129219813260751160e-01,2.078815607880822591e-01,-2.245329169282319348e-01,2.545115616950016646e-02,-7.438364590116816610e-02,1.750640484514611461e-01,7.323293618222929957e-02,-1.623965134908428587e-01,-1.019228957107142230e-01,2.281357058279359917e-01,3.402640563257131601e-01,-1.502365716978512900e-01,2.548186899419040974e-01,1.092111025036290872e-01,-2.401314555757544100e-01,-6.010127597923981685e-02,-3.689969229830862285e-01,0.000000000000000000e+00,-4.799656220749315416e-02,1.236788591713296331e-01,-1.254132085843532307e-01,-8.805570130687478958e-02,-5.061383706702796137e-02,-2.221831694489877565e-02,-2.961640695655241018e-01
2.951672467983956771e-01,1.939869229375752180e-01,-2.305301817056965852e-01,5.994822575928800829e-02,4.957691845378825457e-02,-3.560482799749862485e-03,-1.980199339027709782e-01,-3.445889199466973390e-02,-1.274719773613391116e-01,5.960696604906427082e-02,1.487144454644112601e-01,9.890543749622806441e-03,1.255628846305285040e-01,1.131732847242183926e-01,5.719676831202900706e-03,2.643450649329304736e-01,1.198115131512749593e-01,6.697661822719358504e-02,7.776736827954591758e-02,6.455781228596625676e-02,4.156945284645519600e-01,1.535553787538334880e-01,3.495596839623898444e-01,-1.930942056475274116e-01,1.090221859235137730e-01,-1.980334399284582603e-01,-2.938590301176133290e-02,-2.028744077630574016e-01,5.907400965014019123e-01,2.137260557397836214e-01,3.446515062473320956e-02,1.743391600177572054e-01,5.570400624170087633e-01,4.857135864668634118e-01,-2.411795875361122665e-01,-2.607914108563068045e-01,-2.259858408775938798e-01,1.289815128195589133e-01,4.882536061304712516e-02,8.913992077888087395e-02,2.485577703129967231e-01,7.702850281186529591e-02,-2.427723514487776235e-01,-2.490410647200942407e-01,1.087939848074080534e-01,4.075064221156411010e-02,2.449286637294829927e-01,2.486110925609247568e-01,-1.264293929116037767e-02,4.359591457120963742e-01,1.986105237492594433e-01,-1.307924489709572646e-01,7.283896356729412103e-02,1.061945564497447370e-01,9.752388280800100562e-02,-1.427993983922567767e-01,1.413932003040513641e-01,-1.918383692239853666e-01,4.166227863806041404e-02,1.760536667130712385e-01,4.150555307778626586e-03,1.193150365064991753e-01,4.149867286394832155e-01,1.595015292549615271e-01,3.009892967512501349e-01,3.349250966206338553e-01,1.084319767976357624e-01,2.813110618379939809e-01,2.818337883463492219e-02,4.635573208263634726e-01,4.313143483113331816e-02,4.184544873807070631e-01,-1.245368723367212410e-01,9.431382172506030948e-02,-3.825243691440517041e-02,8.514322198331686353e-02,-4.799656220749315416e-02,0.000000000000000000e+00,3.562367100130972020e-01,4.644250710637468776e-02,1.733001338341680631e-01,6.469718100666145277e-01,5.988929763330903544e-01,-2.986015663282120536e-01
1.429744099902016119e-01,1.608319204845702621e-01,-1.653235043284569938e-01,-9.518131172066561507e-02,-1.571604517950634869e-02,-9.391098393383202902e-02,-6.176149723321502222e-02,8.757459538327806367e-03,-1.829576875185044971e-01,-1.317697539875135326e-01,-8.154818941279694255e-03,-2.096004872520925988e-01,-8.548918184172550616e-02,-5.018855058260852237e-02,-1.017180622751646252e-01,9.460676994592392974e-02,7.039180226424578135e-02,-8.544345357906353577e-02,-5.463533845164125768e-02,-1.293744212649376724e-01,1.421594484392996460e-01,2.193999544952036362e-01,9.338843958884184004e-02,-2.157481504787013907e-02,-7.261284829393815921e-02,-4.624218733171044787e-02,-1.523818931482626982e-01,-1.019220383488506770e-01,1.750796463498773825e-01,4.576125143347738455e-01,-8.178293365600931841e-02,3.225099979007085144e-02,2.429315909661794726e-01,2.909507131827255844e-01,-5.000787897484906125e-02,-1.581476334240930481e-01,-2.610788028709706832e-01,1.261428148564073259e-01,8.994113517914588407e-02,-1.244657536300758927e-01,2.548387394212799431e-02,-7.219118604594630673e-02,-5.833362421190053243e-02,-2.066615730748087021e-01,1.691916189560910555e-01,1.676014108511406642e-01,-2.678492438419410870e-02,5.259437172282038775e-02,-5.288531830748510743e-02,2.049268713572840461e-01,2.086960183933674051e-01,3.201493195193205743e-01,-7.227145044901078785e-02,1.746497401303080330e-02,-1.024532213021353416e-01,2.403672310630530218e-01,1.055658961262553736e-01,-1.173277134122432397e-01,-2.018230201561088677e-01,1.155200654485461359e-01,-2.287202477046453020e-01,-4.892023907923664927e-02,4.348188719113999512e-01,-2.623451324338040361e-02,1.479727386476977491e-01,5.187807191832438658e-01,1.885465201000459112e-01,4.482206316902547782e-01,-1.365524546612733037e-01,2.554153407857628899e-01,2.009221995506378089e-01,2.333588860298677625e-01,8.529277615108359079e-02,-4.060366500914275312e-02,3.712210108460853863e-01,2.279589436638469468e-01,1.236788591713296331e-01,3.562367100130972020e-01,0.000000000000000000e+00,2.058203471837385598e-02,4.207995843518519408e-02,1.985292924390908154e-01,3.548160754170464060e-01,-2.643840988516535373e-01
1.705720666570702260e-02,-8.947155895290274941e-02,-4.509369495088749735e-02,3.165472672918582392e-02,9.408517330184411331e-02,3.218854110471898455e-02,9.788972997617144400e-02,5.274081865257031904e-02,1.411018454004522860e-01,9.200143418742007251e-03,3.455427147170324065e-01,-2.473453228697498896e-02,4.093947736491496681e-01,1.660205863789906144e-01,6.807681640951133983e-02,-6.804832755605740024e-02,-7.807176342281783865e-02,2.207987404062004833e-01,-1.375249965252303697e-04,3.407317636309392661e-02,-7.455109476750983004e-03,-2.560016985035789075e-02,-9.027453301064074231e-02,1.521389461093754399e-02,1.536546924491005439e-01,1.006655307758592827e-01,8.499895393164630386e-02,-1.439042494456582166e-01,1.067875546900141775e-01,-7.539830260348176494e-02,5.640456733517895671e-01,1.793763066884087598e-01,2.626829302301560143e-02,-2.390086096140391081e-02,7.252517379776922402e-02,-1.542888298540075476e-01,-1.237891627978034842e-01,-3.971189719842928983e-02,-1.424017242371487628e-02,1.786928239761897963e-01,1.755445264339375588e-01,1.810421575406056804e-01,-1.319318883522069552e-01,-7.642793363696211151e-02,-7.306031165038213981e-02,-3.275223140024029981e-03,1.509429298374302120e-01,1.067709782425900755e-01,9.731802584803762868e-02,-1.504362134909409225e-02,-7.346001288582043598e-02,-7.601313502696104528e-03,5.545470051297191061e-02,1.745253063045117126e-01,3.669142118678948156e-02,7.875262911980444869e-02,1.471526889654491133e-01,1.238788743254354840e-01,-1.835086686835933276e-02,3.652726304221736719e-01,-2.498826961750859332e-02,4.371267458401799644e-01,1.449867970578356535e-01,1.451730352375114885e-01,-7.282863465828845473e-02,-8.088566323219080478e-02,2.306242102786066062e-01,2.085147137397267477e-03,9.665511188824686684e-03,-3.246457426742364871e-02,3.511475923558849549e-02,-8.554964381722629518e-02,8.575349663376446996e-02,9.648788534324541366e-02,1.590789010887320998e-01,1.502303746986032029e-01,-1.254132085843532307e-01,4.644250710637468776e-02,2.058203471837384904e-02,0.000000000000000000e+00,2.307529452294573014e-01,2.051959221102478761e-02,-2.294533439975669428e-02,-3.120818437667559342e-02
1.063082607941016750e-01,-1.223230876088781229e-03,-9.534367517615928433e-02,9.531820175020204455e-02,8.546067624398101525e-02,1.120737242889185553e-01,1.647071949449741696e-02,3.764114360687400435e-02,5.885751978632918630e-02,1.158713435097327299e-01,9.899909003618795333e-02,6.197169946248001077e-02,2.410655644520212915e-01,1.948400226487662090e-01,1.243663666234211679e-01,6.767336287503865344e-02,-3.568923850310381368e-02,5.633728222288215265e-02,3.968850798222203075e-02,8.021214382507239893e-02,1.327054759333902989e-01,3.844807101720051218e-02,8.116920137810008928e-02,-1.224073433406833167e-02,1.092550966480355656e-01,-8.821830090197796403e-02,4.191126919340965040e-02,-7.926197908233796607e-02,3.263428577273155828e-01,-6.821959440318052688e-03,2.231724074837770633e-01,1.847270772523935956e-01,1.248439335374631615e-01,1.568809253336606868e-01,-3.408131171183550329e-02,-1.844262347498466514e-01,-1.664348570181892750e-01,-3.363921286524990811e-02,3.691503222228682823e-02,1.651661296898360165e-01,2.269328679587859776e-01,3.874709057347933139e-02,-1.757154469804034225e-01,-1.537653354899741198e-01,-2.481602180451751571e-02,-6.107360456150549149e-02,2.052557340192146251e-01,2.606720767720599463e-01,6.976258960628255179e-02,1.151100729927398425e-01,-1.404539023855748414e-02,-1.366873872667587753e-01,7.126139239047639407e-02,3.435325950381775684e-01,1.718953370919927837e-01,-1.736474680076087809e-02,2.154859791770855904e-01,1.647337861140965934e-02,2.787979477354946348e-02,1.951263650588529186e-01,2.298849250404005895e-02,2.173828706646851738e-01,1.656630385065677447e-01,1.393282116932399728e-01,7.280269548124555790e-02,-4.743740378944153596e-02,5.961456296643275615e-02,-1.092141576963668176e-01,2.825843679649931925e-02,6.056642673763403678e-02,4.513093622149706025e-03,3.037525313964816939e-02,2.455600850379315025e-02,7.790710349850969718e-02,-1.250300038717735429e-01,7.966551842227220792e-02,-8.805570130687478958e-02,1.733001338341680075e-01,4.207995843518518714e-02,2.307529452294573014e-01,0.000000000000000000e+00,1.047841108362225632e-01,1.150360480369143068e-01,-1.482220305828281515e-01
1.594318211210939973e-01,1.938953789838831210e-01,-1.355722225567495276e-01,6.506499484981419223e-02,2.958075027233679141e-02,-2.138036510456658990e-02,-8.324546033242653797e-02,-3.973854164844806830e-02,-2.960557721561953015e-02,2.310452266292308335e-02,9.653946061764455411e-02,-1.129108433456465187e-02,4.807670726456129279e-02,6.789556696955253989e-02,6.478239670262374295e-02,2.816471306943856279e-01,1.462878502235008260e-01,5.000276722481180464e-02,9.588917544434716334e-02,7.502293354047155638e-02,4.283470627598528480e-01,1.790941613681195921e-01,3.483371806725905628e-01,-1.222313325743831641e-01,8.934891733337275987e-02,-1.370088601180027843e-01,3.645806080793298487e-02,-1.437151453866181983e-01,3.930717457551085592e-01,1.852595360849049744e-01,2.567466307655347224e-02,7.665001072993420095e-02,6.301244596862506375e-01,4.670930227881047725e-01,-2.366963593527184051e-01,-1.402531108750718347e-01,-1.933647903789348088e-01,1.433897436113995560e-01,9.158957729881089804e-02,6.180470154099779873e-02,1.473218303098861315e-01,-1.701473361056090802e-02,-1.399030225562086782e-01,-2.327293028897520488e-01,1.503134974002913182e-01,5.673519935679594700e-02,1.479059910718273918e-01,1.395065331723170932e-01,-3.848153154837658657e-02,1.957460783614642652e-01,1.869155646327060882e-01,-1.513021983475850429e-01,9.617866270582757504e-02,1.052107108335968988e-01,3.748377602569598344e-02,-1.568091611029189258e-01,1.966286570395928482e-02,-1.244945207457696518e-01,-5.185972681559819497e-03,8.013368495501067834e-02,2.217420308239034452e-02,4.934712319403238706e-02,1.480299272530136157e-01,1.105236168803063052e-01,3.104976067564323983e-01,2.240375604571770429e-01,3.389364372217205934e-02,1.429824612067289447e-01,7.788061618307488831e-02,4.486696362865916776e-01,8.035382912671856781e-02,4.119501366191514191e-01,-8.022077350816426977e-02,1.025191685811183140e-01,-1.226323828870850563e-01,7.632812510540293305e-02,-5.061383706702795443e-02,6.469718100666147498e-01,1.985292924390908154e-01,2.051959221102478761e-02,1.047841108362225632e-01,0.000000000000000000e+00,5.595878839091300572e-01,-2.161961675839154939e-01
4.541537060575439461e-02,4.132151430421715510e-01,-2.048203837710081965e-01,-6.161435385016517108e-02,8.673599274744110688e-02,-5.301753913302065246e-02,-2.266122640206448269e-01,-1.596257103864858959e-02,-1.749107897712952886e-01,-5.679783635376354362e-02,1.168036687448606586e-01,-1.526724048414634660e-01,3.337398384434263343e-02,-3.226709106589819437e-02,2.887112135487751585e-02,2.259291666026163325e-01,2.467049581309346262e-01,4.032775200643135688e-02,1.367296936251206352e-01,-5.890458407040214533e-02,3.573737580946663162e-01,2.368848081680882955e-01,3.391533027581661308e-01,-1.732763277375583277e-01,1.301747774566510141e-01,-5.780585675469882001e-02,-1.635031694440447839e-02,-1.537814199809321714e-01,3.484009395392903552e-01,3.395015891137831976e-01,-5.085610767942538857e-02,7.357159223463621833e-02,4.680173309761571088e-01,6.488577543862504848e-01,-1.514718336063588799e-01,-6.451227901597024472e-02,-1.899104921837187765e-01,3.605420824189000117e-01,2.779955975189052353e-01,4.353499459545737138e-02,2.310958601314227756e-01,3.124746738681298888e-02,-4.430792470298192121e-02,-1.537926940260948283e-01,4.626507961411072678e-01,2.955131846913900961e-01,2.589084696604572744e-01,4.508271120406091570e-01,1.098569868879944594e-01,1.377403643692912960e-01,4.406881629853742766e-01,-9.676503009549351775e-02,-6.323911673772064646e-02,1.455214045833161940e-01,-1.697354229392364355e-04,-2.154255784642234717e-01,4.853176994627217129e-04,-2.078846466122869219e-01,-1.343411599438526227e-01,2.333681289690509308e-01,-1.148168875711754050e-01,3.073747815680747189e-02,1.023214177792614032e-01,1.325489166909436800e-01,2.628856761269095510e-01,4.870453109008791581e-01,7.080658266247712163e-02,2.974075625041898707e-01,-7.614449379486694369e-02,4.142059712529497228e-01,1.471136106009864053e-01,3.734705109679013479e-01,-1.703583958817025401e-01,1.571386800284090002e-01,3.749051668703548557e-02,1.333150679014609430e-01,-2.221831694489877565e-02,5.988929763330904654e-01,3.548160754170464060e-01,-2.294533439975669428e-02,1.150360480369143068e-01,5.595878839091300572e-01,0.000000000000000000e+00,-2.554141614631849633e-01
-4.073368241763437869e-02,-8.030106854976436226e-02,2.176799093696761556e-01,-2.164187556932844758e-01,1.139794599973800032e-01,1.597939563008135902e-02,1.340103121238381267e-01,1.379996455379454146e-01,1.163706071424413929e-01,-2.048583825220717802e-01,-2.195150864711381197e-02,-3.521573872144520556e-02,-6.878978252233079738e-02,1.440767181638080985e-01,5.164739441584186713e-02,-2.606056314061777623e-01,2.059119492189977890e-02,1.119519049849433262e-01,1.028598019997082752e-01,-1.498022079635603632e-01,-3.658197699526821167e-01,-8.759835883366373643e-02,-2.991441488059715659e-01,4.359898504364920907e-02,-6.721627675759338227e-02,2.259745896273673837e-01,1.378264975785104818e-01,-1.067513544124865793e-01,-2.027278752211291446e-01,-1.265367651893374024e-01,1.976136677501745889e-02,6.781499433361305729e-02,-2.212284416293461564e-01,-2.229731371904871418e-01,6.162828965339509635e-01,2.816481310594523002e-01,1.758272646158650920e-01,8.824788195787124090e-02,1.222598922324440868e-01,1.214043204002258763e-01,-2.270314932085091067e-02,-2.232409154368039661e-02,1.806884926817682591e-01,1.760256761556809602e-01,2.940395786295286681e-02,1.158559205484192972e-01,-5.001887823289250662e-02,-6.173023600840771979e-02,4.191114598114132478e-02,-1.490702877503792545e-01,-6.853611759558296546e-02,-5.275056435010344602e-02,-2.556418003843546338e-01,2.012038271438707643e-02,5.377919724809349794e-02,-1.413008026737362643e-01,-4.056060410018516756e-03,1.542408380868214579e-01,-1.173645662185151678e-01,-1.140837603215906770e-01,-4.688740305012335102e-02,-9.909179728165214140e-02,-1.644919486720185509e-01,4.862327349964044171e-02,-3.319499035135957121e-01,-2.275822543563535694e-01,-2.639854055250406839e-02,-1.018591731113885485e-01,-1.654833691244877170e-01,-3.906727294671013540e-01,-3.179791361507165737e-02,-3.927962431533952858e-01,-6.849439925928475781e-02,-7.923325930795528660e-02,-3.178480306348559908e-02,-9.370076930904024104e-02,-2.961640695655241018e-01,-2.986015663282120536e-01,-2.643840988516535928e-01,-3.120818437667559689e-02,-1.482220305828281515e-01,-2.161961675839155494e-01,-2.554141614631849633e-01,0.000000000000000000e+00
