0.000000000000000000e+00,1.759788825340958803e-05,3.519577650681918147e-04,1.759788825340958803e-05,1.583809942806863058e-04,8.095028596568411847e-04,2.152221733391992964e-02,3.435107787065552060e-02,1.759788825340958803e-05,1.136823581170259487e-02,1.548614166300043855e-03,4.575450945886493158e-04,4.047514298284205924e-04,9.539815222173338161e-02,1.407831060272767042e-04,0.000000000000000000e+00,2.463704355477342595e-03,3.097228332600087709e-03,2.692476902771667388e-03,3.519577650681917605e-05,4.628244610646722532e-03,1.759788825340958803e-05,2.762868455785305686e-03,1.935767707875054818e-04,5.279366476022877085e-05,4.645842498900131998e-03,1.249450065992080980e-03,1.636603607567091835e-03,4.468103827540695350e-02,3.134183897932247415e-02,1.935767707875054818e-04,2.006159260888693441e-03,3.167619885613726007e-03,1.124505059392872861e-02,1.566212054553453538e-03,5.455345358556973508e-04,2.815662120545534084e-04,4.223493180818301343e-03,2.111746590409150834e-04,5.807303123625164997e-04,1.407831060272767042e-04,1.055873295204575417e-04,-5.279366476022877085e-05,3.519577650681917605e-05,2.287725472943246579e-04,1.759788825340958803e-05,1.231852177738671297e-04,1.759788825340958803e-05,1.759788825340958803e-05,1.759788825340958803e-05,1.759788825340958803e-05,8.798944126704795368e-05,0.000000000000000000e+00,0.000000000000000000e+00,5.279366476022877085e-05,8.798944126704795368e-05,3.871535415750109637e-04,0.000000000000000000e+00,1.935767707875054818e-04,3.519577650681917605e-05,5.279366476022877085e-05,2.287725472943246579e-04,7.039155301363835210e-05,0.000000000000000000e+00,0.000000000000000000e+00,0.000000000000000000e+00,1.759788825340958803e-05,8.798944126704795368e-05,1.759788825340958803e-05,3.519577650681917605e-05,0.000000000000000000e+00,0.000000000000000000e+00,1.759788825340958803e-05,1.759788825340958803e-05,1.583809942806863058e-04,5.631324241091068168e-04,4.223493180818301668e-04,0.000000000000000000e+00,1.759788825340958803e-05,5.279366476022877085e-05,0.000000000000000000e+00,0.000000000000000000e+00,3.519577650681917605e-05,7.039155301363836294e-04
1.759788825340958803e-05,0.000000000000000000e+00,4.751429828420589445e-04,3.519577650681917605e-05,2.463704355477342595e-04,6.863176418829739465e-04,2.287725472943246579e-04,5.455345358556973508e-04,5.103387593488780934e-04,5.279366476022877085e-05,1.636603607567091835e-03,-1.935767707875054818e-04,5.437747470303563174e-03,1.759788825340959074e-04,3.695556533216013892e-04,5.631324241091068168e-04,1.847778266608006946e-03,3.167619885613726116e-04,1.003079630444346721e-03,1.759788825340958803e-05,3.519577650681918147e-04,1.478222613286405557e-03,2.815662120545534084e-04,2.410910690717113763e-03,2.692476902771667388e-03,8.482182138143421618e-03,3.630444346678397827e-02,-2.815662120545534084e-04,6.863176418829739465e-04,7.039155301363835210e-05,2.094148702155741205e-03,5.455345358556973508e-04,3.519577650681917605e-05,2.287725472943246579e-04,1.460624725032996091e-03,7.391113066432027784e-04,5.631324241091068168e-04,5.103387593488780934e-04,4.047514298284205924e-04,5.807303123625164997e-04,1.055873295204575417e-04,5.455345358556973508e-04,8.095028596568411847e-04,1.020677518697756187e-03,2.111746590409150834e-04,7.039155301363835210e-05,2.111746590409150834e-04,1.055873295204575417e-04,7.039155301363835210e-05,1.759788825340958803e-05,6.968763748350197129e-03,6.335239771227452231e-04,8.798944126704795368e-05,7.039155301363835210e-05,1.231852177738671297e-04,-1.407831060272767042e-04,2.058952925648921840e-03,7.039155301363835210e-05,-7.039155301363835210e-05,8.271007479102506508e-04,-1.231852177738671297e-04,5.332160140783105511e-03,3.343598768147821860e-04,7.039155301363835210e-05,7.567091948966123529e-04,0.000000000000000000e+00,1.055873295204575417e-04,4.047514298284205924e-04,-1.583809942806863058e-04,2.287725472943246579e-04,4.223493180818301668e-04,5.279366476022876679e-04,1.812582490101187797e-03,1.882974043114825878e-03,6.264848218213814150e-03,5.124505059392872597e-02,4.223493180818301668e-04,1.231852177738671297e-04,7.039155301363835210e-05,3.396392432908050367e-03,2.111746590409150834e-04,0.000000000000000000e+00,1.935767707875054818e-04,1.443026836779586191e-03
3.519577650681918147e-04,4.751429828420589445e-04,0.000000000000000000e+00,8.798944126704795368e-05,5.631324241091068168e-04,3.765948086229651756e-03,4.862296524417069471e-02,2.208534975802903255e-02,4.047514298284205924e-04,-1.145622525296964220e-02,4.557853057633083800e-03,2.639683238011438339e-04,4.821821381434227526e-03,1.458864936207654971e-02,8.271007479102506508e-04,-8.798944126704795368e-05,7.028596568411789314e-02,5.332160140783105511e-03,9.062912450505937467e-03,5.279366476022876679e-04,2.365156181258248891e-02,8.446986361636603336e-04,1.635723713154421388e-01,2.094148702155741205e-03,5.807303123625164997e-04,1.928024637043554701e-01,1.368411790585129795e-01,2.161020677518697350e-02,1.770347558293004775e-02,1.955125384953805209e-02,2.586889573251209724e-03,4.117905851297843679e-03,2.463704355477342595e-04,8.271007479102506508e-04,7.109546854377473725e-03,2.278926528816541813e-02,8.570171579410470683e-03,1.230092388913330351e-02,4.909810822701275723e-03,4.610646722393312198e-03,7.919049714034315018e-04,4.100307963044435081e-03,1.668279806423229178e-02,3.026836779586449411e-03,1.847778266608006946e-03,5.631324241091068168e-04,2.358117025956884931e-03,2.991641003079630371e-04,3.167619885613726116e-04,5.279366476022877085e-05,1.759788825340959074e-04,1.606687197536295353e-02,5.279366476022877085e-05,2.639683238011438339e-04,6.335239771227452231e-04,7.743070831500219273e-04,-4.610646722393312198e-03,2.287725472943246579e-04,-3.871535415750109637e-04,2.041355037395512374e-03,3.695556533216013892e-04,2.886053673559172382e-03,2.921249450065992181e-03,3.343598768147821860e-04,1.583809942806863058e-04,3.977122745270567084e-03,9.326880774307083144e-04,5.402551693796743375e-03,3.871535415750109637e-04,-1.425428948526176725e-03,3.871535415750109637e-04,7.707875054993399908e-03,1.337439507259128744e-03,4.223493180818301668e-04,1.867135943686757532e-02,2.706555213374394614e-02,-2.076550813902331739e-03,1.267047954245490446e-03,7.039155301363835210e-05,2.798064232292124618e-03,3.871535415750109637e-04,0.000000000000000000e+00,-5.631324241091068168e-04,4.012318521777386883e-03
1.759788825340958803e-05,3.519577650681917605e-05,8.798944126704795368e-05,0.000000000000000000e+00,2.745270567531895786e-03,1.161460624725032913e-02,6.880774307083149799e-03,1.379674439067311680e-02,4.258688957325121142e-03,2.771667399912010332e-02,3.959524857017157617e-03,1.698196216454025617e-02,3.449186097668279199e-03,4.557853057633083800e-03,5.120985481742190183e-03,3.343598768147821860e-04,3.519577650681918147e-04,2.516498020237570993e-03,8.095028596568411847e-04,1.330400351957765001e-02,1.055873295204575336e-03,8.798944126704795910e-04,7.567091948966123529e-04,1.763308402991640988e-02,4.399472063352397955e-04,5.455345358556973508e-04,4.065112186537615281e-03,3.123625164980202082e-02,2.217333919929608335e-03,2.991641003079630371e-04,1.196656401231852148e-03,4.821821381434227526e-03,0.000000000000000000e+00,8.798944126704795910e-04,1.610206775186977593e-02,-3.572371315442146762e-03,-1.020677518697756187e-03,-1.654201495820501302e-03,-1.935767707875054818e-04,6.511218653761547542e-03,4.047514298284205924e-04,1.073471183457985019e-03,-3.079630444346678243e-03,-1.443026836779586191e-03,-2.287725472943246579e-04,-1.055873295204575417e-04,3.695556533216013892e-03,1.759788825340959074e-04,2.463704355477342595e-04,5.279366476022877085e-05,-1.759788825340958803e-05,3.695556533216013892e-04,6.792784865816100734e-03,7.391113066432027784e-04,3.765948086229651756e-03,4.505059392872854535e-03,1.997360316761988275e-02,1.161460624725032999e-03,3.114826220853497349e-02,2.322921249450065999e-03,5.754509458864936165e-03,2.622085349758028656e-03,3.906731192256929219e-03,1.654201495820501302e-03,2.111746590409150834e-04,7.039155301363835210e-05,1.583809942806863004e-03,8.974923009238890571e-04,8.288605367355917491e-03,7.567091948966123529e-04,3.167619885613726116e-04,9.502859656841178889e-04,1.025956885173779157e-02,3.167619885613726116e-04,-1.970963484381874076e-03,1.882974043114825878e-03,2.108227012758468605e-02,8.095028596568411847e-04,1.759788825340959074e-04,1.337439507259128744e-03,9.326880774307083144e-04,0.000000000000000000e+00,6.159260888693356487e-04,-4.839419269687636992e-03
1.583809942806863058e-04,2.463704355477342595e-04,5.631324241091068168e-04,2.745270567531895786e-03,0.000000000000000000e+00,2.025516937967443767e-02,2.428508578970523229e-03,2.249010118785745721e-02,2.164540255169379503e-03,1.379674439067311680e-02,1.529256489221293529e-02,1.156181258249010073e-02,1.052353717553893529e-02,6.951165860096787663e-03,1.084029916410030742e-02,1.055873295204575417e-04,1.231852177738671297e-03,4.857017157941046458e-03,1.319841619005719278e-03,4.610646722393312198e-03,2.252529696436427267e-03,3.167619885613726116e-04,2.111746590409150671e-03,4.557853057633083800e-03,8.271007479102506508e-04,1.022437307523097090e-02,5.772107347118344764e-03,1.001319841619005557e-02,4.381874175098988272e-03,3.519577650681918147e-04,2.182138143422789403e-03,1.687637483501979591e-02,3.519577650681917605e-05,3.449186097668279199e-03,5.384953805543334776e-02,8.429388473383193220e-03,2.604487461504619190e-03,6.053673559172898823e-03,2.798064232292124618e-03,2.667839859216893789e-02,4.962604487461504121e-03,2.674879014518257488e-03,4.364276286845578806e-03,1.284645842498899912e-03,1.073471183457985019e-03,3.871535415750109637e-04,4.223493180818301343e-03,8.974923009238890571e-04,4.047514298284205924e-04,8.798944126704795368e-05,8.798944126704795368e-05,5.279366476022876679e-04,9.150901891772986315e-04,7.919049714034315018e-04,3.977122745270567084e-03,2.956445226572811114e-03,1.882974043114826052e-02,8.095028596568411847e-04,1.163220413550373859e-02,2.270127584689837167e-03,3.713154421469423358e-03,4.381874175098988272e-03,3.730752309722833258e-03,2.428508578970523229e-03,2.463704355477342595e-04,1.055873295204575417e-04,2.041355037395512374e-03,1.267047954245490446e-03,3.607567091948965694e-03,3.343598768147821860e-04,1.583809942806863058e-04,1.055873295204575336e-03,3.765948086229651756e-03,5.807303123625164997e-04,3.994720633523977417e-03,4.469863616366036470e-03,7.971843378794543633e-03,8.798944126704795910e-04,2.463704355477342595e-04,2.710074791025076854e-03,1.196656401231852148e-03,1.759788825340958803e-05,1.583809942806863004e-03,3.234491860976682065e-02
8.095028596568411847e-04,6.863176418829739465e-04,3.765948086229651756e-03,1.161460624725032913e-02,2.025516937967443767e-02,0.000000000000000000e+00,2.886053673559172555e-02,2.071447426308842821e-01,9.450065992080949190e-03,1.719841619005719191e-01,2.998680158380994179e-02,7.943686757589089875e-02,2.373955125384953624e-02,4.471623405191376549e-02,4.466344038715353709e-02,7.391113066432027784e-04,6.036075670919489357e-03,1.249450065992080763e-02,6.634403871535415539e-03,2.187417509898811896e-02,5.824901011878574029e-03,1.812582490101187797e-03,7.602287725472943111e-03,2.416190057193136689e-02,2.146942366915970037e-03,3.681478222613286666e-02,1.182578090629124445e-02,4.832380114386273379e-02,1.487021557413110463e-02,3.185217773867135907e-03,5.525736911570611372e-03,4.987241531016277374e-02,1.055873295204575417e-04,9.538055433347996520e-03,3.227276726792784878e-01,-3.285525736911570904e-02,-9.872415310162779845e-03,1.476462824461064610e-02,4.716234051913769862e-03,8.593048834139903336e-02,7.285525736911570120e-03,6.458424989001319144e-03,-5.719313682358116366e-03,-3.185217773867135907e-03,2.358117025956884931e-03,8.974923009238890571e-04,1.170259568851737646e-02,1.372635283765947893e-03,8.798944126704795910e-04,1.231852177738671297e-04,1.935767707875054818e-04,1.759788825340959074e-04,6.968763748350197129e-03,2.006159260888693441e-03,1.613726352837659486e-02,9.291684997800263995e-03,6.891333040035195479e-02,3.941926968763748151e-03,5.610206775186977329e-02,7.003959524857016061e-03,1.949846018477782369e-02,1.194896612406511245e-02,1.006599208095028397e-02,6.634403871535415539e-03,9.326880774307083144e-04,3.343598768147821860e-04,5.332160140783105511e-03,3.589969203695556228e-03,1.603167619885613807e-02,1.777386713594368431e-03,3.871535415750109637e-04,3.238011438627364739e-03,1.638363396392432739e-02,1.337439507259128744e-03,1.472943246810382717e-02,-2.674879014518257488e-03,3.896172459304882846e-02,3.132424109106907075e-03,6.863176418829739465e-04,6.493620765508138944e-03,3.378794544654641335e-03,0.000000000000000000e+00,2.815662120545534518e-03,1.185569731632203916e-01
2.152221733391992964e-02,2.287725472943246579e-04,4.862296524417069471e-02,6.880774307083149799e-03,2.428508578970523229e-03,2.886053673559172555e-02,0.000000000000000000e+00,2.129168499780026147e-01,1.671799384073910984e-03,4.151341838979322185e-01,1.043554773427188623e-02,7.831060272767267905e-03,9.238891333040033862e-03,2.516322041355036898e-01,4.874615046194455924e-03,9.150901891772986315e-04,2.678398592168939468e-02,1.494060712714474250e-02,1.465904091509018931e-02,4.857017157941046458e-03,3.063792344918609897e-02,1.425428948526176725e-03,1.573251209854817367e-02,3.896172459304882846e-02,6.511218653761547976e-04,1.097404311482621936e-01,2.446106467223932782e-02,5.345358556973163200e-01,9.798504179498460087e-02,3.988913330400352120e-01,2.252529696436427267e-03,1.516937967443906556e-02,2.023757149142102908e-03,6.845578530576329999e-03,5.659480862296523834e-02,1.240651121865376030e-02,6.775186977562692135e-03,1.184337879454465392e-02,2.129344478662560571e-03,1.010118785745710464e-02,1.918169819621645461e-03,3.202815662120545373e-03,4.857017157941046458e-03,1.055873295204575336e-03,1.953365596128464610e-03,9.502859656841178889e-04,2.639683238011438556e-03,3.343598768147821860e-04,2.287725472943246579e-04,1.231852177738671297e-04,5.279366476022877085e-05,8.798944126704795910e-04,1.108666959964804168e-03,2.287725472943246579e-04,1.531016278046634389e-03,9.872415310162779845e-03,1.168499780026396873e-02,5.631324241091068168e-04,8.710954685437746411e-03,1.689397272327320667e-03,2.146942366915970037e-03,4.311482622085349541e-03,3.660360756709194526e-03,1.654201495820501302e-03,-3.519577650681917605e-05,3.519577650681917605e-05,9.150901891772986315e-04,9.502859656841178889e-04,2.182138143422789403e-03,-2.217333919929608335e-03,4.575450945886493158e-04,-2.058952925648921840e-03,6.845578530576329999e-03,2.463704355477342595e-04,4.540255169379674334e-03,5.772107347118344764e-03,-2.889573251209854796e-02,1.759788825340958803e-05,3.695556533216013892e-04,1.759788825340959182e-03,7.039155301363836294e-04,0.000000000000000000e+00,2.815662120545534084e-04,1.164980202375714806e-02
3.435107787065552060e-02,5.455345358556973508e-04,2.208534975802903255e-02,1.379674439067311680e-02,2.249010118785745721e-02,2.071447426308842821e-01,2.129168499780026147e-01,0.000000000000000000e+00,8.587769467663880149e-03,4.263088429388472989e-01,4.223493180818301690e-02,1.079102507699076091e-01,2.947646282446106381e-02,5.823317201935768184e-01,5.142102947646282063e-02,5.631324241091068168e-04,5.571491421029475810e-02,3.716673999120105598e-02,3.313682358117025356e-02,3.097228332600087536e-02,2.560492740871095352e-02,1.108666959964804168e-03,4.153101627804663132e-02,2.447866256049274075e-02,2.076550813902331739e-03,1.466256049274086981e-01,1.325120985481742161e-02,6.864936207655079892e-02,1.037219533655961284e-01,5.112186537615485971e-02,8.306203255609326958e-03,1.139111306643202648e-01,1.706995160580730350e-03,3.797624285085789836e-02,4.592696876374834924e-01,3.605807303123625268e-02,4.645842498900131998e-03,2.764628244610646199e-02,6.106467223933128088e-03,8.292124945006598691e-02,6.264848218213814150e-03,7.831060272767267905e-03,1.478222613286405557e-02,2.076550813902331739e-03,2.498900131984161960e-03,1.020677518697756187e-03,1.279366476022877203e-02,1.847778266608006946e-03,9.326880774307083144e-04,1.231852177738671297e-04,3.167619885613726116e-04,1.636603607567091835e-03,7.197536295644522790e-03,2.146942366915970037e-03,1.633084029916409899e-02,9.890013198416189311e-03,8.429388473383193914e-02,4.135503739551253145e-03,7.234491860976681454e-02,7.285525736911570120e-03,2.449626044874615022e-02,1.309282886053673468e-02,1.128024637043554580e-02,8.904531456225252273e-03,1.003079630444346721e-03,3.695556533216013892e-04,4.769027716673998260e-03,4.170699516058072945e-03,2.176858776946766216e-02,2.358117025956884931e-03,5.455345358556973508e-04,4.346678398592168473e-03,1.671799384073911071e-02,-6.687197536295643721e-04,1.553893532776066608e-02,-7.056753189617245327e-03,3.883853937527496220e-02,2.815662120545534518e-03,7.743070831500219273e-04,7.056753189617245327e-03,3.132424109106907075e-03,1.759788825340958803e-05,3.449186097668279199e-03,1.623053233611966573e-01
1.759788825340958803e-05,5.103387593488780934e-04,4.047514298284205924e-04,4.258688957325121142e-03,2.164540255169379503e-03,9.450065992080949190e-03,1.671799384073910984e-03,8.587769467663880149e-03,0.000000000000000000e+00,6.915970083589968731e-03,2.358117025956884931e-03,1.826660800703915413e-02,5.015398152221733387e-03,1.953365596128464610e-03,3.501979762428508031e-03,1.566212054553453538e-03,4.751429828420589445e-04,8.798944126704795910e-04,5.631324241091068168e-04,9.150901891772986532e-03,-1.636603607567091835e-03,4.047514298284205815e-03,-9.678838539375273550e-04,2.970523537175538686e-02,1.390233172019357576e-03,4.205895292564891877e-03,9.186097668279805464e-03,2.375714914210294570e-02,7.039155301363836294e-04,-1.759788825340959074e-04,1.636603607567091835e-03,3.431588209414870166e-03,0.000000000000000000e+00,-1.759788825340958803e-05,2.787505499340078852e-02,2.639683238011438556e-03,7.391113066432027784e-04,1.143862736471623317e-03,1.759788825340959074e-04,4.945006599208094655e-03,4.927408710954685189e-04,5.983282006159260742e-04,2.340519137703475465e-03,8.095028596568411847e-04,2.991641003079630371e-04,1.231852177738671297e-04,3.220413550373954839e-03,3.871535415750109637e-04,1.407831060272767042e-04,1.759788825340958803e-05,4.223493180818301668e-04,3.343598768147821860e-04,3.220413550373954839e-03,1.020677518697756187e-03,4.346678398592168473e-03,4.329080510338759007e-03,2.231412230532335908e-02,4.153101627804663479e-03,1.786185657721073294e-02,1.566212054553453538e-03,7.320721513418389052e-03,3.853937527496699954e-03,3.220413550373954839e-03,2.322921249450065999e-03,2.041355037395512374e-03,-7.039155301363835210e-05,9.502859656841178889e-04,4.751429828420589445e-04,4.469863616366036470e-03,-1.548614166300043855e-03,1.706995160580730350e-03,-1.988561372635283542e-03,2.206775186977562656e-02,6.159260888693356487e-04,3.625164980202375594e-03,1.059392872855257316e-02,-6.282446106467223616e-03,1.091069071711394702e-03,7.039155301363835210e-05,1.601407831060272687e-03,8.622965244170697997e-04,0.000000000000000000e+00,4.399472063352397955e-04,3.209854817421909506e-02
1.136823581170259487e-02,5.279366476022877085e-05,-1.145622525296964220e-02,2.771667399912010332e-02,1.379674439067311680e-02,1.719841619005719191e-01,4.151341838979322185e-01,4.263088429388472989e-01,6.915970083589968731e-03,0.000000000000000000e+00,3.980642322921248977e-02,1.580466344038715110e-01,2.555213374395072512e-02,2.086757589089309195e-01,2.285965684117905600e-02,4.575450945886493158e-04,1.469423669159700650e-02,3.178178618565771774e-02,1.318081830180378201e-02,9.935767707875053922e-02,9.714034315882092915e-03,-3.871535415750109637e-04,1.650681918169819712e-02,1.036515618125824836e-02,1.355037395512538427e-03,-8.672239331280245933e-02,-8.957325120985480671e-03,2.085877694676638583e-01,5.228332600087989140e-02,2.864936207655080849e-02,7.162340519137702123e-03,5.450065992080949800e-02,1.038275406951165870e-03,1.724593048834139816e-02,1.465376154861416369e-01,-1.691157061152661484e-02,-3.519577650681917605e-05,-6.088869335679717755e-03,-3.906731192256929219e-03,3.211614606247250453e-02,3.185217773867135907e-03,5.719313682358116366e-03,-8.376594808622964822e-03,-3.114826220853497175e-03,-9.678838539375273550e-04,-1.143862736471623317e-03,1.073471183457985062e-02,1.284645842498899912e-03,9.502859656841178889e-04,1.759788825340959074e-04,0.000000000000000000e+00,-1.478222613286405557e-03,1.080510338759348675e-02,2.094148702155741205e-03,1.249450065992080763e-02,1.823141223053233520e-02,6.924769027716673464e-02,-3.378794544654641335e-03,1.317025956885173599e-01,7.144742630884293524e-03,1.904091509018917758e-02,1.061152661680598262e-02,1.752749670039595309e-02,5.948086229652441159e-03,5.807303123625164997e-04,2.639683238011438339e-04,4.980202375714913587e-03,-1.636603607567091835e-03,2.490101187857457141e-02,2.182138143422789403e-03,-5.455345358556973508e-04,2.410910690717113763e-03,1.583809942806863047e-02,1.337439507259128744e-03,-1.427188737351517585e-02,-5.156181258249009983e-03,6.169819621645402513e-02,3.871535415750109420e-03,7.743070831500219273e-04,6.476022877254729478e-03,3.167619885613726007e-03,5.279366476022877085e-05,3.343598768147821969e-03,-5.003079630444345893e-02
1.548614166300043855e-03,1.636603607567091835e-03,4.557853057633083800e-03,3.959524857017157617e-03,1.529256489221293529e-02,2.998680158380994179e-02,1.043554773427188623e-02,4.223493180818301690e-02,2.358117025956884931e-03,3.980642322921248977e-02,0.000000000000000000e+00,2.569291684997800085e-02,9.326880774307083621e-02,3.901451825780906379e-02,9.274087109546852795e-03,4.751429828420589445e-04,1.435987681478222491e-02,9.566212054553452360e-02,2.410910690717113850e-02,1.068191816981962222e-02,1.027716673999119930e-02,1.337439507259128744e-03,1.105147382314122274e-02,7.197536295644522790e-03,6.880774307083149799e-03,1.399208095028596499e-01,4.207655081390233170e-02,3.260888693356796958e-02,6.403871535415749106e-02,6.810382754069511067e-03,2.270127584689837080e-02,7.447426308842938769e-02,9.678838539375273550e-04,6.627364716234050712e-02,5.328640563132423791e-02,2.548174219093708726e-02,1.237131544214694137e-02,5.247690277166739553e-02,1.040035195776506730e-02,3.104267487901451669e-02,1.245930488341398870e-02,6.915970083589968731e-03,1.509898812142542769e-02,3.748350197976242724e-03,3.871535415750109420e-03,1.706995160580730350e-03,8.288605367355917491e-03,2.305323361196656099e-03,1.706995160580730350e-03,3.695556533216013892e-04,7.391113066432027784e-04,2.604487461504619190e-03,1.865376154861416629e-03,1.284645842498899912e-03,6.810382754069511067e-03,5.631324241091069036e-03,3.655081390233171773e-02,1.513418389793224706e-03,1.897052353717553624e-02,1.351517817861856534e-02,5.877694676638802428e-03,3.980642322921248977e-02,6.282446106467223616e-03,4.610646722393312198e-03,4.575450945886493158e-04,2.991641003079630371e-04,3.871535415750109420e-03,3.273207215134183671e-03,6.264848218213814150e-03,1.619005719313682369e-03,2.639683238011438339e-04,3.871535415750109420e-03,7.162340519137702123e-03,5.983282006159260091e-03,1.877694676638803212e-02,2.803343598768147718e-02,1.670039595248570125e-02,3.589969203695556228e-03,5.631324241091068168e-04,2.039595248570171340e-02,3.167619885613726007e-03,3.519577650681917605e-05,3.889133304003519753e-03,3.586449626044874855e-02
4.575450945886493158e-04,-1.935767707875054818e-04,2.639683238011438339e-04,1.698196216454025617e-02,1.156181258249010073e-02,7.943686757589089875e-02,7.831060272767267905e-03,1.079102507699076091e-01,1.826660800703915413e-02,1.580466344038715110e-01,2.569291684997800085e-02,0.000000000000000000e+00,2.257809062912450454e-02,3.000439947206335126e-02,2.572811262648481978e-02,5.983282006159260742e-04,3.889133304003519753e-03,1.235371755389353191e-02,5.050593928728552319e-03,5.119225692916849757e-02,3.607567091948965694e-03,1.988561372635283542e-03,4.434667839859216670e-03,3.750109986801583584e-02,1.794984601847778114e-03,-1.837219533655961093e-02,5.877694676638802428e-03,5.860096788385393135e-02,1.414870215574130959e-02,-8.798944126704795910e-04,5.948086229652441159e-03,2.887813462384513502e-02,2.639683238011438339e-04,7.690277166739990442e-03,3.369995600527936341e-01,-1.935767707875054797e-02,1.935767707875054710e-03,-1.319841619005719148e-02,-1.900571931368235778e-03,3.438627364716233953e-02,2.305323361196656099e-03,5.032996040475141986e-03,-2.428508578970523229e-03,6.863176418829739465e-04,-2.551693796744390792e-03,-7.215134183897930955e-04,1.244170699516057924e-02,1.267047954245490446e-03,1.108666959964804168e-03,3.519577650681917605e-05,-1.935767707875054818e-04,2.111746590409150834e-04,9.784425868895732514e-03,2.322921249450065999e-03,2.481302243730752061e-02,1.328640563132424054e-02,1.108139023317201849e-01,7.567091948966124179e-03,1.254377474703035622e-01,7.971843378794543633e-03,3.509018917729871817e-02,1.045314562252529569e-02,1.738671359436867389e-02,8.253409590849098559e-03,1.003079630444346721e-03,2.111746590409150834e-04,6.423229212494500212e-03,5.226572811262647847e-03,2.532336119665640206e-02,2.234931808183018235e-03,-1.935767707875054818e-04,2.710074791025076854e-03,2.439067311922568995e-02,1.548614166300043855e-03,-3.326000879894412503e-03,-6.247250329960403817e-03,5.038275406951165519e-02,4.012318521777386883e-03,-3.871535415750109637e-04,5.596128464584249236e-03,4.962604487461504121e-03,0.000000000000000000e+00,2.921249450065992181e-03,2.011790585129784314e-01
4.047514298284205924e-04,5.437747470303563174e-03,4.821821381434227526e-03,3.449186097668279199e-03,1.052353717553893529e-02,2.373955125384953624e-02,9.238891333040033862e-03,2.947646282446106381e-02,5.015398152221733387e-03,2.555213374395072512e-02,9.326880774307083621e-02,2.257809062912450454e-02,0.000000000000000000e+00,1.536295644522657142e-02,8.886933567971842807e-03,1.284645842498899912e-03,6.511218653761547542e-03,2.764628244610646199e-02,7.250329960404751188e-03,8.886933567971842807e-03,1.018917729872415197e-02,4.505059392872854535e-03,1.055873295204575422e-02,1.457105147382314024e-02,3.150021997360316628e-02,7.975362956445226914e-02,1.047074351077870585e-01,8.517377914650242285e-03,1.941047074351077983e-02,2.886053673559172382e-03,4.647602287725472597e-02,3.970083589969203297e-02,3.343598768147821860e-04,1.342718873735151801e-02,5.061152661680597825e-02,3.899692036955564739e-02,1.782666080070391401e-02,2.417949846018477636e-02,1.261768587769467563e-02,2.783985921689397305e-02,1.020677518697756317e-02,1.087549494060712635e-02,2.373955125384953624e-02,9.837219533655960912e-03,8.112626484821821096e-03,4.117905851297843679e-03,1.407831060272767346e-02,3.642762868455785060e-03,3.994720633523977417e-03,2.991641003079630371e-04,3.607567091948965694e-03,4.716234051913769862e-03,2.164540255169379503e-03,2.481302243730752061e-03,9.608446986361636119e-03,7.883853937527496303e-03,5.851297844258688402e-02,1.583809942806863004e-03,2.261328640563132347e-02,2.982842058952925313e-02,6.088869335679717755e-03,1.152485701715793981e-01,1.333919929608446894e-02,7.391113066432027784e-03,1.988561372635283542e-03,8.095028596568411847e-04,5.508139023317201038e-03,6.845578530576329999e-03,4.839419269687636992e-03,4.082710074791024747e-03,1.425428948526176725e-03,8.306203255609326958e-03,1.455345358556973251e-02,2.549934007919049672e-02,4.464584249890012763e-02,9.835459744830619966e-02,-2.324681038275406772e-02,6.722393312802462870e-03,1.689397272327320667e-03,5.545094588649361611e-02,6.599208095028595740e-03,7.039155301363835210e-05,7.778266608007039506e-03,3.920809502859656098e-02
9.539815222173338161e-02,1.759788825340959074e-04,1.458864936207654971e-02,4.557853057633083800e-03,6.951165860096787663e-03,4.471623405191376549e-02,2.516322041355036898e-01,5.823317201935768184e-01,1.953365596128464610e-03,2.086757589089309195e-01,3.901451825780906379e-02,3.000439947206335126e-02,1.536295644522657142e-02,0.000000000000000000e+00,8.710954685437746411e-03,4.927408710954685189e-04,7.359436867575890051e-02,6.018477782666079717e-02,5.745710514738230912e-02,8.798944126704793742e-03,5.875934887813462348e-02,5.983282006159260742e-04,5.409590849098108029e-02,7.303123625164980454e-03,1.020677518697756187e-03,1.066256049274087042e-01,2.882534095908490662e-02,2.627364716234052017e-02,4.555741311042674768e-01,1.872239331280246277e-01,3.959524857017157617e-03,6.974043114826219969e-02,1.645402551693796872e-02,1.517817861856577133e-01,6.379234491860975853e-02,1.766827980642322882e-02,1.124505059392872861e-02,7.406951165860096997e-02,4.786625604927408593e-03,2.942366915970083541e-02,3.290805103387593571e-03,3.431588209414870166e-03,5.930488341399031693e-03,1.988561372635283542e-03,1.654201495820501302e-03,3.519577650681918147e-04,4.065112186537615281e-03,3.871535415750109637e-04,3.695556533216013892e-04,7.039155301363835210e-05,1.583809942806863058e-04,2.305323361196656099e-03,1.583809942806863004e-03,5.455345358556973508e-04,3.642762868455785060e-03,5.367355917289925310e-03,2.058952925648922100e-02,8.622965244170697997e-04,1.495820501539815023e-02,2.393312802463704297e-03,5.684117905851297434e-03,4.804223493180818060e-03,4.505059392872854535e-03,2.903651561812582282e-03,4.047514298284205924e-04,1.583809942806863058e-04,2.006159260888693441e-03,4.047514298284205815e-03,5.877694676638802428e-03,1.372635283765947893e-03,3.167619885613726116e-04,2.833260008798943984e-03,5.068191816981961785e-03,5.103387593488780934e-04,1.147382314122305340e-02,1.237131544214694137e-02,-1.420149582050153972e-02,1.020677518697756187e-03,4.751429828420589445e-04,2.657281126264848022e-03,1.372635283765947893e-03,0.000000000000000000e+00,1.636603607567091835e-03,2.680158380994280762e-02
1.407831060272767042e-04,3.695556533216013892e-04,8.271007479102506508e-04,5.120985481742190183e-03,1.084029916410030742e-02,4.466344038715353709e-02,4.874615046194455924e-03,5.142102947646282063e-02,3.501979762428508031e-03,2.285965684117905600e-02,9.274087109546852795e-03,2.572811262648481978e-02,8.886933567971842807e-03,8.710954685437746411e-03,0.000000000000000000e+00,2.287725472943246579e-04,1.108666959964804168e-03,3.519577650681918364e-03,1.531016278046634389e-03,1.045314562252529569e-02,2.199736031676198435e-03,3.519577650681918147e-04,2.305323361196656099e-03,1.143862736471623273e-02,7.215134183897930955e-04,1.025956885173779157e-02,7.391113066432027784e-03,2.058952925648922100e-02,2.868455785305763350e-03,1.935767707875054818e-04,2.182138143422789403e-03,1.826660800703915413e-02,1.759788825340958803e-05,1.619005719313682369e-03,9.907611086669598777e-02,1.150901891772987233e-02,4.047514298284205924e-04,4.927408710954685189e-03,1.073471183457985019e-03,3.758908930928288317e-02,2.111746590409150671e-03,2.639683238011438556e-03,5.648922129344478502e-03,1.706995160580730350e-03,1.055873295204575336e-03,3.695556533216013892e-04,4.927408710954685189e-03,9.678838539375273550e-04,5.103387593488780934e-04,0.000000000000000000e+00,8.798944126704795368e-05,6.863176418829739465e-04,3.044434667839858877e-03,1.407831060272767259e-03,7.637483501979761176e-03,4.329080510338759007e-03,3.299604047514297783e-02,1.900571931368235778e-03,2.261328640563132347e-02,2.569291684997799825e-03,1.015398152221733304e-02,4.188297404311482411e-03,4.135503739551253145e-03,3.677958644962604426e-03,2.815662120545534084e-04,8.798944126704795368e-05,2.446106467223933129e-03,1.407831060272767259e-03,7.355917289925208852e-03,9.678838539375273550e-04,1.935767707875054818e-04,1.671799384073910984e-03,8.693356797184336945e-03,6.863176418829739465e-04,3.871535415750109420e-03,6.863176418829740333e-03,1.650681918169819712e-02,1.267047954245490446e-03,-8.798944126704795368e-05,2.798064232292124618e-03,1.671799384073910984e-03,5.279366476022877085e-05,1.443026836779586191e-03,5.509898812142542679e-02
0.000000000000000000e+00,5.631324241091068168e-04,-8.798944126704795368e-05,3.343598768147821860e-04,1.055873295204575417e-04,7.391113066432027784e-04,9.150901891772986315e-04,5.631324241091068168e-04,1.566212054553453538e-03,4.575450945886493158e-04,4.751429828420589445e-04,5.983282006159260742e-04,1.284645842498899912e-03,4.927408710954685189e-04,2.287725472943246579e-04,0.000000000000000000e+00,4.751429828420589445e-04,1.055873295204575417e-04,2.639683238011438339e-04,5.279366476022876679e-04,1.091069071711394528e-02,9.115706115266167600e-03,9.819621645402551446e-03,2.009678838539375248e-02,8.095028596568411847e-04,-4.223493180818301668e-04,1.441267047954245331e-02,2.338759348878134345e-02,3.871535415750109637e-04,4.927408710954685189e-04,4.399472063352397955e-04,3.695556533216013892e-04,1.759788825340958803e-05,1.935767707875054818e-04,-2.446106467223933129e-03,1.020677518697756187e-03,-1.759788825340958803e-05,4.575450945886493158e-04,1.935767707875054818e-04,6.511218653761547976e-04,5.279366476022877085e-05,1.935767707875054818e-04,1.319841619005719278e-03,1.231852177738671297e-04,1.935767707875054818e-04,3.519577650681917605e-05,7.919049714034315018e-04,8.798944126704795368e-05,1.759788825340958803e-05,1.759788825340958803e-05,6.511218653761547976e-04,1.055873295204575417e-04,2.639683238011438339e-04,7.039155301363835210e-05,2.111746590409150834e-04,2.287725472943246579e-04,1.636603607567091835e-03,3.519577650681918147e-04,1.091069071711394702e-03,3.871535415750109637e-04,5.103387593488780934e-04,1.425428948526176725e-03,4.751429828420589445e-04,3.343598768147821860e-04,6.018477782666079891e-03,1.759788825340958803e-05,2.111746590409150834e-04,2.815662120545534084e-04,3.519577650681918147e-04,3.871535415750109420e-03,2.217333919929608335e-03,5.525736911570611372e-03,9.344478662560492394e-03,3.343598768147821860e-04,-2.604487461504619190e-03,1.518697756269247676e-02,1.634843818741750845e-02,3.343598768147821860e-04,1.935767707875054818e-04,7.039155301363836294e-04,5.279366476022877085e-05,1.759788825340958803e-05,2.991641003079630371e-04,-2.164540255169379503e-03
2.463704355477342595e-03,1.847778266608006946e-03,7.028596568411789314e-02,3.519577650681918147e-04,1.231852177738671297e-03,6.036075670919489357e-03,2.678398592168939468e-02,5.571491421029475810e-02,4.751429828420589445e-04,1.469423669159700650e-02,1.435987681478222491e-02,3.889133304003519753e-03,6.511218653761547542e-03,7.359436867575890051e-02,1.108666959964804168e-03,4.751429828420589445e-04,0.000000000000000000e+00,4.142542894852617452e-02,1.366652001759788571e-01,8.446986361636603336e-04,4.255169379674438729e-02,9.678838539375273550e-04,1.629036515618125514e-01,1.865376154861416629e-03,1.020677518697756187e-03,4.051737791465024330e-01,1.031060272767267832e-01,1.062912450505939209e-02,7.315442146942366386e-02,3.243290805103387492e-02,2.886053673559172382e-03,1.126264848218213807e-02,2.498900131984161960e-03,7.989441267047953099e-02,1.233611966564012244e-02,2.002639683238011115e-02,1.333919929608446894e-02,1.923449186097668170e-02,6.317641882974042548e-03,4.100307963044435081e-03,1.038275406951165870e-03,2.534095908490980893e-03,6.053673559172898823e-03,1.777386713594368431e-03,3.202815662120545373e-03,1.706995160580730350e-03,1.830180378354597263e-03,2.991641003079630371e-04,4.575450945886493158e-04,0.000000000000000000e+00,4.927408710954685189e-04,1.585569731632203994e-02,1.231852177738671297e-04,2.639683238011438339e-04,1.091069071711394702e-03,8.446986361636603336e-04,6.036075670919489357e-03,7.039155301363835210e-05,-1.794984601847778114e-03,3.801143862736471556e-03,-5.455345358556973508e-04,3.026836779586449411e-03,3.273207215134183671e-03,7.567091948966123529e-04,6.687197536295643721e-04,3.185217773867135907e-03,2.305323361196656099e-03,1.622525296964364219e-02,3.871535415750109637e-04,1.038275406951165870e-03,4.223493180818301668e-04,6.511218653761547542e-03,-1.143862736471623317e-03,7.567091948966123529e-04,6.893092828860536425e-02,5.441267047954245761e-02,1.407831060272767259e-03,4.205895292564891877e-03,1.073471183457985019e-03,2.833260008798943984e-03,8.095028596568411847e-04,8.798944126704795368e-05,1.689397272327320667e-03,4.364276286845578806e-03
3.097228332600087709e-03,3.167619885613726116e-04,5.332160140783105511e-03,2.516498020237570993e-03,4.857017157941046458e-03,1.249450065992080763e-02,1.494060712714474250e-02,3.716673999120105598e-02,8.798944126704795910e-04,3.178178618565771774e-02,9.566212054553452360e-02,1.235371755389353191e-02,2.764628244610646199e-02,6.018477782666079717e-02,3.519577650681918364e-03,1.055873295204575417e-04,4.142542894852617452e-02,0.000000000000000000e+00,8.524417069951605030e-02,4.857017157941046458e-03,1.282886053673559096e-02,2.991641003079630371e-04,1.985041794984601649e-02,-1.759788825340958803e-05,1.267047954245490446e-03,1.612494500659920893e-01,2.938847338319401301e-02,2.300043994720633520e-02,7.880334359876814410e-02,1.518697756269247676e-02,6.317641882974042548e-03,3.074351077870655577e-02,2.358117025956884931e-03,6.206775186977562392e-02,2.231412230532335908e-02,2.386273647162340250e-02,1.471183457985041770e-02,4.909810822701275723e-02,8.587769467663880149e-03,1.450065992080950238e-02,4.962604487461504121e-03,3.273207215134183671e-03,7.743070831500218840e-03,1.777386713594368431e-03,1.759788825340959182e-03,1.372635283765947893e-03,3.273207215134183671e-03,5.279366476022876679e-04,6.863176418829739465e-04,0.000000000000000000e+00,7.039155301363835210e-05,2.815662120545534518e-03,4.927408710954685189e-04,8.271007479102506508e-04,2.657281126264848022e-03,4.399472063352396871e-03,1.296964364276286669e-02,6.159260888693356487e-04,8.253409590849098559e-03,4.188297404311482411e-03,2.252529696436427267e-03,6.458424989001319144e-03,2.674879014518257488e-03,2.516498020237570993e-03,1.759788825340959074e-04,3.519577650681918147e-04,5.068191816981961785e-03,4.276286845578530608e-03,2.340519137703475465e-03,9.854817421909370379e-04,1.583809942806863058e-04,3.273207215134183671e-03,4.751429828420589445e-04,6.863176418829739465e-04,3.077870655521337123e-02,1.502859656841178983e-02,-8.200615926088870161e-03,1.407831060272767259e-03,3.519577650681918147e-04,9.520457545094588789e-03,1.108666959964804168e-03,0.000000000000000000e+00,1.460624725032996091e-03,1.585569731632203994e-02
2.692476902771667388e-03,1.003079630444346721e-03,9.062912450505937467e-03,8.095028596568411847e-04,1.319841619005719278e-03,6.634403871535415539e-03,1.465904091509018931e-02,3.313682358117025356e-02,5.631324241091068168e-04,1.318081830180378201e-02,2.410910690717113850e-02,5.050593928728552319e-03,7.250329960404751188e-03,5.745710514738230912e-02,1.531016278046634389e-03,2.639683238011438339e-04,1.366652001759788571e-01,8.524417069951605030e-02,0.000000000000000000e+00,1.865376154861416629e-03,1.587329520457544940e-02,2.463704355477342595e-04,3.533655961284645763e-02,1.777386713594368431e-03,1.003079630444346721e-03,2.221205455345358348e-01,6.162780466344038033e-02,1.110426748790145114e-02,7.410470743510778890e-02,2.092388913330400085e-02,2.745270567531895786e-03,1.117465904091508901e-02,2.340519137703475465e-03,7.150021997360316017e-02,1.043554773427188623e-02,2.384513858336999650e-02,1.319841619005719148e-02,4.161900571931367865e-02,5.032996040475141986e-03,8.165420149582049494e-03,1.161460624725032999e-03,3.062032556093268777e-03,5.807303123625164563e-03,1.706995160580730350e-03,1.935767707875054710e-03,1.830180378354597263e-03,1.970963484381874076e-03,1.759788825340959074e-04,4.927408710954685189e-04,5.279366476022877085e-05,2.463704355477342595e-04,3.994720633523977417e-03,2.111746590409150834e-04,4.047514298284205924e-04,1.548614166300043855e-03,1.073471183457985019e-03,7.039155301363836728e-03,1.759788825340959074e-04,4.135503739551253145e-03,2.974043114826220580e-03,9.502859656841178889e-04,2.551693796744390792e-03,2.481302243730752061e-03,8.798944126704795910e-04,2.111746590409150834e-04,1.284645842498899912e-03,5.156181258249009983e-03,1.756269247690277202e-02,5.807303123625164997e-04,9.854817421909370379e-04,1.055873295204575417e-04,2.991641003079630046e-03,4.047514298284205924e-04,5.983282006159260742e-04,6.549934007919049062e-02,3.403431588209414327e-02,-3.554773427188736862e-03,2.762868455785305686e-03,5.103387593488780934e-04,6.880774307083149799e-03,4.751429828420589445e-04,1.759788825340958803e-05,1.319841619005719278e-03,7.795864496260448105e-03
3.519577650681917605e-05,1.759788825340958803e-05,5.279366476022876679e-04,1.330400351957765001e-02,4.610646722393312198e-03,2.187417509898811896e-02,4.857017157941046458e-03,3.097228332600087536e-02,9.150901891772986532e-03,9.935767707875053922e-02,1.068191816981962222e-02,5.119225692916849757e-02,8.886933567971842807e-03,8.798944126704793742e-03,1.045314562252529569e-02,5.279366476022876679e-04,8.446986361636603336e-04,4.857017157941046458e-03,1.865376154861416629e-03,0.000000000000000000e+00,1.619005719313682369e-03,1.003079630444346721e-03,1.548614166300043855e-03,2.551693796744390272e-02,5.807303123625164997e-04,1.515178178618565609e-02,8.024637043554773766e-03,3.150021997360316628e-02,3.713154421469423358e-03,2.639683238011438339e-04,2.692476902771667388e-03,9.907611086669598777e-03,1.759788825340958803e-05,1.531016278046634389e-03,7.454465464144302556e-02,-6.335239771227452231e-04,-2.287725472943246579e-04,1.478222613286405557e-03,1.091069071711394702e-03,1.355037395512538427e-02,9.678838539375273550e-04,2.322921249450065999e-03,-5.103387593488780934e-04,-6.687197536295643721e-04,1.935767707875054818e-04,-3.519577650681917605e-05,5.807303123625164563e-03,3.695556533216013892e-04,4.751429828420589445e-04,7.039155301363835210e-05,1.759788825340959074e-04,4.399472063352397955e-04,7.056753189617245327e-03,1.055873295204575336e-03,8.552573691157061217e-03,7.866256049274086837e-03,4.117905851297844200e-02,1.988561372635283542e-03,6.162780466344038033e-02,3.889133304003519753e-03,1.437747470303563438e-02,4.804223493180818060e-03,7.602287725472943111e-03,3.308402991641002603e-03,3.519577650681918147e-04,1.055873295204575417e-04,4.047514298284205815e-03,1.601407831060272687e-03,1.756269247690277202e-02,1.548614166300043855e-03,-3.519577650681917605e-05,1.460624725032996091e-03,1.462384513858336864e-02,5.807303123625164997e-04,-2.340519137703475465e-03,7.690277166739990442e-03,3.457985041794984366e-02,1.495820501539815023e-03,1.759788825340959074e-04,3.343598768147821969e-03,2.498900131984161960e-03,1.759788825340958803e-05,1.196656401231852148e-03,6.991641003079629435e-02
4.628244610646722532e-03,3.519577650681918147e-04,2.365156181258248891e-02,1.055873295204575336e-03,2.252529696436427267e-03,5.824901011878574029e-03,3.063792344918609897e-02,2.560492740871095352e-02,-1.636603607567091835e-03,9.714034315882092915e-03,1.027716673999119930e-02,3.607567091948965694e-03,1.018917729872415197e-02,5.875934887813462348e-02,2.199736031676198435e-03,1.091069071711394528e-02,4.255169379674438729e-02,1.282886053673559096e-02,1.587329520457544940e-02,1.619005719313682369e-03,0.000000000000000000e+00,5.349758029036514977e-03,3.255257369115706068e-01,-1.135063792344918540e-02,6.511218653761547976e-04,-3.413990321161460006e-02,2.981082270127584366e-02,1.340959084909810750e-01,9.819621645402551446e-02,3.276374835019797427e-01,3.589969203695556228e-03,9.010118785745709069e-03,7.567091948966124179e-03,5.694676638803343460e-02,-1.717553893532776030e-02,-2.884293884733831956e-02,-2.569291684997799825e-03,2.739991201055872946e-02,4.698636163660360396e-03,7.848658161020677371e-03,2.217333919929608335e-03,4.205895292564891877e-03,-1.828420589529256360e-02,-2.921249450065992181e-03,1.390233172019357576e-03,5.103387593488780934e-04,2.410910690717113763e-03,3.695556533216013892e-04,3.343598768147821860e-04,1.055873295204575417e-04,5.103387593488780934e-04,-3.097228332600087709e-03,4.575450945886493158e-04,4.223493180818301668e-04,1.284645842498899912e-03,4.047514298284205924e-04,7.743070831500218840e-03,-4.927408710954685189e-04,4.469863616366036470e-03,2.586889573251209724e-03,1.671799384073910984e-03,5.279366476022877112e-03,2.639683238011438556e-03,1.179058512978442465e-03,3.431588209414870166e-03,2.111746590409150834e-04,8.446986361636603336e-04,1.372635283765947893e-03,1.495820501539815023e-03,1.057633084029916369e-02,1.847778266608006946e-03,1.599648042234931566e-02,-5.455345358556972640e-03,7.919049714034315018e-04,-3.836339639243290921e-03,5.191377034755828915e-03,2.328200615926088665e-02,1.601407831060272687e-03,7.919049714034315018e-04,3.484381874175098565e-03,4.927408710954685189e-04,1.759788825340958803e-05,1.407831060272767259e-03,-9.538055433347996520e-03
1.759788825340958803e-05,1.478222613286405557e-03,8.446986361636603336e-04,8.798944126704795910e-04,3.167619885613726116e-04,1.812582490101187797e-03,1.425428948526176725e-03,1.108666959964804168e-03,4.047514298284205815e-03,-3.871535415750109637e-04,1.337439507259128744e-03,1.988561372635283542e-03,4.505059392872854535e-03,5.983282006159260742e-04,3.519577650681918147e-04,9.115706115266167600e-03,9.678838539375273550e-04,2.991641003079630371e-04,2.463704355477342595e-04,1.003079630444346721e-03,5.349758029036514977e-03,0.000000000000000000e+00,3.132424109106907075e-03,2.697756269247690228e-02,1.777386713594368431e-03,3.589969203695556228e-03,3.127144742630884322e-02,2.220853497580290228e-02,6.159260888693356487e-04,2.991641003079630371e-04,1.372635283765947893e-03,6.335239771227452231e-04,0.000000000000000000e+00,1.759788825340959074e-04,6.335239771227452231e-04,1.636603607567091835e-03,4.751429828420589445e-04,4.223493180818301668e-04,2.639683238011438339e-04,6.335239771227452231e-04,1.055873295204575417e-04,4.223493180818301668e-04,2.006159260888693441e-03,1.636603607567091835e-03,1.583809942806863058e-04,7.039155301363835210e-05,8.446986361636603336e-04,5.279366476022877085e-05,3.519577650681917605e-05,1.759788825340958803e-05,2.164540255169379503e-03,7.567091948966123529e-04,8.974923009238890571e-04,8.798944126704795368e-05,5.631324241091068168e-04,1.214254289485261614e-03,2.534095908490980893e-03,1.460624725032996091e-03,-2.146942366915970037e-03,6.687197536295643721e-04,9.854817421909370379e-04,4.082710074791024747e-03,7.039155301363836294e-04,5.279366476022876679e-04,8.007039155301362565e-03,3.519577650681917605e-05,1.231852177738671297e-04,4.399472063352397955e-04,9.502859656841178889e-04,2.498900131984161960e-03,1.115706115266167954e-02,3.889133304003519753e-03,1.613726352837659486e-02,1.073471183457985019e-03,3.748350197976242724e-03,3.408710954685437167e-02,1.766827980642322882e-02,3.695556533216013892e-04,1.583809942806863058e-04,1.531016278046634389e-03,1.583809942806863058e-04,0.000000000000000000e+00,2.639683238011438339e-04,6.863176418829739465e-04
2.762868455785305686e-03,2.815662120545534084e-04,1.635723713154421388e-01,7.567091948966123529e-04,2.111746590409150671e-03,7.602287725472943111e-03,1.573251209854817367e-02,4.153101627804663132e-02,-9.678838539375273550e-04,1.650681918169819712e-02,1.105147382314122274e-02,4.434667839859216670e-03,1.055873295204575422e-02,5.409590849098108029e-02,2.305323361196656099e-03,9.819621645402551446e-03,1.629036515618125514e-01,1.985041794984601649e-02,3.533655961284645763e-02,1.548614166300043855e-03,3.255257369115706068e-01,3.132424109106907075e-03,0.000000000000000000e+00,-1.150901891772987233e-02,1.179058512978442465e-03,2.651473823141222708e-01,1.159172899252089578e-01,8.378354597448305074e-02,7.582930048394191658e-02,1.707699076110866521e-01,4.205895292564891877e-03,1.179058512978442552e-02,4.874615046194455924e-03,5.962164540255168732e-02,-2.090629124505059139e-02,-9.133304003519577066e-03,-4.012318521777386883e-03,3.083150021997359963e-02,6.687197536295643938e-03,9.608446986361636119e-03,2.886053673559172382e-03,5.226572811262647847e-03,-3.524857017157940337e-02,-4.153101627804663479e-03,1.918169819621645461e-03,9.326880774307083144e-04,2.322921249450065999e-03,7.567091948966123529e-04,6.863176418829739465e-04,1.759788825340958803e-05,4.399472063352397955e-04,-4.223493180818301668e-04,3.167619885613726116e-04,1.055873295204575336e-03,1.706995160580730350e-03,-8.974923009238890571e-04,8.834139903211614409e-03,-5.631324241091068168e-04,4.293884733831940075e-03,2.798064232292124618e-03,1.425428948526176725e-03,5.508139023317201038e-03,2.921249450065992181e-03,1.091069071711394702e-03,3.660360756709194526e-03,1.073471183457985019e-03,1.319841619005719278e-03,4.434667839859216670e-03,9.502859656841178889e-04,7.162340519137702123e-03,1.055873295204575336e-03,3.498460184777826137e-02,-5.349758029036514977e-03,4.927408710954685189e-04,-8.358996920369555356e-03,6.335239771227452014e-03,1.136823581170259487e-02,2.516498020237570993e-03,9.150901891772986315e-04,2.322921249450065999e-03,7.743070831500219273e-04,8.798944126704795368e-05,2.798064232292124618e-03,-1.052353717553893529e-02
1.935767707875054818e-04,2.410910690717113763e-03,2.094148702155741205e-03,1.763308402991640988e-02,4.557853057633083800e-03,2.416190057193136689e-02,3.896172459304882846e-02,2.447866256049274075e-02,2.970523537175538686e-02,1.036515618125824836e-02,7.197536295644522790e-03,3.750109986801583584e-02,1.457105147382314024e-02,7.303123625164980454e-03,1.143862736471623273e-02,2.009678838539375248e-02,1.865376154861416629e-03,-1.759788825340958803e-05,1.777386713594368431e-03,2.551693796744390272e-02,-1.135063792344918540e-02,2.697756269247690228e-02,-1.150901891772987233e-02,0.000000000000000000e+00,4.346678398592168473e-03,1.641882974043114632e-02,4.478662560492741029e-02,2.179674439067312008e-01,3.783545974483062090e-03,3.554773427188736862e-03,4.839419269687636992e-03,8.939727232732072940e-03,1.055873295204575417e-04,1.548614166300043855e-03,6.250769907611086751e-02,1.168499780026396873e-02,1.390233172019357576e-03,3.871535415750109420e-03,9.150901891772986315e-04,1.242410910690717150e-02,1.249450065992080980e-03,1.970963484381874076e-03,1.018917729872415197e-02,1.091069071711394702e-03,1.179058512978442465e-03,8.622965244170697997e-04,7.408710954685438117e-03,8.622965244170697997e-04,2.111746590409150834e-04,2.639683238011438339e-04,2.639683238011438556e-03,1.935767707875054710e-03,9.714034315882092915e-03,9.326880774307083144e-04,7.443906731192256182e-03,1.645402551693796872e-02,3.639243290805103254e-02,8.288605367355917491e-03,1.263528376594808510e-02,3.783545974483062090e-03,1.360316761988561440e-02,1.145622525296964220e-02,8.323801143862734689e-03,4.575450945886493266e-03,1.289925208974923056e-02,-1.231852177738671297e-04,2.129344478662560571e-03,7.391113066432027784e-04,1.221293444786625618e-02,-8.323801143862734689e-03,8.781346238451386010e-03,-1.228332600087989231e-02,9.652441706995160131e-02,2.217333919929608335e-03,1.363836339639243160e-02,5.494060712714474159e-02,1.158644962604487294e-01,-9.854817421909370379e-04,1.970963484381874076e-03,4.681038275406950930e-03,1.601407831060272687e-03,1.759788825340958803e-05,1.619005719313682369e-03,5.353277606687197043e-02
5.279366476022877085e-05,2.692476902771667388e-03,5.807303123625164997e-04,4.399472063352397955e-04,8.271007479102506508e-04,2.146942366915970037e-03,6.511218653761547976e-04,2.076550813902331739e-03,1.390233172019357576e-03,1.355037395512538427e-03,6.880774307083149799e-03,1.794984601847778114e-03,3.150021997360316628e-02,1.020677518697756187e-03,7.215134183897930955e-04,8.095028596568411847e-04,1.020677518697756187e-03,1.267047954245490446e-03,1.003079630444346721e-03,5.807303123625164997e-04,6.511218653761547976e-04,1.777386713594368431e-03,1.179058512978442465e-03,4.346678398592168473e-03,0.000000000000000000e+00,1.798504179498460268e-02,5.018917729872415107e-02,-4.100307963044435081e-03,7.919049714034315018e-04,3.343598768147821860e-04,1.492300923889133303e-02,2.076550813902331739e-03,1.759788825340958803e-05,5.279366476022876679e-04,3.396392432908050367e-03,4.540255169379674334e-03,1.513418389793224706e-03,1.249450065992080980e-03,8.622965244170697997e-04,1.654201495820501302e-03,3.167619885613726116e-04,2.164540255169379503e-03,2.692476902771667388e-03,1.425428948526176725e-03,9.326880774307083144e-04,3.519577650681918147e-04,1.355037395512538427e-03,3.167619885613726116e-04,1.583809942806863058e-04,1.759788825340958803e-05,2.146942366915970037e-03,6.511218653761547976e-04,3.871535415750109637e-04,3.343598768147821860e-04,8.446986361636603336e-04,7.215134183897930955e-04,6.088869335679717755e-03,3.167619885613726116e-04,2.498900131984161960e-03,5.754509458864936165e-03,7.039155301363836294e-04,3.558293004839419016e-02,1.601407831060272687e-03,8.095028596568411847e-04,6.687197536295643721e-04,1.759788825340959074e-04,9.502859656841178889e-04,8.446986361636603336e-04,5.983282006159260742e-04,7.039155301363836294e-04,5.103387593488780934e-04,1.372635283765947893e-03,3.889133304003519753e-03,1.478222613286405557e-02,1.443026836779586278e-02,6.039595248570171077e-02,-4.276286845578530608e-03,8.798944126704795910e-04,1.935767707875054818e-04,1.777386713594368561e-02,1.179058512978442465e-03,1.759788825340958803e-05,9.326880774307083144e-04,3.941926968763748151e-03
4.645842498900131998e-03,8.482182138143421618e-03,1.928024637043554701e-01,5.455345358556973508e-04,1.022437307523097090e-02,3.681478222613286666e-02,1.097404311482621936e-01,1.466256049274086981e-01,4.205895292564891877e-03,-8.672239331280245933e-02,1.399208095028596499e-01,-1.837219533655961093e-02,7.975362956445226914e-02,1.066256049274087042e-01,1.025956885173779157e-02,-4.223493180818301668e-04,4.051737791465024330e-01,1.612494500659920893e-01,2.221205455345358348e-01,1.515178178618565609e-02,-3.413990321161460006e-02,3.589969203695556228e-03,2.651473823141222708e-01,1.641882974043114632e-02,1.798504179498460268e-02,0.000000000000000000e+00,7.169027716673999073e-01,8.008798944126704900e-02,2.197976242850857576e-02,5.347998240211174203e-02,5.356797184337878936e-02,4.855257369115705685e-02,2.710074791025076854e-03,7.838099428068631691e-02,7.018037835459743634e-02,9.455345358556972724e-02,5.221293444786625354e-02,6.592168939727233168e-02,2.483062032556093007e-02,3.088429388473383150e-02,-5.631324241091068168e-04,1.594368675758908727e-02,3.433347998240211113e-02,1.011878574571051410e-02,6.810382754069511067e-03,3.994720633523977417e-03,4.733831940167180195e-03,1.478222613286405557e-03,2.340519137703475465e-03,3.871535415750109637e-04,3.044434667839858877e-03,3.686757589089309506e-02,-6.687197536295643721e-04,2.111746590409150671e-03,2.868455785305763350e-03,8.534975802903650016e-03,4.008798944126704816e-02,1.566212054553453538e-03,-2.769907611086669386e-02,1.907611086669599304e-02,-6.581610206775187141e-03,4.181258249010118277e-02,5.824901011878574029e-03,1.355037395512538427e-03,-1.970963484381874076e-03,6.863176418829740333e-03,1.511658600967883716e-02,4.121425428948525399e-02,-6.106467223933128088e-03,-5.596128464584249236e-03,1.214254289485261614e-03,-1.824901011878574467e-02,1.140343158820941380e-02,9.379674439067311326e-03,2.605719313682358096e-01,2.580906291245050332e-01,-2.993400791904971339e-02,3.537175538935327396e-03,2.850857897052353450e-03,4.920369555653321403e-02,4.153101627804663479e-03,5.279366476022877085e-05,6.071271447426308289e-03,5.207215134183897781e-02
1.249450065992080980e-03,3.630444346678397827e-02,1.368411790585129795e-01,4.065112186537615281e-03,5.772107347118344764e-03,1.182578090629124445e-02,2.446106467223932782e-02,1.325120985481742161e-02,9.186097668279805464e-03,-8.957325120985480671e-03,4.207655081390233170e-02,5.877694676638802428e-03,1.047074351077870585e-01,2.882534095908490662e-02,7.391113066432027784e-03,1.441267047954245331e-02,1.031060272767267832e-01,2.938847338319401301e-02,6.162780466344038033e-02,8.024637043554773766e-03,2.981082270127584366e-02,3.127144742630884322e-02,1.159172899252089578e-01,4.478662560492741029e-02,5.018917729872415107e-02,7.169027716673999073e-01,0.000000000000000000e+00,-6.701275846898371857e-02,4.543774747030356054e-02,2.903651561812582282e-03,7.003959524857017449e-02,1.749230092388913069e-02,1.355037395512538427e-03,2.220853497580290228e-02,4.427628684557852884e-02,5.810822701275846630e-02,2.641443026836779243e-02,4.506819181698195481e-02,1.620765508139023273e-02,2.085349758029036299e-02,4.329080510338759007e-03,1.187857457105147285e-02,2.912450505939286755e-02,1.462384513858336864e-02,7.690277166739990442e-03,4.153101627804663479e-03,1.050593928728552583e-02,1.847778266608006946e-03,1.513418389793224706e-03,2.991641003079630371e-04,2.454905411350637862e-02,3.672679278486581239e-02,3.009238891333039945e-03,1.777386713594368431e-03,5.983282006159260091e-03,2.727672679278486320e-03,1.231852177738671297e-02,3.396392432908050367e-03,3.818741750989880588e-03,2.280686317641882760e-02,2.234931808183018235e-03,8.015838099428067298e-02,1.274087109546854363e-02,4.733831940167180195e-03,1.495820501539815023e-02,1.900571931368235778e-03,9.678838539375273983e-03,2.351077870655520971e-02,4.434667839859216670e-03,2.164540255169379503e-03,8.974923009238890137e-03,2.975802903651561526e-02,3.542454905411350496e-02,3.776506819181698477e-02,1.862560492740870932e-01,6.277166739991200117e-01,-4.960844698636163175e-02,7.479102507699075114e-03,8.974923009238890571e-04,6.959964804223492396e-02,3.132424109106907075e-03,7.039155301363835210e-05,4.909810822701275723e-03,3.887373515178178807e-02
1.636603607567091835e-03,-2.815662120545534084e-04,2.161020677518697350e-02,3.123625164980202082e-02,1.001319841619005557e-02,4.832380114386273379e-02,5.345358556973163200e-01,6.864936207655079892e-02,2.375714914210294570e-02,2.085877694676638583e-01,3.260888693356796958e-02,5.860096788385393135e-02,8.517377914650242285e-03,2.627364716234052017e-02,2.058952925648922100e-02,2.338759348878134345e-02,1.062912450505939209e-02,2.300043994720633520e-02,1.110426748790145114e-02,3.150021997360316628e-02,1.340959084909810750e-01,2.220853497580290228e-02,8.378354597448305074e-02,2.179674439067312008e-01,-4.100307963044435081e-03,8.008798944126704900e-02,-6.701275846898371857e-02,0.000000000000000000e+00,1.504619445666519929e-02,1.248922129344478549e-01,4.839419269687636992e-03,2.930048394192696568e-02,1.267047954245490446e-03,2.109986801583809898e-02,-2.400351957765068170e-02,-1.810822701275846894e-02,-1.664760228772546938e-02,-4.716234051913769862e-03,-7.919049714034315018e-04,1.363836339639243160e-02,4.241091069071710809e-03,2.586889573251209724e-03,-2.623845138583369777e-02,-8.024637043554773766e-03,9.678838539375273550e-04,8.446986361636603336e-04,8.095028596568411630e-03,2.234931808183018235e-03,9.326880774307083144e-04,7.743070831500219273e-04,-5.103387593488780934e-04,4.293884733831940075e-03,1.342718873735151801e-02,2.023757149142102908e-03,1.506379234491860702e-02,5.201935767707874941e-02,8.019357677078750579e-02,5.877694676638802428e-03,9.217773867135943544e-02,1.110426748790145114e-02,1.992080950285965435e-02,-8.200615926088870161e-03,2.578090629124504818e-02,8.570171579410470683e-03,1.073471183457985062e-02,7.391113066432027784e-04,-2.199736031676198435e-03,-2.199736031676198435e-03,2.254289485261768561e-02,1.766827980642322882e-02,3.889133304003519753e-03,1.564452265728112287e-02,8.297404311482621531e-02,-2.639683238011438556e-03,1.224813022437307511e-02,-5.824901011878573509e-02,2.610470743510778791e-01,-3.185217773867135907e-03,5.860096788385392962e-03,2.446106467223933129e-03,4.557853057633083800e-03,1.759788825340958803e-05,1.953365596128464610e-03,1.021381434227892626e-01
4.468103827540695350e-02,6.863176418829739465e-04,1.770347558293004775e-02,2.217333919929608335e-03,4.381874175098988272e-03,1.487021557413110463e-02,9.798504179498460087e-02,1.037219533655961284e-01,7.039155301363836294e-04,5.228332600087989140e-02,6.403871535415749106e-02,1.414870215574130959e-02,1.941047074351077983e-02,4.555741311042674768e-01,2.868455785305763350e-03,3.871535415750109637e-04,7.315442146942366386e-02,7.880334359876814410e-02,7.410470743510778890e-02,3.713154421469423358e-03,9.819621645402551446e-02,6.159260888693356487e-04,7.582930048394191658e-02,3.783545974483062090e-03,7.919049714034315018e-04,2.197976242850857576e-02,4.543774747030356054e-02,1.504619445666519929e-02,0.000000000000000000e+00,2.614694236691597062e-01,4.047514298284205815e-03,5.309282886053672684e-02,2.907171139463263915e-02,2.930224373075230870e-01,1.231852177738671297e-03,-5.666520017597887968e-03,-4.241091069071710809e-03,1.545974483062032556e-01,7.919049714034315235e-03,1.819621645402551627e-02,6.106467223933128088e-03,4.082710074791024747e-03,-5.472943246810382974e-03,-1.196656401231852148e-03,1.935767707875054710e-03,6.159260888693356487e-04,2.111746590409150671e-03,5.103387593488780934e-04,4.223493180818301668e-04,3.519577650681917605e-05,1.583809942806863058e-04,-1.970963484381874076e-03,2.991641003079630371e-04,6.687197536295643721e-04,2.041355037395512374e-03,7.215134183897930955e-04,8.904531456225252273e-03,3.871535415750109637e-04,6.212054553453585752e-03,2.041355037395512374e-03,1.970963484381874076e-03,5.156181258249009983e-03,2.674879014518257488e-03,1.443026836779586191e-03,2.463704355477342595e-04,4.399472063352397955e-04,1.794984601847778114e-03,3.853937527496699954e-03,1.619005719313682369e-03,8.271007479102506508e-04,8.798944126704795368e-05,3.326000879894412503e-03,2.129344478662560571e-03,4.223493180818301668e-04,1.434227892652881718e-02,2.080070391553013459e-02,6.476022877254729478e-03,1.918169819621645461e-03,1.935767707875054818e-04,3.044434667839858877e-03,9.326880774307083144e-04,0.000000000000000000e+00,1.443026836779586191e-03,-5.578530576330839770e-03
3.134183897932247415e-02,7.039155301363835210e-05,1.955125384953805209e-02,2.991641003079630371e-04,3.519577650681918147e-04,3.185217773867135907e-03,3.988913330400352120e-01,5.112186537615485971e-02,-1.759788825340959074e-04,2.864936207655080849e-02,6.810382754069511067e-03,-8.798944126704795910e-04,2.886053673559172382e-03,1.872239331280246277e-01,1.935767707875054818e-04,4.927408710954685189e-04,3.243290805103387492e-02,1.518697756269247676e-02,2.092388913330400085e-02,2.639683238011438339e-04,3.276374835019797427e-01,2.991641003079630371e-04,1.707699076110866521e-01,3.554773427188736862e-03,3.343598768147821860e-04,5.347998240211174203e-02,2.903651561812582282e-03,1.248922129344478549e-01,2.614694236691597062e-01,0.000000000000000000e+00,4.751429828420589445e-04,9.749230092388911847e-03,1.911130664320281544e-02,8.149582050153982016e-02,2.956445226572811114e-03,1.004839419269687624e-02,-5.772107347118344764e-03,3.630444346678397827e-02,8.271007479102506508e-04,5.279366476022876679e-04,5.279366476022876679e-04,6.863176418829739465e-04,3.642762868455785060e-03,-5.279366476022876679e-04,1.777386713594368431e-03,2.815662120545534084e-04,8.798944126704795368e-05,7.039155301363835210e-05,7.039155301363835210e-05,7.039155301363835210e-05,0.000000000000000000e+00,8.974923009238890571e-04,0.000000000000000000e+00,1.759788825340959074e-04,1.583809942806863058e-04,3.695556533216013892e-04,1.794984601847778114e-03,-5.279366476022877085e-05,-5.631324241091068168e-04,4.047514298284205924e-04,-1.759788825340958803e-05,1.143862736471623317e-03,7.743070831500219273e-04,-1.231852177738671297e-04,1.231852177738671297e-04,5.279366476022877085e-05,2.815662120545534084e-04,5.631324241091068168e-04,1.583809942806863058e-04,8.271007479102506508e-04,3.519577650681917605e-05,2.586889573251209724e-03,8.798944126704795368e-05,8.798944126704795368e-05,2.234931808183018235e-03,1.407831060272767259e-03,4.417069951605807204e-03,7.391113066432027784e-04,3.343598768147821860e-04,5.455345358556973508e-04,2.287725472943246579e-04,0.000000000000000000e+00,2.287725472943246579e-04,1.337439507259128744e-03
1.935767707875054818e-04,2.094148702155741205e-03,2.586889573251209724e-03,1.196656401231852148e-03,2.182138143422789403e-03,5.525736911570611372e-03,2.252529696436427267e-03,8.306203255609326958e-03,1.636603607567091835e-03,7.162340519137702123e-03,2.270127584689837080e-02,5.948086229652441159e-03,4.647602287725472597e-02,3.959524857017157617e-03,2.182138143422789403e-03,4.399472063352397955e-04,2.886053673559172382e-03,6.317641882974042548e-03,2.745270567531895786e-03,2.692476902771667388e-03,3.589969203695556228e-03,1.372635283765947893e-03,4.205895292564891877e-03,4.839419269687636992e-03,1.492300923889133303e-02,5.356797184337878936e-02,7.003959524857017449e-02,4.839419269687636992e-03,4.047514298284205815e-03,4.751429828420589445e-04,0.000000000000000000e+00,6.159260888693356487e-03,1.407831060272767042e-04,3.730752309722833258e-03,1.200175978882534085e-02,1.432468103827540425e-02,7.479102507699075114e-03,8.869335679718433341e-03,7.074351077870654793e-03,7.074351077870654793e-03,2.234931808183018235e-03,3.466783985921689532e-03,7.479102507699075114e-03,2.886053673559172382e-03,1.601407831060272687e-03,9.326880774307083144e-04,2.921249450065992181e-03,6.687197536295643721e-04,5.807303123625164997e-04,7.039155301363835210e-05,1.231852177738671297e-03,1.337439507259128744e-03,4.399472063352397955e-04,5.807303123625164997e-04,2.094148702155741205e-03,1.654201495820501302e-03,1.099868015838099435e-02,3.695556533216013892e-04,5.120985481742190183e-03,1.249450065992080763e-02,1.478222613286405557e-03,3.734271887373515064e-02,2.921249450065992181e-03,1.601407831060272687e-03,5.983282006159260742e-04,4.575450945886493158e-04,2.692476902771667388e-03,2.340519137703475465e-03,1.126264848218213634e-03,8.622965244170697997e-04,4.575450945886493158e-04,1.337439507259128744e-03,5.613726352837658702e-03,8.904531456225252273e-03,3.649802023757148933e-02,6.236691597008358484e-02,8.622965244170697997e-04,1.548614166300043855e-03,2.287725472943246579e-04,3.521337439507259137e-02,1.249450065992080980e-03,3.519577650681917605e-05,1.918169819621645461e-03,1.034755829300483890e-02
2.006159260888693441e-03,5.455345358556973508e-04,4.117905851297843679e-03,4.821821381434227526e-03,1.687637483501979591e-02,4.987241531016277374e-02,1.516937967443906556e-02,1.139111306643202648e-01,3.431588209414870166e-03,5.450065992080949800e-02,7.447426308842938769e-02,2.887813462384513502e-02,3.970083589969203297e-02,6.974043114826219969e-02,1.826660800703915413e-02,3.695556533216013892e-04,1.126264848218213807e-02,3.074351077870655577e-02,1.117465904091508901e-02,9.907611086669598777e-03,9.010118785745709069e-03,6.335239771227452231e-04,1.179058512978442552e-02,8.939727232732072940e-03,2.076550813902331739e-03,4.855257369115705685e-02,1.749230092388913069e-02,2.930048394192696568e-02,5.309282886053672684e-02,9.749230092388911847e-03,6.159260888693356487e-03,0.000000000000000000e+00,1.900571931368235778e-03,6.097668279806423008e-02,8.886933567971842807e-02,2.280686317641882760e-02,1.066432028156621102e-02,5.363836339639242723e-02,7.602287725472943111e-03,4.747910250769907248e-02,1.212494500659920711e-02,8.112626484821821096e-03,9.678838539375273983e-03,-2.217333919929608335e-03,2.217333919929608335e-03,1.302243730752309595e-03,6.827980642322921401e-03,1.812582490101187797e-03,8.974923009238890571e-04,1.583809942806863058e-04,1.759788825340959074e-04,1.548614166300043855e-03,2.498900131984161960e-03,1.196656401231852148e-03,6.863176418829740333e-03,5.754509458864936165e-03,3.741311042674878851e-02,1.161460624725032999e-03,2.208534975802903255e-02,6.053673559172898823e-03,8.499780026396831084e-03,1.435987681478222491e-02,6.370435547734271814e-03,4.962604487461504121e-03,4.047514298284205924e-04,2.639683238011438339e-04,3.079630444346678243e-03,2.674879014518257488e-03,7.039155301363836728e-03,1.953365596128464610e-03,2.639683238011438339e-04,2.921249450065992181e-03,7.144742630884293524e-03,1.196656401231852148e-03,1.284645842498900042e-02,1.286405631324240989e-02,1.545094588649362048e-02,2.164540255169379503e-03,6.159260888693356487e-04,7.021557413110426395e-03,3.273207215134183671e-03,3.519577650681917605e-05,3.202815662120545373e-03,4.468103827540695350e-02
3.167619885613726007e-03,3.519577650681917605e-05,2.463704355477342595e-04,0.000000000000000000e+00,3.519577650681917605e-05,1.055873295204575417e-04,2.023757149142102908e-03,1.706995160580730350e-03,0.000000000000000000e+00,1.038275406951165870e-03,9.678838539375273550e-04,2.639683238011438339e-04,3.343598768147821860e-04,1.645402551693796872e-02,1.759788825340958803e-05,1.759788825340958803e-05,2.498900131984161960e-03,2.358117025956884931e-03,2.340519137703475465e-03,1.759788825340958803e-05,7.567091948966124179e-03,0.000000000000000000e+00,4.874615046194455924e-03,1.055873295204575417e-04,1.759788825340958803e-05,2.710074791025076854e-03,1.355037395512538427e-03,1.267047954245490446e-03,2.907171139463263915e-02,1.911130664320281544e-02,1.407831060272767042e-04,1.900571931368235778e-03,0.000000000000000000e+00,1.761548614166300042e-02,2.815662120545534084e-04,3.871535415750109637e-04,-1.407831060272767042e-04,1.270567531896172296e-02,2.463704355477342595e-04,4.927408710954685189e-04,2.111746590409150834e-04,1.055873295204575417e-04,5.279366476022877085e-05,-1.759788825340958803e-05,1.055873295204575417e-04,0.000000000000000000e+00,0.000000000000000000e+00,0.000000000000000000e+00,0.000000000000000000e+00,0.000000000000000000e+00,0.000000000000000000e+00,3.519577650681917605e-05,0.000000000000000000e+00,3.519577650681917605e-05,0.000000000000000000e+00,0.000000000000000000e+00,7.039155301363835210e-05,3.519577650681917605e-05,5.279366476022877085e-05,3.519577650681917605e-05,1.759788825340958803e-05,1.055873295204575417e-04,1.759788825340958803e-05,0.000000000000000000e+00,1.759788825340958803e-05,0.000000000000000000e+00,0.000000000000000000e+00,1.759788825340958803e-05,0.000000000000000000e+00,3.519577650681917605e-05,0.000000000000000000e+00,0.000000000000000000e+00,0.000000000000000000e+00,0.000000000000000000e+00,1.935767707875054818e-04,2.463704355477342595e-04,1.055873295204575417e-04,1.759788825340958803e-05,1.759788825340958803e-05,0.000000000000000000e+00,1.759788825340958803e-05,0.000000000000000000e+00,3.519577650681917605e-05,-7.039155301363835210e-05
1.124505059392872861e-02,2.287725472943246579e-04,8.271007479102506508e-04,8.798944126704795910e-04,3.449186097668279199e-03,9.538055433347996520e-03,6.845578530576329999e-03,3.797624285085789836e-02,-1.759788825340958803e-05,1.724593048834139816e-02,6.627364716234050712e-02,7.690277166739990442e-03,1.342718873735151801e-02,1.517817861856577133e-01,1.619005719313682369e-03,1.935767707875054818e-04,7.989441267047953099e-02,6.206775186977562392e-02,7.150021997360316017e-02,1.531016278046634389e-03,5.694676638803343460e-02,1.759788825340959074e-04,5.962164540255168732e-02,1.548614166300043855e-03,5.279366476022876679e-04,7.838099428068631691e-02,2.220853497580290228e-02,2.109986801583809898e-02,2.930224373075230870e-01,8.149582050153982016e-02,3.730752309722833258e-03,6.097668279806423008e-02,1.761548614166300042e-02,0.000000000000000000e+00,4.997800263968323921e-03,8.429388473383193220e-03,2.358117025956884931e-03,1.132072151341839000e-01,7.250329960404751188e-03,1.092828860536735475e-02,4.874615046194455924e-03,2.322921249450065999e-03,3.326000879894412503e-03,7.039155301363835210e-05,1.091069071711394702e-03,3.695556533216013892e-04,1.583809942806863004e-03,4.399472063352397955e-04,1.935767707875054818e-04,1.759788825340958803e-05,3.519577650681917605e-05,1.460624725032996091e-03,2.111746590409150834e-04,7.215134183897930955e-04,1.706995160580730350e-03,-8.798944126704795368e-05,5.824901011878574029e-03,-1.407831060272767042e-04,9.150901891772986315e-04,2.094148702155741205e-03,9.854817421909370379e-04,3.326000879894412503e-03,1.425428948526176725e-03,5.983282006159260742e-04,1.935767707875054818e-04,1.583809942806863058e-04,8.622965244170697997e-04,1.460624725032996091e-03,7.743070831500219273e-04,3.871535415750109637e-04,5.279366476022877085e-05,1.759788825340959182e-03,8.271007479102506508e-04,3.519577650681918147e-04,6.827980642322921401e-03,7.408710954685438117e-03,3.519577650681918364e-03,6.863176418829739465e-04,4.399472063352397955e-04,2.903651561812582282e-03,7.919049714034315018e-04,0.000000000000000000e+00,1.267047954245490446e-03,-2.798064232292124618e-03
1.566212054553453538e-03,1.460624725032996091e-03,7.109546854377473725e-03,1.610206775186977593e-02,5.384953805543334776e-02,3.227276726792784878e-01,5.659480862296523834e-02,4.592696876374834924e-01,2.787505499340078852e-02,1.465376154861416369e-01,5.328640563132423791e-02,3.369995600527936341e-01,5.061152661680597825e-02,6.379234491860975853e-02,9.907611086669598777e-02,-2.446106467223933129e-03,1.233611966564012244e-02,2.231412230532335908e-02,1.043554773427188623e-02,7.454465464144302556e-02,-1.717553893532776030e-02,6.335239771227452231e-04,-2.090629124505059139e-02,6.250769907611086751e-02,3.396392432908050367e-03,7.018037835459743634e-02,4.427628684557852884e-02,-2.400351957765068170e-02,1.231852177738671297e-03,2.956445226572811114e-03,1.200175978882534085e-02,8.886933567971842807e-02,2.815662120545534084e-04,4.997800263968323921e-03,0.000000000000000000e+00,4.029916410030796176e-02,1.254729432468103777e-02,2.908930928288605208e-02,5.578530576330839770e-03,1.103563572371315388e-01,7.496700395952485448e-03,1.274087109546854363e-02,3.130664320281566215e-02,9.291684997800263995e-03,7.901451825780905769e-03,1.777386713594368431e-03,3.150021997360316628e-02,4.505059392872854535e-03,2.692476902771667388e-03,4.575450945886493158e-04,7.215134183897930955e-04,4.311482622085349541e-03,3.994720633523977417e-03,6.933567971843379064e-03,5.655961284645841941e-02,2.695996480422349281e-02,2.344566652001759677e-01,1.853057633084029959e-02,2.490453145622524844e-01,1.874175098988121319e-02,7.695556533216013628e-02,2.710074791025076854e-02,3.026836779586449672e-02,2.305323361196656359e-02,-2.410910690717113763e-03,1.126264848218213634e-03,1.441267047954245331e-02,1.156181258249010073e-02,5.511658600967883626e-02,-6.722393312802462870e-03,1.601407831060272687e-03,-1.133304003519577594e-02,4.747910250769907248e-02,2.974043114826220580e-03,3.743070831500219797e-02,4.371315442146941899e-02,2.021997360316761874e-02,-4.927408710954685189e-03,1.935767707875054710e-03,1.370875494940607120e-02,8.746150461944565344e-03,-1.055873295204575417e-04,8.622965244170699081e-03,8.124065112186537041e-01
5.455345358556973508e-04,7.391113066432027784e-04,2.278926528816541813e-02,-3.572371315442146762e-03,8.429388473383193220e-03,-3.285525736911570904e-02,1.240651121865376030e-02,3.605807303123625268e-02,2.639683238011438556e-03,-1.691157061152661484e-02,2.548174219093708726e-02,-1.935767707875054797e-02,3.899692036955564739e-02,1.766827980642322882e-02,1.150901891772987233e-02,1.020677518697756187e-03,2.002639683238011115e-02,2.386273647162340250e-02,2.384513858336999650e-02,-6.335239771227452231e-04,-2.884293884733831956e-02,1.636603607567091835e-03,-9.133304003519577066e-03,1.168499780026396873e-02,4.540255169379674334e-03,9.455345358556972724e-02,5.810822701275846630e-02,-1.810822701275846894e-02,-5.666520017597887968e-03,1.004839419269687624e-02,1.432468103827540425e-02,2.280686317641882760e-02,3.871535415750109637e-04,8.429388473383193220e-03,4.029916410030796176e-02,0.000000000000000000e+00,7.755389353277605813e-02,2.945886493620765434e-02,8.288605367355917491e-03,6.798064232292125308e-02,3.853937527496699954e-03,1.629564452265728006e-02,3.741311042674878851e-02,1.342718873735151801e-02,5.807303123625164563e-03,3.079630444346678243e-03,9.238891333040033862e-03,2.041355037395512374e-03,2.164540255169379503e-03,2.815662120545534084e-04,5.983282006159260742e-04,1.578530576330840207e-02,-1.794984601847778114e-03,2.446106467223933129e-03,-7.936647602287724701e-03,-2.692476902771667388e-03,-4.471623405191376549e-02,1.055873295204575336e-03,-2.080070391553013459e-02,1.240651121865376030e-02,-1.689397272327320667e-03,2.025516937967443767e-02,-1.191377034755829178e-02,5.015398152221733387e-03,5.103387593488780934e-04,1.935767707875054710e-03,9.872415310162779845e-03,1.601407831060272513e-02,-1.390233172019357576e-03,-1.531016278046634302e-02,1.407831060272767259e-03,-2.389793224813022490e-02,9.098108227012758134e-03,2.569291684997799825e-03,6.083589969203694742e-02,3.788825340959084409e-02,-2.826220853497580371e-02,-7.267927848658159787e-03,4.593048834139902732e-03,5.543334799824020838e-03,1.513418389793224706e-03,1.759788825340959074e-04,4.663440387153540596e-03,3.827540695116585928e-02
2.815662120545534084e-04,5.631324241091068168e-04,8.570171579410470683e-03,-1.020677518697756187e-03,2.604487461504619190e-03,-9.872415310162779845e-03,6.775186977562692135e-03,4.645842498900131998e-03,7.391113066432027784e-04,-3.519577650681917605e-05,1.237131544214694137e-02,1.935767707875054710e-03,1.782666080070391401e-02,1.124505059392872861e-02,4.047514298284205924e-04,-1.759788825340958803e-05,1.333919929608446894e-02,1.471183457985041770e-02,1.319841619005719148e-02,-2.287725472943246579e-04,-2.569291684997799825e-03,4.751429828420589445e-04,-4.012318521777386883e-03,1.390233172019357576e-03,1.513418389793224706e-03,5.221293444786625354e-02,2.641443026836779243e-02,-1.664760228772546938e-02,-4.241091069071710809e-03,-5.772107347118344764e-03,7.479102507699075114e-03,1.066432028156621102e-02,-1.407831060272767042e-04,2.358117025956884931e-03,1.254729432468103777e-02,7.755389353277605813e-02,0.000000000000000000e+00,3.169379674439067041e-02,1.448306203255609118e-02,1.589089309282885887e-02,1.882974043114825878e-03,1.355037395512538427e-02,1.435987681478222491e-02,5.437747470303563174e-03,2.991641003079630046e-03,1.636603607567091835e-03,2.551693796744390792e-03,6.511218653761547976e-04,7.567091948966123529e-04,8.798944126704795368e-05,3.167619885613726116e-04,5.736911570611526699e-03,-4.047514298284205924e-04,-2.111746590409150834e-04,-2.252529696436427267e-03,9.502859656841178889e-04,-3.484381874175098565e-03,1.407831060272767042e-04,5.807303123625164563e-03,5.472943246810382974e-03,2.111746590409150834e-04,6.968763748350197129e-03,1.548614166300043855e-03,-8.622965244170697997e-04,-6.687197536295643721e-04,3.167619885613726116e-04,2.622085349758028656e-03,7.303123625164980454e-03,5.983282006159260742e-04,-1.531016278046634389e-03,4.047514298284205924e-04,-5.596128464584249236e-03,1.020677518697756187e-03,6.863176418829739465e-04,3.711394632644082758e-02,2.076550813902331566e-02,-6.722393312802462870e-03,-1.970963484381874076e-03,-4.223493180818301668e-04,2.657281126264848022e-03,4.575450945886493158e-04,3.519577650681917605e-05,3.519577650681918147e-04,9.749230092388911847e-03
4.223493180818301343e-03,5.103387593488780934e-04,1.230092388913330351e-02,-1.654201495820501302e-03,6.053673559172898823e-03,1.476462824461064610e-02,1.184337879454465392e-02,2.764628244610646199e-02,1.143862736471623317e-03,-6.088869335679717755e-03,5.247690277166739553e-02,-1.319841619005719148e-02,2.417949846018477636e-02,7.406951165860096997e-02,4.927408710954685189e-03,4.575450945886493158e-04,1.923449186097668170e-02,4.909810822701275723e-02,4.161900571931367865e-02,1.478222613286405557e-03,2.739991201055872946e-02,4.223493180818301668e-04,3.083150021997359963e-02,3.871535415750109420e-03,1.249450065992080980e-03,6.592168939727233168e-02,4.506819181698195481e-02,-4.716234051913769862e-03,1.545974483062032556e-01,3.630444346678397827e-02,8.869335679718433341e-03,5.363836339639242723e-02,1.270567531896172296e-02,1.132072151341839000e-01,2.908930928288605208e-02,2.945886493620765434e-02,3.169379674439067041e-02,0.000000000000000000e+00,4.325560932688077287e-02,1.772107347118345722e-02,6.898372195336558398e-03,9.942806863176419443e-03,9.203695556533216665e-03,3.079630444346678243e-03,3.167619885613726007e-03,1.583809942806863004e-03,4.329080510338759007e-03,1.460624725032996091e-03,9.326880774307083144e-04,7.039155301363835210e-05,2.639683238011438339e-04,5.420149582050153708e-03,-5.279366476022876679e-04,9.326880774307083144e-04,3.150021997360316541e-03,2.586889573251209724e-03,1.877694676638803212e-02,5.103387593488780934e-04,-4.681038275406950930e-03,4.628244610646722532e-03,-2.041355037395512374e-03,1.084029916410030742e-02,4.012318521777386883e-03,2.498900131984161960e-03,3.871535415750109637e-04,1.003079630444346721e-03,2.956445226572811114e-03,4.821821381434227526e-03,7.919049714034315018e-04,1.583809942806863004e-03,2.639683238011438339e-04,4.241091069071710809e-03,2.622085349758028656e-03,1.372635283765947893e-03,2.058952925648922100e-02,2.150461944566651670e-02,-7.813462384513858439e-03,2.410910690717113763e-03,6.159260888693356487e-04,8.183018037835458960e-03,2.287725472943246633e-03,3.519577650681917605e-05,3.607567091948965694e-03,2.085349758029036299e-02
2.111746590409150834e-04,4.047514298284205924e-04,4.909810822701275723e-03,-1.935767707875054818e-04,2.798064232292124618e-03,4.716234051913769862e-03,2.129344478662560571e-03,6.106467223933128088e-03,1.759788825340959074e-04,-3.906731192256929219e-03,1.040035195776506730e-02,-1.900571931368235778e-03,1.261768587769467563e-02,4.786625604927408593e-03,1.073471183457985019e-03,1.935767707875054818e-04,6.317641882974042548e-03,8.587769467663880149e-03,5.032996040475141986e-03,1.091069071711394702e-03,4.698636163660360396e-03,2.639683238011438339e-04,6.687197536295643938e-03,9.150901891772986315e-04,8.622965244170697997e-04,2.483062032556093007e-02,1.620765508139023273e-02,-7.919049714034315018e-04,7.919049714034315235e-03,8.271007479102506508e-04,7.074351077870654793e-03,7.602287725472943111e-03,2.463704355477342595e-04,7.250329960404751188e-03,5.578530576330839770e-03,8.288605367355917491e-03,1.448306203255609118e-02,4.325560932688077287e-02,0.000000000000000000e+00,5.754509458864936165e-03,3.290805103387593571e-03,6.212054553453585752e-03,2.375714914210294397e-03,1.619005719313682369e-03,1.073471183457985019e-03,7.743070831500219273e-04,1.407831060272767259e-03,4.047514298284205924e-04,4.751429828420589445e-04,0.000000000000000000e+00,8.798944126704795368e-05,2.446106467223933129e-03,0.000000000000000000e+00,2.991641003079630371e-04,1.091069071711394702e-03,8.446986361636603336e-04,6.071271447426308289e-03,2.287725472943246579e-04,-2.322921249450065999e-03,2.727672679278486320e-03,-4.751429828420589445e-04,6.000879894412670425e-03,1.759788825340959182e-03,6.687197536295643721e-04,1.759788825340958803e-05,3.519577650681918147e-04,1.038275406951165870e-03,1.988561372635283542e-03,1.231852177738671297e-04,3.519577650681918147e-04,5.279366476022877085e-05,1.601407831060272687e-03,7.391113066432027784e-04,7.215134183897930955e-04,8.922129344478661739e-03,1.010118785745710464e-02,-1.742190937087549282e-03,8.446986361636603336e-04,1.935767707875054818e-04,4.733831940167180195e-03,7.567091948966123529e-04,1.759788825340958803e-05,1.055873295204575336e-03,4.434667839859216670e-03
5.807303123625164997e-04,5.807303123625164997e-04,4.610646722393312198e-03,6.511218653761547542e-03,2.667839859216893789e-02,8.593048834139903336e-02,1.010118785745710464e-02,8.292124945006598691e-02,4.945006599208094655e-03,3.211614606247250453e-02,3.104267487901451669e-02,3.438627364716233953e-02,2.783985921689397305e-02,2.942366915970083541e-02,3.758908930928288317e-02,6.511218653761547976e-04,4.100307963044435081e-03,1.450065992080950238e-02,8.165420149582049494e-03,1.355037395512538427e-02,7.848658161020677371e-03,6.335239771227452231e-04,9.608446986361636119e-03,1.242410910690717150e-02,1.654201495820501302e-03,3.088429388473383150e-02,2.085349758029036299e-02,1.363836339639243160e-02,1.819621645402551627e-02,5.279366476022876679e-04,7.074351077870654793e-03,4.747910250769907248e-02,4.927408710954685189e-04,1.092828860536735475e-02,1.103563572371315388e-01,6.798064232292125308e-02,1.589089309282885887e-02,1.772107347118345722e-02,5.754509458864936165e-03,0.000000000000000000e+00,7.179938407391112457e-03,8.147822261328640028e-03,1.233611966564012244e-02,3.361196656401231435e-03,2.446106467223933129e-03,9.326880774307083144e-04,7.690277166739990442e-03,1.390233172019357576e-03,9.678838539375273550e-04,7.039155301363835210e-05,2.463704355477342595e-04,4.751429828420589445e-04,3.167619885613726007e-03,1.143862736471623317e-03,9.291684997800263995e-03,7.338319401671798518e-03,4.374835019797623792e-02,1.847778266608006946e-03,3.155301363836339468e-02,7.320721513418389052e-03,9.538055433347996520e-03,1.268807743070831523e-02,7.003959524857016061e-03,6.194456665200175419e-03,5.455345358556973508e-04,2.639683238011438339e-04,4.505059392872854535e-03,3.889133304003519753e-03,7.866256049274086837e-03,2.481302243730752061e-03,4.575450945886493158e-04,1.724593048834139599e-03,9.362076550813901860e-03,1.601407831060272687e-03,7.127144742630884058e-03,1.573251209854817367e-02,8.763748350197976544e-03,2.340519137703475465e-03,2.287725472943246579e-04,7.795864496260448105e-03,3.378794544654641335e-03,5.279366476022877085e-05,3.026836779586449411e-03,5.627804663440386795e-02
1.407831060272767042e-04,1.055873295204575417e-04,7.919049714034315018e-04,4.047514298284205924e-04,4.962604487461504121e-03,7.285525736911570120e-03,1.918169819621645461e-03,6.264848218213814150e-03,4.927408710954685189e-04,3.185217773867135907e-03,1.245930488341398870e-02,2.305323361196656099e-03,1.020677518697756317e-02,3.290805103387593571e-03,2.111746590409150671e-03,5.279366476022877085e-05,1.038275406951165870e-03,4.962604487461504121e-03,1.161460624725032999e-03,9.678838539375273550e-04,2.217333919929608335e-03,1.055873295204575417e-04,2.886053673559172382e-03,1.249450065992080980e-03,3.167619885613726116e-04,-5.631324241091068168e-04,4.329080510338759007e-03,4.241091069071710809e-03,6.106467223933128088e-03,5.279366476022876679e-04,2.234931808183018235e-03,1.212494500659920711e-02,2.111746590409150834e-04,4.874615046194455924e-03,7.496700395952485448e-03,3.853937527496699954e-03,1.882974043114825878e-03,6.898372195336558398e-03,3.290805103387593571e-03,7.179938407391112457e-03,0.000000000000000000e+00,2.058952925648921840e-03,1.249450065992080980e-03,4.575450945886493158e-04,3.519577650681918147e-04,1.935767707875054818e-04,1.161460624725032999e-03,2.815662120545534084e-04,8.798944126704795368e-05,7.039155301363835210e-05,5.279366476022877085e-05,2.815662120545534084e-04,1.583809942806863058e-04,1.583809942806863058e-04,8.974923009238890571e-04,1.161460624725032999e-03,4.487461504619445068e-03,1.407831060272767042e-04,2.322921249450065999e-03,1.126264848218213634e-03,4.399472063352397955e-04,3.079630444346678243e-03,6.863176418829739465e-04,9.854817421909370379e-04,1.583809942806863058e-04,1.759788825340958803e-05,2.991641003079630371e-04,4.927408710954685189e-04,6.863176418829739465e-04,2.287725472943246579e-04,5.279366476022877085e-05,4.927408710954685189e-04,9.326880774307083144e-04,4.223493180818301668e-04,1.882974043114825878e-03,3.150021997360316541e-03,1.636603607567091835e-03,5.631324241091068168e-04,7.039155301363835210e-05,2.058952925648921840e-03,4.399472063352397955e-04,1.759788825340958803e-05,8.271007479102506508e-04,5.068191816981961785e-03
1.055873295204575417e-04,5.455345358556973508e-04,4.100307963044435081e-03,1.073471183457985019e-03,2.674879014518257488e-03,6.458424989001319144e-03,3.202815662120545373e-03,7.831060272767267905e-03,5.983282006159260742e-04,5.719313682358116366e-03,6.915970083589968731e-03,5.032996040475141986e-03,1.087549494060712635e-02,3.431588209414870166e-03,2.639683238011438556e-03,1.935767707875054818e-04,2.534095908490980893e-03,3.273207215134183671e-03,3.062032556093268777e-03,2.322921249450065999e-03,4.205895292564891877e-03,4.223493180818301668e-04,5.226572811262647847e-03,1.970963484381874076e-03,2.164540255169379503e-03,1.594368675758908727e-02,1.187857457105147285e-02,2.586889573251209724e-03,4.082710074791024747e-03,6.863176418829739465e-04,3.466783985921689532e-03,8.112626484821821096e-03,1.055873295204575417e-04,2.322921249450065999e-03,1.274087109546854363e-02,1.629564452265728006e-02,1.355037395512538427e-02,9.942806863176419443e-03,6.212054553453585752e-03,8.147822261328640028e-03,2.058952925648921840e-03,0.000000000000000000e+00,4.716234051913769862e-03,1.935767707875054710e-03,1.337439507259128744e-03,1.196656401231852148e-03,2.921249450065992181e-03,8.622965244170697997e-04,4.751429828420589445e-04,3.519577650681917605e-05,2.815662120545534084e-04,8.798944126704795910e-04,2.111746590409150834e-04,7.919049714034315018e-04,2.674879014518257488e-03,1.882974043114825878e-03,1.518697756269247676e-02,3.343598768147821860e-04,6.845578530576329999e-03,3.290805103387593571e-03,1.091069071711394702e-03,1.187857457105147285e-02,3.554773427188736862e-03,1.724593048834139599e-03,2.463704355477342595e-04,1.935767707875054818e-04,1.689397272327320667e-03,1.302243730752309595e-03,8.095028596568411847e-04,5.807303123625164997e-04,7.039155301363835210e-05,2.252529696436427267e-03,1.619005719313682369e-03,1.531016278046634389e-03,6.792784865816100734e-03,1.015398152221733304e-02,2.463704355477342595e-03,1.337439507259128744e-03,2.639683238011438339e-04,4.170699516058072945e-03,1.953365596128464610e-03,7.039155301363835210e-05,2.393312802463704297e-03,1.040035195776506730e-02
-5.279366476022877085e-05,8.095028596568411847e-04,1.668279806423229178e-02,-3.079630444346678243e-03,4.364276286845578806e-03,-5.719313682358116366e-03,4.857017157941046458e-03,1.478222613286405557e-02,2.340519137703475465e-03,-8.376594808622964822e-03,1.509898812142542769e-02,-2.428508578970523229e-03,2.373955125384953624e-02,5.930488341399031693e-03,5.648922129344478502e-03,1.319841619005719278e-03,6.053673559172898823e-03,7.743070831500218840e-03,5.807303123625164563e-03,-5.103387593488780934e-04,-1.828420589529256360e-02,2.006159260888693441e-03,-3.524857017157940337e-02,1.018917729872415197e-02,2.692476902771667388e-03,3.433347998240211113e-02,2.912450505939286755e-02,-2.623845138583369777e-02,-5.472943246810382974e-03,3.642762868455785060e-03,7.479102507699075114e-03,9.678838539375273983e-03,5.279366476022877085e-05,3.326000879894412503e-03,3.130664320281566215e-02,3.741311042674878851e-02,1.435987681478222491e-02,9.203695556533216665e-03,2.375714914210294397e-03,1.233611966564012244e-02,1.249450065992080980e-03,4.716234051913769862e-03,0.000000000000000000e+00,5.647162340519137902e-02,9.643642762868455051e-03,8.147822261328640028e-03,2.134623845138583151e-02,1.830180378354597263e-03,5.983282006159260091e-03,4.223493180818301668e-04,7.215134183897930955e-04,1.714034315882094137e-02,-1.425428948526176725e-03,3.537175538935327396e-03,-9.432468103827539724e-03,2.252529696436427267e-03,-6.125824901011877460e-02,7.919049714034315018e-04,-1.791465024197096134e-02,1.722833260008798870e-02,-1.143862736471623317e-03,1.907611086669599304e-02,-4.733831940167180195e-03,6.968763748350197129e-03,2.938847338319401214e-03,2.463704355477342595e-03,2.822701275846898131e-02,2.761108666959964653e-02,-1.267047954245490446e-03,-1.611966564012318193e-02,9.150901891772986315e-04,-4.798944126704795393e-02,8.482182138143421618e-03,2.692476902771667388e-03,1.149318081830180277e-01,5.881214254289485188e-02,-2.926528816542015021e-02,-9.661240651121864517e-03,4.857017157941046458e-03,7.391113066432027784e-03,1.126264848218213634e-03,1.407831060272767042e-04,6.581610206775187141e-03,4.098548174219093787e-02
3.519577650681917605e-05,1.020677518697756187e-03,3.026836779586449411e-03,-1.443026836779586191e-03,1.284645842498899912e-03,-3.185217773867135907e-03,1.055873295204575336e-03,2.076550813902331739e-03,8.095028596568411847e-04,-3.114826220853497175e-03,3.748350197976242724e-03,6.863176418829739465e-04,9.837219533655960912e-03,1.988561372635283542e-03,1.706995160580730350e-03,1.231852177738671297e-04,1.777386713594368431e-03,1.777386713594368431e-03,1.706995160580730350e-03,-6.687197536295643721e-04,-2.921249450065992181e-03,1.636603607567091835e-03,-4.153101627804663479e-03,1.091069071711394702e-03,1.425428948526176725e-03,1.011878574571051410e-02,1.462384513858336864e-02,-8.024637043554773766e-03,-1.196656401231852148e-03,-5.279366476022876679e-04,2.886053673559172382e-03,-2.217333919929608335e-03,-1.759788825340958803e-05,7.039155301363835210e-05,9.291684997800263995e-03,1.342718873735151801e-02,5.437747470303563174e-03,3.079630444346678243e-03,1.619005719313682369e-03,3.361196656401231435e-03,4.575450945886493158e-04,1.935767707875054710e-03,5.647162340519137902e-02,0.000000000000000000e+00,3.084909810822701257e-02,1.583809942806863047e-02,1.008358996920369517e-02,1.337439507259128744e-03,8.042234931808183232e-03,2.639683238011438339e-04,5.631324241091068168e-04,5.472943246810382974e-03,-3.167619885613726116e-04,1.126264848218213634e-03,-4.417069951605807204e-03,3.537175538935327396e-03,1.143862736471623273e-02,4.751429828420589445e-04,2.833260008798943984e-03,8.922129344478661739e-03,-7.391113066432027784e-04,9.837219533655960912e-03,3.326000879894412503e-03,-2.815662120545534084e-04,-1.091069071711394702e-03,1.495820501539815023e-03,1.059392872855257316e-02,1.455345358556973251e-02,-7.039155301363836294e-04,-4.575450945886493266e-03,8.446986361636603336e-04,-1.678838539375274858e-02,6.159260888693356487e-04,2.322921249450065999e-03,5.147382314122304903e-02,2.261328640563132347e-02,-8.904531456225252273e-03,-6.616805983282005206e-03,4.751429828420589445e-04,8.024637043554773766e-03,1.706995160580730350e-03,0.000000000000000000e+00,3.589969203695556228e-03,1.596128464584249673e-02
2.287725472943246579e-04,2.111746590409150834e-04,1.847778266608006946e-03,-2.287725472943246579e-04,1.073471183457985019e-03,2.358117025956884931e-03,1.953365596128464610e-03,2.498900131984161960e-03,2.991641003079630371e-04,-9.678838539375273550e-04,3.871535415750109420e-03,-2.551693796744390792e-03,8.112626484821821096e-03,1.654201495820501302e-03,1.055873295204575336e-03,1.935767707875054818e-04,3.202815662120545373e-03,1.759788825340959182e-03,1.935767707875054710e-03,1.935767707875054818e-04,1.390233172019357576e-03,1.583809942806863058e-04,1.918169819621645461e-03,1.179058512978442465e-03,9.326880774307083144e-04,6.810382754069511067e-03,7.690277166739990442e-03,9.678838539375273550e-04,1.935767707875054710e-03,1.777386713594368431e-03,1.601407831060272687e-03,2.217333919929608335e-03,1.055873295204575417e-04,1.091069071711394702e-03,7.901451825780905769e-03,5.807303123625164563e-03,2.991641003079630046e-03,3.167619885613726007e-03,1.073471183457985019e-03,2.446106467223933129e-03,3.519577650681918147e-04,1.337439507259128744e-03,9.643642762868455051e-03,3.084909810822701257e-02,0.000000000000000000e+00,1.706995160580730003e-02,1.875934887813462265e-02,6.722393312802462870e-03,7.602287725472943111e-03,2.516498020237570993e-03,1.055873295204575417e-04,7.144742630884293524e-03,-2.991641003079630371e-04,1.495820501539815023e-03,4.804223493180818060e-03,2.745270567531895786e-03,1.495820501539815023e-02,2.639683238011438339e-04,-7.795864496260448105e-03,2.241970963484381935e-02,-4.399472063352397955e-04,9.168499780026395998e-03,7.611086669599648191e-02,3.062032556093268777e-03,3.167619885613726116e-04,6.159260888693356487e-03,1.768587769467663828e-02,2.949406071271446980e-02,2.287725472943246579e-04,1.112186537615486061e-02,1.407831060272767042e-04,1.615486141663000433e-02,1.055873295204575336e-03,1.759788825340959182e-03,3.111306643202815803e-02,2.641443026836779243e-02,-3.677958644962604426e-03,6.604487461504618406e-02,2.799824021117465825e-02,4.487461504619445068e-03,8.605367355917289615e-03,5.437747470303563174e-03,4.804223493180818233e-02,1.247690277166739990e-02
1.759788825340958803e-05,7.039155301363835210e-05,5.631324241091068168e-04,-1.055873295204575417e-04,3.871535415750109637e-04,8.974923009238890571e-04,9.502859656841178889e-04,1.020677518697756187e-03,1.231852177738671297e-04,-1.143862736471623317e-03,1.706995160580730350e-03,-7.215134183897930955e-04,4.117905851297843679e-03,3.519577650681918147e-04,3.695556533216013892e-04,3.519577650681917605e-05,1.706995160580730350e-03,1.372635283765947893e-03,1.830180378354597263e-03,-3.519577650681917605e-05,5.103387593488780934e-04,7.039155301363835210e-05,9.326880774307083144e-04,8.622965244170697997e-04,3.519577650681918147e-04,3.994720633523977417e-03,4.153101627804663479e-03,8.446986361636603336e-04,6.159260888693356487e-04,2.815662120545534084e-04,9.326880774307083144e-04,1.302243730752309595e-03,0.000000000000000000e+00,3.695556533216013892e-04,1.777386713594368431e-03,3.079630444346678243e-03,1.636603607567091835e-03,1.583809942806863004e-03,7.743070831500219273e-04,9.326880774307083144e-04,1.935767707875054818e-04,1.196656401231852148e-03,8.147822261328640028e-03,1.583809942806863047e-02,1.706995160580730003e-02,0.000000000000000000e+00,8.130224373075230562e-03,3.695556533216013892e-03,2.393312802463704297e-03,4.575450945886493158e-04,1.759788825340958803e-05,3.871535415750109420e-03,-1.231852177738671297e-04,5.807303123625164997e-04,1.654201495820501302e-03,2.815662120545534084e-04,1.200175978882534085e-02,1.759788825340958803e-05,-3.220413550373954839e-03,5.983282006159260091e-03,-4.047514298284205924e-04,4.223493180818301343e-03,7.056753189617245327e-03,1.513418389793224706e-03,-1.759788825340958803e-05,7.391113066432027784e-04,5.156181258249009983e-03,5.103387593488781585e-03,1.759788825340958803e-05,2.322921249450065999e-03,1.055873295204575417e-04,3.660360756709194526e-03,5.983282006159260742e-04,1.055873295204575336e-03,1.692916849978002777e-02,8.165420149582049494e-03,-9.326880774307083144e-04,4.821821381434227526e-03,1.900571931368235778e-03,2.974043114826220580e-03,1.619005719313682369e-03,2.111746590409150834e-04,1.015398152221733304e-02,3.079630444346678243e-03
1.231852177738671297e-04,2.111746590409150834e-04,2.358117025956884931e-03,3.695556533216013892e-03,4.223493180818301343e-03,1.170259568851737646e-02,2.639683238011438556e-03,1.279366476022877203e-02,3.220413550373954839e-03,1.073471183457985062e-02,8.288605367355917491e-03,1.244170699516057924e-02,1.407831060272767346e-02,4.065112186537615281e-03,4.927408710954685189e-03,7.919049714034315018e-04,1.830180378354597263e-03,3.273207215134183671e-03,1.970963484381874076e-03,5.807303123625164563e-03,2.410910690717113763e-03,8.446986361636603336e-04,2.322921249450065999e-03,7.408710954685438117e-03,1.355037395512538427e-03,4.733831940167180195e-03,1.050593928728552583e-02,8.095028596568411630e-03,2.111746590409150671e-03,8.798944126704795368e-05,2.921249450065992181e-03,6.827980642322921401e-03,0.000000000000000000e+00,1.583809942806863004e-03,3.150021997360316628e-02,9.238891333040033862e-03,2.551693796744390792e-03,4.329080510338759007e-03,1.407831060272767259e-03,7.690277166739990442e-03,1.161460624725032999e-03,2.921249450065992181e-03,2.134623845138583151e-02,1.008358996920369517e-02,1.875934887813462265e-02,8.130224373075230562e-03,0.000000000000000000e+00,3.026836779586449411e-03,2.956445226572811114e-03,1.460624725032996091e-03,1.583809942806863058e-04,4.223493180818301343e-03,1.407831060272767259e-03,7.866256049274086837e-03,2.231412230532335908e-02,2.113506379234491792e-02,1.213902331720193573e-01,8.974923009238890571e-04,2.520017597888253233e-02,1.775626924769027615e-02,4.927408710954685189e-03,1.346238451385833694e-02,5.791465024197096217e-02,2.266608007039155187e-02,4.927408710954685189e-04,1.918169819621645461e-03,1.599648042234931566e-02,1.441267047954245331e-02,3.062032556093268777e-03,1.622525296964364219e-02,3.343598768147821860e-04,2.613286405631324097e-02,6.722393312802462870e-03,1.724593048834139599e-03,3.357677078750549715e-02,2.162780466344038643e-02,1.054113506379234302e-02,3.869775626924768647e-02,1.379674439067311680e-02,7.408710954685438117e-03,1.296964364276286669e-02,1.794984601847778114e-03,1.654201495820501258e-02,5.582050153981521490e-02
1.759788825340958803e-05,1.055873295204575417e-04,2.991641003079630371e-04,1.759788825340959074e-04,8.974923009238890571e-04,1.372635283765947893e-03,3.343598768147821860e-04,1.847778266608006946e-03,3.871535415750109637e-04,1.284645842498899912e-03,2.305323361196656099e-03,1.267047954245490446e-03,3.642762868455785060e-03,3.871535415750109637e-04,9.678838539375273550e-04,8.798944126704795368e-05,2.991641003079630371e-04,5.279366476022876679e-04,1.759788825340959074e-04,3.695556533216013892e-04,3.695556533216013892e-04,5.279366476022877085e-05,7.567091948966123529e-04,8.622965244170697997e-04,3.167619885613726116e-04,1.478222613286405557e-03,1.847778266608006946e-03,2.234931808183018235e-03,5.103387593488780934e-04,7.039155301363835210e-05,6.687197536295643721e-04,1.812582490101187797e-03,0.000000000000000000e+00,4.399472063352397955e-04,4.505059392872854535e-03,2.041355037395512374e-03,6.511218653761547976e-04,1.460624725032996091e-03,4.047514298284205924e-04,1.390233172019357576e-03,2.815662120545534084e-04,8.622965244170697997e-04,1.830180378354597263e-03,1.337439507259128744e-03,6.722393312802462870e-03,3.695556533216013892e-03,3.026836779586449411e-03,0.000000000000000000e+00,7.743070831500219273e-04,3.343598768147821860e-04,5.279366476022877085e-05,1.706995160580730350e-03,1.759788825340959074e-04,2.076550813902331739e-03,2.516498020237570993e-03,3.554773427188736862e-03,1.756269247690277202e-02,1.055873295204575417e-04,3.290805103387593571e-03,4.522657281126264868e-03,2.287725472943246579e-04,3.695556533216013892e-03,1.316322041355037428e-02,1.108666959964804168e-03,5.279366476022877085e-05,4.575450945886493158e-04,3.994720633523977417e-03,3.026836779586449411e-03,2.639683238011438339e-04,2.076550813902331739e-03,0.000000000000000000e+00,4.241091069071710809e-03,5.279366476022876679e-04,5.983282006159260742e-04,5.578530576330839770e-03,6.423229212494500212e-03,4.804223493180818060e-03,7.989441267047954834e-03,2.516498020237570993e-03,1.513418389793224706e-03,7.496700395952485448e-03,1.407831060272767042e-04,4.804223493180818060e-03,4.452265728112626136e-03
1.759788825340958803e-05,7.039155301363835210e-05,3.167619885613726116e-04,2.463704355477342595e-04,4.047514298284205924e-04,8.798944126704795910e-04,2.287725472943246579e-04,9.326880774307083144e-04,1.407831060272767042e-04,9.502859656841178889e-04,1.706995160580730350e-03,1.108666959964804168e-03,3.994720633523977417e-03,3.695556533216013892e-04,5.103387593488780934e-04,1.759788825340958803e-05,4.575450945886493158e-04,6.863176418829739465e-04,4.927408710954685189e-04,4.751429828420589445e-04,3.343598768147821860e-04,3.519577650681917605e-05,6.863176418829739465e-04,2.111746590409150834e-04,1.583809942806863058e-04,2.340519137703475465e-03,1.513418389793224706e-03,9.326880774307083144e-04,4.223493180818301668e-04,7.039155301363835210e-05,5.807303123625164997e-04,8.974923009238890571e-04,0.000000000000000000e+00,1.935767707875054818e-04,2.692476902771667388e-03,2.164540255169379503e-03,7.567091948966123529e-04,9.326880774307083144e-04,4.751429828420589445e-04,9.678838539375273550e-04,8.798944126704795368e-05,4.751429828420589445e-04,5.983282006159260091e-03,8.042234931808183232e-03,7.602287725472943111e-03,2.393312802463704297e-03,2.956445226572811114e-03,7.743070831500219273e-04,0.000000000000000000e+00,2.815662120545534084e-04,1.759788825340958803e-05,8.622965244170697997e-04,1.055873295204575417e-04,3.167619885613726116e-04,1.091069071711394702e-03,1.495820501539815023e-03,8.939727232732072940e-03,8.798944126704795368e-05,3.431588209414870166e-03,1.583809942806863004e-03,5.103387593488780934e-04,2.710074791025076854e-03,2.094148702155741205e-03,7.567091948966123529e-04,1.759788825340958803e-05,5.279366476022877085e-05,1.619005719313682369e-03,3.361196656401231435e-03,2.287725472943246579e-04,9.326880774307083144e-04,3.519577650681917605e-05,2.446106467223933129e-03,4.575450945886493158e-04,5.103387593488780934e-04,1.027716673999119930e-02,2.393312802463704297e-03,3.572371315442146762e-03,1.038275406951165870e-03,4.927408710954685189e-04,8.798944126704795910e-04,8.271007479102506508e-04,8.798944126704795368e-05,2.023757149142102908e-03,3.484381874175098565e-03
1.759788825340958803e-05,1.759788825340958803e-05,5.279366476022877085e-05,5.279366476022877085e-05,8.798944126704795368e-05,1.231852177738671297e-04,1.231852177738671297e-04,1.231852177738671297e-04,1.759788825340958803e-05,1.759788825340959074e-04,3.695556533216013892e-04,3.519577650681917605e-05,2.991641003079630371e-04,7.039155301363835210e-05,0.000000000000000000e+00,1.759788825340958803e-05,0.000000000000000000e+00,0.000000000000000000e+00,5.279366476022877085e-05,7.039155301363835210e-05,1.055873295204575417e-04,1.759788825340958803e-05,1.759788825340958803e-05,2.639683238011438339e-04,1.759788825340958803e-05,3.871535415750109637e-04,2.991641003079630371e-04,7.743070831500219273e-04,3.519577650681917605e-05,7.039155301363835210e-05,7.039155301363835210e-05,1.583809942806863058e-04,0.000000000000000000e+00,1.759788825340958803e-05,4.575450945886493158e-04,2.815662120545534084e-04,8.798944126704795368e-05,7.039155301363835210e-05,0.000000000000000000e+00,7.039155301363835210e-05,7.039155301363835210e-05,3.519577650681917605e-05,4.223493180818301668e-04,2.639683238011438339e-04,2.516498020237570993e-03,4.575450945886493158e-04,1.460624725032996091e-03,3.343598768147821860e-04,2.815662120545534084e-04,0.000000000000000000e+00,0.000000000000000000e+00,2.111746590409150834e-04,1.759788825340958803e-05,1.583809942806863058e-04,6.863176418829739465e-04,5.525736911570611372e-03,2.910690717113946502e-02,1.759788825340958803e-05,1.443026836779586191e-03,3.554773427188736862e-03,7.039155301363835210e-05,3.519577650681918147e-04,9.191377034755829345e-02,2.111746590409150834e-04,1.759788825340958803e-05,4.399472063352397955e-04,3.238011438627364739e-03,3.871535415750109420e-03,3.519577650681917605e-05,3.079630444346678243e-03,0.000000000000000000e+00,1.267047954245490446e-03,1.759788825340959074e-04,1.759788825340958803e-05,4.434667839859216670e-03,1.443026836779586191e-03,1.988561372635283542e-03,2.377474703035635517e-02,2.817421909370874944e-02,6.863176418829739465e-04,1.443026836779586191e-03,1.143862736471623317e-03,5.701715794104706900e-03,3.519577650681917605e-05
1.759788825340958803e-05,6.968763748350197129e-03,1.759788825340959074e-04,-1.759788825340958803e-05,8.798944126704795368e-05,1.935767707875054818e-04,5.279366476022877085e-05,3.167619885613726116e-04,4.223493180818301668e-04,0.000000000000000000e+00,7.391113066432027784e-04,-1.935767707875054818e-04,3.607567091948965694e-03,1.583809942806863058e-04,8.798944126704795368e-05,6.511218653761547976e-04,4.927408710954685189e-04,7.039155301363835210e-05,2.463704355477342595e-04,1.759788825340959074e-04,5.103387593488780934e-04,2.164540255169379503e-03,4.399472063352397955e-04,2.639683238011438556e-03,2.146942366915970037e-03,3.044434667839858877e-03,2.454905411350637862e-02,-5.103387593488780934e-04,1.583809942806863058e-04,0.000000000000000000e+00,1.231852177738671297e-03,1.759788825340959074e-04,0.000000000000000000e+00,3.519577650681917605e-05,7.215134183897930955e-04,5.983282006159260742e-04,3.167619885613726116e-04,2.639683238011438339e-04,8.798944126704795368e-05,2.463704355477342595e-04,5.279366476022877085e-05,2.815662120545534084e-04,7.215134183897930955e-04,5.631324241091068168e-04,1.055873295204575417e-04,1.759788825340958803e-05,1.583809942806863058e-04,5.279366476022877085e-05,1.759788825340958803e-05,0.000000000000000000e+00,0.000000000000000000e+00,9.326880774307083144e-04,1.583809942806863058e-04,1.759788825340958803e-05,1.055873295204575417e-04,5.279366476022877085e-05,7.215134183897930955e-04,2.639683238011438339e-04,-3.871535415750109637e-04,8.271007479102506508e-04,3.519577650681917605e-05,3.889133304003519753e-03,2.815662120545534084e-04,1.407831060272767042e-04,7.567091948966123529e-04,3.519577650681917605e-05,1.759788825340959074e-04,4.399472063352397955e-04,-1.407831060272767042e-04,2.111746590409150834e-04,6.511218653761547976e-04,5.103387593488780934e-04,1.689397272327320667e-03,1.636603607567091835e-03,3.343598768147821969e-03,2.764628244610646199e-02,9.326880774307083144e-04,1.759788825340959074e-04,1.759788825340958803e-05,2.164540255169379503e-03,1.583809942806863058e-04,0.000000000000000000e+00,1.583809942806863058e-04,7.215134183897930955e-04
8.798944126704795368e-05,6.335239771227452231e-04,1.606687197536295353e-02,3.695556533216013892e-04,5.279366476022876679e-04,1.759788825340959074e-04,8.798944126704795910e-04,1.636603607567091835e-03,3.343598768147821860e-04,-1.478222613286405557e-03,2.604487461504619190e-03,2.111746590409150834e-04,4.716234051913769862e-03,2.305323361196656099e-03,6.863176418829739465e-04,1.055873295204575417e-04,1.585569731632203994e-02,2.815662120545534518e-03,3.994720633523977417e-03,4.399472063352397955e-04,-3.097228332600087709e-03,7.567091948966123529e-04,-4.223493180818301668e-04,1.935767707875054710e-03,6.511218653761547976e-04,3.686757589089309506e-02,3.672679278486581239e-02,4.293884733831940075e-03,-1.970963484381874076e-03,8.974923009238890571e-04,1.337439507259128744e-03,1.548614166300043855e-03,3.519577650681917605e-05,1.460624725032996091e-03,4.311482622085349541e-03,1.578530576330840207e-02,5.736911570611526699e-03,5.420149582050153708e-03,2.446106467223933129e-03,4.751429828420589445e-04,2.815662120545534084e-04,8.798944126704795910e-04,1.714034315882094137e-02,5.472943246810382974e-03,7.144742630884293524e-03,3.871535415750109420e-03,4.223493180818301343e-03,1.706995160580730350e-03,8.622965244170697997e-04,2.111746590409150834e-04,9.326880774307083144e-04,0.000000000000000000e+00,1.935767707875054818e-04,2.111746590409150834e-04,3.695556533216013892e-04,3.567091948966123749e-02,2.296524417069951626e-02,1.583809942806863058e-04,-3.396392432908050367e-03,4.029916410030795482e-03,2.815662120545534084e-04,3.924329080510338685e-03,2.521777386713594180e-02,8.622965244170697997e-04,1.777386713594368431e-03,2.963484381874175247e-02,6.159260888693356487e-03,5.231852177738671034e-02,4.047514298284205924e-04,4.381874175098988272e-03,1.337439507259128744e-03,1.554421469423669100e-01,1.548614166300043855e-03,5.103387593488780934e-04,2.650417949846018417e-01,2.025692916849977931e-01,1.516937967443906556e-02,6.898372195336558398e-03,8.235811702595687359e-03,3.572371315442146762e-03,8.622965244170697997e-04,8.798944126704795368e-05,8.112626484821821096e-03,7.479102507699075114e-03
0.000000000000000000e+00,8.798944126704795368e-05,5.279366476022877085e-05,6.792784865816100734e-03,9.150901891772986315e-04,6.968763748350197129e-03,1.108666959964804168e-03,7.197536295644522790e-03,3.220413550373954839e-03,1.080510338759348675e-02,1.865376154861416629e-03,9.784425868895732514e-03,2.164540255169379503e-03,1.583809942806863004e-03,3.044434667839858877e-03,2.639683238011438339e-04,1.231852177738671297e-04,4.927408710954685189e-04,2.111746590409150834e-04,7.056753189617245327e-03,4.575450945886493158e-04,8.974923009238890571e-04,3.167619885613726116e-04,9.714034315882092915e-03,3.871535415750109637e-04,-6.687197536295643721e-04,3.009238891333039945e-03,1.342718873735151801e-02,2.991641003079630371e-04,0.000000000000000000e+00,4.399472063352397955e-04,2.498900131984161960e-03,0.000000000000000000e+00,2.111746590409150834e-04,3.994720633523977417e-03,-1.794984601847778114e-03,-4.047514298284205924e-04,-5.279366476022876679e-04,0.000000000000000000e+00,3.167619885613726007e-03,1.583809942806863058e-04,2.111746590409150834e-04,-1.425428948526176725e-03,-3.167619885613726116e-04,-2.991641003079630371e-04,-1.231852177738671297e-04,1.407831060272767259e-03,1.759788825340959074e-04,1.055873295204575417e-04,1.759788825340958803e-05,1.583809942806863058e-04,1.935767707875054818e-04,0.000000000000000000e+00,2.639683238011438339e-04,1.882974043114825878e-03,3.290805103387593571e-03,1.010118785745710464e-02,7.215134183897930955e-04,1.652441706995160312e-02,5.631324241091068168e-04,3.290805103387593571e-03,1.179058512978442465e-03,1.619005719313682369e-03,1.179058512978442465e-03,4.399472063352397955e-04,0.000000000000000000e+00,4.399472063352397955e-04,3.871535415750109637e-04,4.241091069071710809e-03,5.455345358556973508e-04,5.103387593488780934e-04,5.279366476022876679e-04,8.798944126704793742e-03,1.935767707875054818e-04,-1.706995160580730350e-03,3.079630444346678243e-03,1.596128464584249673e-02,4.575450945886493158e-04,1.055873295204575417e-04,7.215134183897930955e-04,2.991641003079630371e-04,0.000000000000000000e+00,1.583809942806863058e-04,-1.590849098108226833e-02
0.000000000000000000e+00,7.039155301363835210e-05,2.639683238011438339e-04,7.391113066432027784e-04,7.919049714034315018e-04,2.006159260888693441e-03,2.287725472943246579e-04,2.146942366915970037e-03,1.020677518697756187e-03,2.094148702155741205e-03,1.284645842498899912e-03,2.322921249450065999e-03,2.481302243730752061e-03,5.455345358556973508e-04,1.407831060272767259e-03,7.039155301363835210e-05,2.639683238011438339e-04,8.271007479102506508e-04,4.047514298284205924e-04,1.055873295204575336e-03,4.223493180818301668e-04,8.798944126704795368e-05,1.055873295204575336e-03,9.326880774307083144e-04,3.343598768147821860e-04,2.111746590409150671e-03,1.777386713594368431e-03,2.023757149142102908e-03,6.687197536295643721e-04,1.759788825340959074e-04,5.807303123625164997e-04,1.196656401231852148e-03,3.519577650681917605e-05,7.215134183897930955e-04,6.933567971843379064e-03,2.446106467223933129e-03,-2.111746590409150834e-04,9.326880774307083144e-04,2.991641003079630371e-04,1.143862736471623317e-03,1.583809942806863058e-04,7.919049714034315018e-04,3.537175538935327396e-03,1.126264848218213634e-03,1.495820501539815023e-03,5.807303123625164997e-04,7.866256049274086837e-03,2.076550813902331739e-03,3.167619885613726116e-04,1.583809942806863058e-04,1.759788825340958803e-05,2.111746590409150834e-04,2.639683238011438339e-04,0.000000000000000000e+00,4.645842498900131998e-03,3.642762868455785060e-03,2.322921249450065825e-02,3.695556533216013892e-04,5.596128464584249236e-03,5.860096788385392962e-03,1.055873295204575336e-03,3.713154421469423358e-03,4.399472063352396871e-03,3.484381874175098565e-03,1.759788825340958803e-05,1.055873295204575417e-04,4.135503739551253145e-03,1.671799384073910984e-03,5.807303123625164997e-04,7.567091948966123529e-04,0.000000000000000000e+00,1.196656401231852148e-03,1.249450065992080980e-03,3.519577650681918147e-04,3.677958644962604426e-03,2.903651561812582282e-03,6.317641882974042548e-03,2.410910690717113763e-03,2.991641003079630371e-04,1.443026836779586191e-03,1.953365596128464610e-03,3.519577650681917605e-05,3.009238891333039945e-03,1.240651121865376030e-02
5.279366476022877085e-05,1.231852177738671297e-04,6.335239771227452231e-04,3.765948086229651756e-03,3.977122745270567084e-03,1.613726352837659486e-02,1.531016278046634389e-03,1.633084029916409899e-02,4.346678398592168473e-03,1.249450065992080763e-02,6.810382754069511067e-03,2.481302243730752061e-02,9.608446986361636119e-03,3.642762868455785060e-03,7.637483501979761176e-03,2.111746590409150834e-04,1.091069071711394702e-03,2.657281126264848022e-03,1.548614166300043855e-03,8.552573691157061217e-03,1.284645842498899912e-03,5.631324241091068168e-04,1.706995160580730350e-03,7.443906731192256182e-03,8.446986361636603336e-04,2.868455785305763350e-03,5.983282006159260091e-03,1.506379234491860702e-02,2.041355037395512374e-03,1.583809942806863058e-04,2.094148702155741205e-03,6.863176418829740333e-03,0.000000000000000000e+00,1.706995160580730350e-03,5.655961284645841941e-02,-7.936647602287724701e-03,-2.252529696436427267e-03,3.150021997360316541e-03,1.091069071711394702e-03,9.291684997800263995e-03,8.974923009238890571e-04,2.674879014518257488e-03,-9.432468103827539724e-03,-4.417069951605807204e-03,4.804223493180818060e-03,1.654201495820501302e-03,2.231412230532335908e-02,2.516498020237570993e-03,1.091069071711394702e-03,6.863176418829739465e-04,1.055873295204575417e-04,3.695556533216013892e-04,1.882974043114825878e-03,4.645842498900131998e-03,0.000000000000000000e+00,1.890013198416189838e-02,1.284469863616365948e-01,2.076550813902331739e-03,7.533655961284645153e-02,1.302243730752309508e-02,1.629564452265728006e-02,9.450065992080949190e-03,3.860976682798063914e-02,1.967443906731192182e-02,2.287725472943246579e-04,1.267047954245490446e-03,1.013638363396392357e-02,2.182138143422789403e-03,4.575450945886493266e-03,3.924329080510338685e-03,2.463704355477342595e-04,5.560932688077430304e-03,7.021557413110426395e-03,1.179058512978442465e-03,3.677958644962604426e-03,9.749230092388911847e-03,2.285965684117905600e-02,1.365596128464584280e-02,4.346678398592168473e-03,3.466783985921689532e-03,7.514298284205894914e-03,4.047514298284205924e-04,8.095028596568411630e-03,1.809942806863176490e-01
8.798944126704795368e-05,-1.407831060272767042e-04,7.743070831500219273e-04,4.505059392872854535e-03,2.956445226572811114e-03,9.291684997800263995e-03,9.872415310162779845e-03,9.890013198416189311e-03,4.329080510338759007e-03,1.823141223053233520e-02,5.631324241091069036e-03,1.328640563132424054e-02,7.883853937527496303e-03,5.367355917289925310e-03,4.329080510338759007e-03,2.287725472943246579e-04,8.446986361636603336e-04,4.399472063352396871e-03,1.073471183457985019e-03,7.866256049274086837e-03,4.047514298284205924e-04,1.214254289485261614e-03,-8.974923009238890571e-04,1.645402551693796872e-02,7.215134183897930955e-04,8.534975802903650016e-03,2.727672679278486320e-03,5.201935767707874941e-02,7.215134183897930955e-04,3.695556533216013892e-04,1.654201495820501302e-03,5.754509458864936165e-03,0.000000000000000000e+00,-8.798944126704795368e-05,2.695996480422349281e-02,-2.692476902771667388e-03,9.502859656841178889e-04,2.586889573251209724e-03,8.446986361636603336e-04,7.338319401671798518e-03,1.161460624725032999e-03,1.882974043114825878e-03,2.252529696436427267e-03,3.537175538935327396e-03,2.745270567531895786e-03,2.815662120545534084e-04,2.113506379234491792e-02,3.554773427188736862e-03,1.495820501539815023e-03,5.525736911570611372e-03,5.279366476022877085e-05,3.567091948966123749e-02,3.290805103387593571e-03,3.642762868455785060e-03,1.890013198416189838e-02,0.000000000000000000e+00,4.036251649802023445e-01,1.706995160580730350e-03,4.529168499780026336e-01,2.432028156621205556e-02,5.525736911570611372e-03,7.584689837219532778e-03,6.636867575890893489e-01,1.108666959964804168e-02,1.302243730752309595e-03,1.194896612406511245e-02,2.138143422789265044e-02,3.431588209414870166e-02,5.068191816981961785e-03,1.003255609326880737e-01,4.751429828420589445e-04,9.993840739111306548e-02,4.506819181698195481e-02,6.511218653761547976e-04,7.545974483062031779e-02,2.030796304443466607e-02,6.250945886493620707e-01,3.642762868455785147e-02,5.015046194456664885e-01,5.279366476022877112e-03,1.015398152221733304e-02,4.223493180818301668e-04,-4.909810822701275723e-03,2.636163660360756403e-02
3.871535415750109637e-04,2.058952925648921840e-03,-4.610646722393312198e-03,1.997360316761988275e-02,1.882974043114826052e-02,6.891333040035195479e-02,1.168499780026396873e-02,8.429388473383193914e-02,2.231412230532335908e-02,6.924769027716673464e-02,3.655081390233171773e-02,1.108139023317201849e-01,5.851297844258688402e-02,2.058952925648922100e-02,3.299604047514297783e-02,1.636603607567091835e-03,6.036075670919489357e-03,1.296964364276286669e-02,7.039155301363836728e-03,4.117905851297844200e-02,7.743070831500218840e-03,2.534095908490980893e-03,8.834139903211614409e-03,3.639243290805103254e-02,6.088869335679717755e-03,4.008798944126704816e-02,1.231852177738671297e-02,8.019357677078750579e-02,8.904531456225252273e-03,1.794984601847778114e-03,1.099868015838099435e-02,3.741311042674878851e-02,7.039155301363835210e-05,5.824901011878574029e-03,2.344566652001759677e-01,-4.471623405191376549e-02,-3.484381874175098565e-03,1.877694676638803212e-02,6.071271447426308289e-03,4.374835019797623792e-02,4.487461504619445068e-03,1.518697756269247676e-02,-6.125824901011877460e-02,1.143862736471623273e-02,1.495820501539815023e-02,1.200175978882534085e-02,1.213902331720193573e-01,1.756269247690277202e-02,8.939727232732072940e-03,2.910690717113946502e-02,7.215134183897930955e-04,2.296524417069951626e-02,1.010118785745710464e-02,2.322921249450065825e-02,1.284469863616365948e-01,4.036251649802023445e-01,0.000000000000000000e+00,7.936647602287724701e-03,3.937351517817861413e-01,1.422965244170699417e-01,5.126264848218213543e-02,6.439067311922569425e-02,1.000000000000000000e+00,7.901451825780905769e-02,1.794984601847778114e-03,1.409590849098108119e-02,9.296964364276286141e-02,7.354157501099867211e-02,2.384513858336999650e-02,3.398152221733391487e-02,1.337439507259128744e-03,5.752749670039595392e-02,3.970083589969203297e-02,6.124065112186537554e-03,1.412934447866256160e-01,6.329960404751429348e-02,1.613550373955125461e-01,1.832468103827540606e-01,1.123625164980202318e-01,2.692476902771667388e-02,6.182138143422789139e-02,5.877694676638802428e-03,8.058073031236251405e-02,5.895116586009678805e-01
0.000000000000000000e+00,7.039155301363835210e-05,2.287725472943246579e-04,1.161460624725032999e-03,8.095028596568411847e-04,3.941926968763748151e-03,5.631324241091068168e-04,4.135503739551253145e-03,4.153101627804663479e-03,-3.378794544654641335e-03,1.513418389793224706e-03,7.567091948966124179e-03,1.583809942806863004e-03,8.622965244170697997e-04,1.900571931368235778e-03,3.519577650681918147e-04,7.039155301363835210e-05,6.159260888693356487e-04,1.759788825340959074e-04,1.988561372635283542e-03,-4.927408710954685189e-04,1.460624725032996091e-03,-5.631324241091068168e-04,8.288605367355917491e-03,3.167619885613726116e-04,1.566212054553453538e-03,3.396392432908050367e-03,5.877694676638802428e-03,3.871535415750109637e-04,-5.279366476022877085e-05,3.695556533216013892e-04,1.161460624725032999e-03,3.519577650681917605e-05,-1.407831060272767042e-04,1.853057633084029959e-02,1.055873295204575336e-03,1.407831060272767042e-04,5.103387593488780934e-04,2.287725472943246579e-04,1.847778266608006946e-03,1.407831060272767042e-04,3.343598768147821860e-04,7.919049714034315018e-04,4.751429828420589445e-04,2.639683238011438339e-04,1.759788825340958803e-05,8.974923009238890571e-04,1.055873295204575417e-04,8.798944126704795368e-05,1.759788825340958803e-05,2.639683238011438339e-04,1.583809942806863058e-04,7.215134183897930955e-04,3.695556533216013892e-04,2.076550813902331739e-03,1.706995160580730350e-03,7.936647602287724701e-03,0.000000000000000000e+00,1.495820501539815023e-03,6.335239771227452231e-04,2.762868455785305686e-03,1.020677518697756187e-03,1.073471183457985019e-03,1.179058512978442465e-03,4.927408710954685189e-04,-1.759788825340958803e-05,4.751429828420589445e-04,3.871535415750109637e-04,1.706995160580730350e-03,-5.103387593488780934e-04,6.511218653761547976e-04,-8.446986361636603336e-04,7.655081390233171509e-03,2.111746590409150834e-04,1.126264848218213634e-03,3.343598768147821969e-03,-7.179938407391112457e-03,4.223493180818301668e-04,1.231852177738671297e-04,5.455345358556973508e-04,3.871535415750109637e-04,0.000000000000000000e+00,-1.583809942806863058e-04,1.821381434227892573e-02
1.935767707875054818e-04,-7.039155301363835210e-05,-3.871535415750109637e-04,3.114826220853497349e-02,1.163220413550373859e-02,5.610206775186977329e-02,8.710954685437746411e-03,7.234491860976681454e-02,1.786185657721073294e-02,1.317025956885173599e-01,1.897052353717553624e-02,1.254377474703035622e-01,2.261328640563132347e-02,1.495820501539815023e-02,2.261328640563132347e-02,1.091069071711394702e-03,-1.794984601847778114e-03,8.253409590849098559e-03,4.135503739551253145e-03,6.162780466344038033e-02,4.469863616366036470e-03,-2.146942366915970037e-03,4.293884733831940075e-03,1.263528376594808510e-02,2.498900131984161960e-03,-2.769907611086669386e-02,3.818741750989880588e-03,9.217773867135943544e-02,6.212054553453585752e-03,-5.631324241091068168e-04,5.120985481742190183e-03,2.208534975802903255e-02,5.279366476022877085e-05,9.150901891772986315e-04,2.490453145622524844e-01,-2.080070391553013459e-02,5.807303123625164563e-03,-4.681038275406950930e-03,-2.322921249450065999e-03,3.155301363836339468e-02,2.322921249450065999e-03,6.845578530576329999e-03,-1.791465024197096134e-02,2.833260008798943984e-03,-7.795864496260448105e-03,-3.220413550373954839e-03,2.520017597888253233e-02,3.290805103387593571e-03,3.431588209414870166e-03,1.443026836779586191e-03,-3.871535415750109637e-04,-3.396392432908050367e-03,1.652441706995160312e-02,5.596128464584249236e-03,7.533655961284645153e-02,4.529168499780026336e-01,3.937351517817861413e-01,1.495820501539815023e-03,0.000000000000000000e+00,2.835019797624284757e-02,5.930488341399030999e-02,1.736911570611526442e-02,1.897580290365156186e-01,2.076550813902331566e-02,1.759788825340959182e-03,-6.687197536295643721e-04,2.708315002199735907e-02,4.769027716673998260e-03,5.786185657721073378e-02,5.877694676638802428e-03,-7.391113066432027784e-04,8.095028596568411630e-03,4.058073031236251321e-02,2.041355037395512374e-03,-4.943246810382753709e-02,-3.269687637483501691e-02,2.233172019357677063e-01,2.349318081830180371e-02,-5.860096788385392962e-03,1.108666959964804168e-02,1.092828860536735475e-02,3.519577650681918147e-04,1.018917729872415197e-02,5.048130224373075237e-01
3.519577650681917605e-05,8.271007479102506508e-04,2.041355037395512374e-03,2.322921249450065999e-03,2.270127584689837167e-03,7.003959524857016061e-03,1.689397272327320667e-03,7.285525736911570120e-03,1.566212054553453538e-03,7.144742630884293524e-03,1.351517817861856534e-02,7.971843378794543633e-03,2.982842058952925313e-02,2.393312802463704297e-03,2.569291684997799825e-03,3.871535415750109637e-04,3.801143862736471556e-03,4.188297404311482411e-03,2.974043114826220580e-03,3.889133304003519753e-03,2.586889573251209724e-03,6.687197536295643721e-04,2.798064232292124618e-03,3.783545974483062090e-03,5.754509458864936165e-03,1.907611086669599304e-02,2.280686317641882760e-02,1.110426748790145114e-02,2.041355037395512374e-03,4.047514298284205924e-04,1.249450065992080763e-02,6.053673559172898823e-03,3.519577650681917605e-05,2.094148702155741205e-03,1.874175098988121319e-02,1.240651121865376030e-02,5.472943246810382974e-03,4.628244610646722532e-03,2.727672679278486320e-03,7.320721513418389052e-03,1.126264848218213634e-03,3.290805103387593571e-03,1.722833260008798870e-02,8.922129344478661739e-03,2.241970963484381935e-02,5.983282006159260091e-03,1.775626924769027615e-02,4.522657281126264868e-03,1.583809942806863004e-03,3.554773427188736862e-03,8.271007479102506508e-04,4.029916410030795482e-03,5.631324241091068168e-04,5.860096788385392962e-03,1.302243730752309508e-02,2.432028156621205556e-02,1.422965244170699417e-01,6.335239771227452231e-04,2.835019797624284757e-02,0.000000000000000000e+00,3.466783985921689532e-03,4.476902771667399389e-02,1.249450065992080833e-01,5.596128464584249236e-03,5.455345358556973508e-04,8.886933567971842807e-03,1.289397272327320598e-01,5.969203695556533212e-02,2.023757149142102908e-03,9.379674439067311326e-03,3.167619885613726116e-04,1.750989881214254362e-02,3.449186097668279199e-03,2.991641003079630046e-03,1.363836339639243334e-01,3.889133304003519059e-02,2.864936207655080849e-02,8.065112186537615191e-02,2.224373075230972122e-02,2.451385833699955621e-02,3.084909810822701257e-02,1.601407831060272687e-03,5.522217333919929305e-02,2.671359436867575682e-02
5.279366476022877085e-05,-1.231852177738671297e-04,3.695556533216013892e-04,5.754509458864936165e-03,3.713154421469423358e-03,1.949846018477782369e-02,2.146942366915970037e-03,2.449626044874615022e-02,7.320721513418389052e-03,1.904091509018917758e-02,5.877694676638802428e-03,3.509018917729871817e-02,6.088869335679717755e-03,5.684117905851297434e-03,1.015398152221733304e-02,5.103387593488780934e-04,-5.455345358556973508e-04,2.252529696436427267e-03,9.502859656841178889e-04,1.437747470303563438e-02,1.671799384073910984e-03,9.854817421909370379e-04,1.425428948526176725e-03,1.360316761988561440e-02,7.039155301363836294e-04,-6.581610206775187141e-03,2.234931808183018235e-03,1.992080950285965435e-02,1.970963484381874076e-03,-1.759788825340958803e-05,1.478222613286405557e-03,8.499780026396831084e-03,1.759788825340958803e-05,9.854817421909370379e-04,7.695556533216013628e-02,-1.689397272327320667e-03,2.111746590409150834e-04,-2.041355037395512374e-03,-4.751429828420589445e-04,9.538055433347996520e-03,4.399472063352397955e-04,1.091069071711394702e-03,-1.143862736471623317e-03,-7.391113066432027784e-04,-4.399472063352397955e-04,-4.047514298284205924e-04,4.927408710954685189e-03,2.287725472943246579e-04,5.103387593488780934e-04,7.039155301363835210e-05,3.519577650681917605e-05,2.815662120545534084e-04,3.290805103387593571e-03,1.055873295204575336e-03,1.629564452265728006e-02,5.525736911570611372e-03,5.126264848218213543e-02,2.762868455785305686e-03,5.930488341399030999e-02,3.466783985921689532e-03,0.000000000000000000e+00,4.469863616366036470e-03,6.317641882974042548e-03,4.786625604927408593e-03,2.991641003079630371e-04,7.039155301363835210e-05,3.449186097668279199e-03,5.103387593488780934e-04,8.816542014958204942e-03,1.038275406951165870e-03,8.798944126704795368e-05,1.671799384073910984e-03,1.128024637043554580e-02,4.399472063352397955e-04,-8.587769467663880149e-03,-2.903651561812582282e-03,1.694676638803343377e-02,2.146942366915970037e-03,-2.639683238011438339e-04,2.182138143422789403e-03,1.671799384073910984e-03,1.759788825340958803e-05,8.622965244170697997e-04,1.132776066871975240e-01
2.287725472943246579e-04,5.332160140783105511e-03,2.886053673559172382e-03,2.622085349758028656e-03,4.381874175098988272e-03,1.194896612406511245e-02,4.311482622085349541e-03,1.309282886053673468e-02,3.853937527496699954e-03,1.061152661680598262e-02,3.980642322921248977e-02,1.045314562252529569e-02,1.152485701715793981e-01,4.804223493180818060e-03,4.188297404311482411e-03,1.425428948526176725e-03,3.026836779586449411e-03,6.458424989001319144e-03,2.551693796744390792e-03,4.804223493180818060e-03,5.279366476022877112e-03,4.082710074791024747e-03,5.508139023317201038e-03,1.145622525296964220e-02,3.558293004839419016e-02,4.181258249010118277e-02,8.015838099428067298e-02,-8.200615926088870161e-03,5.156181258249009983e-03,1.143862736471623317e-03,3.734271887373515064e-02,1.435987681478222491e-02,1.055873295204575417e-04,3.326000879894412503e-03,2.710074791025076854e-02,2.025516937967443767e-02,6.968763748350197129e-03,1.084029916410030742e-02,6.000879894412670425e-03,1.268807743070831523e-02,3.079630444346678243e-03,1.187857457105147285e-02,1.907611086669599304e-02,9.837219533655960912e-03,9.168499780026395998e-03,4.223493180818301343e-03,1.346238451385833694e-02,3.695556533216013892e-03,2.710074791025076854e-03,3.519577650681918147e-04,3.889133304003519753e-03,3.924329080510338685e-03,1.179058512978442465e-03,3.713154421469423358e-03,9.450065992080949190e-03,7.584689837219532778e-03,6.439067311922569425e-02,1.020677518697756187e-03,1.736911570611526442e-02,4.476902771667399389e-02,4.469863616366036470e-03,0.000000000000000000e+00,2.321161460624724879e-02,6.000879894412670425e-03,1.267047954245490446e-03,8.974923009238890571e-04,1.675318961724592964e-02,6.036075670919489357e-03,3.114826220853497175e-03,4.258688957325121142e-03,1.337439507259128744e-03,1.057633084029916369e-02,9.573251209854817187e-03,1.988561372635283889e-02,4.153101627804663132e-02,8.322041355037394783e-02,-7.954245490541134167e-03,1.391992960844698653e-02,2.182138143422789403e-03,4.036955565332159962e-02,1.550373955125384888e-02,2.639683238011438339e-04,7.989441267047954834e-03,2.754069511658600519e-02
7.039155301363835210e-05,3.343598768147821860e-04,2.921249450065992181e-03,3.906731192256929219e-03,3.730752309722833258e-03,1.006599208095028397e-02,3.660360756709194526e-03,1.128024637043554580e-02,3.220413550373954839e-03,1.752749670039595309e-02,6.282446106467223616e-03,1.738671359436867389e-02,1.333919929608446894e-02,4.505059392872854535e-03,4.135503739551253145e-03,4.751429828420589445e-04,3.273207215134183671e-03,2.674879014518257488e-03,2.481302243730752061e-03,7.602287725472943111e-03,2.639683238011438556e-03,7.039155301363836294e-04,2.921249450065992181e-03,8.323801143862734689e-03,1.601407831060272687e-03,5.824901011878574029e-03,1.274087109546854363e-02,2.578090629124504818e-02,2.674879014518257488e-03,7.743070831500219273e-04,2.921249450065992181e-03,6.370435547734271814e-03,1.759788825340958803e-05,1.425428948526176725e-03,3.026836779586449672e-02,-1.191377034755829178e-02,1.548614166300043855e-03,4.012318521777386883e-03,1.759788825340959182e-03,7.003959524857016061e-03,6.863176418829739465e-04,3.554773427188736862e-03,-4.733831940167180195e-03,3.326000879894412503e-03,7.611086669599648191e-02,7.056753189617245327e-03,5.791465024197096217e-02,1.316322041355037428e-02,2.094148702155741205e-03,9.191377034755829345e-02,2.815662120545534084e-04,2.521777386713594180e-02,1.619005719313682369e-03,4.399472063352396871e-03,3.860976682798063914e-02,6.636867575890893489e-01,1.000000000000000000e+00,1.073471183457985019e-03,1.897580290365156186e-01,1.249450065992080833e-01,6.317641882974042548e-03,2.321161460624724879e-02,0.000000000000000000e+00,1.353277606687197307e-02,9.150901891772986315e-04,2.713594368675758747e-02,7.350637923449185318e-02,1.115706115266168058e-01,4.346678398592168473e-03,6.504179498460184450e-02,2.991641003079630371e-04,6.979322481302242809e-02,8.922129344478661739e-03,1.812582490101187797e-03,1.144918609766827772e-01,4.793664760228772553e-02,1.510426748790145157e-01,3.876638803343598338e-01,5.080510338759348654e-01,1.311042674879014415e-02,4.029916410030796176e-02,1.233611966564012244e-02,1.495116586009678783e-01,1.972723273207215022e-02
0.000000000000000000e+00,7.039155301363835210e-05,3.343598768147821860e-04,1.654201495820501302e-03,2.428508578970523229e-03,6.634403871535415539e-03,1.654201495820501302e-03,8.904531456225252273e-03,2.322921249450065999e-03,5.948086229652441159e-03,4.610646722393312198e-03,8.253409590849098559e-03,7.391113066432027784e-03,2.903651561812582282e-03,3.677958644962604426e-03,3.343598768147821860e-04,7.567091948966123529e-04,2.516498020237570993e-03,8.798944126704795910e-04,3.308402991641002603e-03,1.179058512978442465e-03,5.279366476022876679e-04,1.091069071711394702e-03,4.575450945886493266e-03,8.095028596568411847e-04,1.355037395512538427e-03,4.733831940167180195e-03,8.570171579410470683e-03,1.443026836779586191e-03,-1.231852177738671297e-04,1.601407831060272687e-03,4.962604487461504121e-03,0.000000000000000000e+00,5.983282006159260742e-04,2.305323361196656359e-02,5.015398152221733387e-03,-8.622965244170697997e-04,2.498900131984161960e-03,6.687197536295643721e-04,6.194456665200175419e-03,9.854817421909370379e-04,1.724593048834139599e-03,6.968763748350197129e-03,-2.815662120545534084e-04,3.062032556093268777e-03,1.513418389793224706e-03,2.266608007039155187e-02,1.108666959964804168e-03,7.567091948966123529e-04,2.111746590409150834e-04,1.407831060272767042e-04,8.622965244170697997e-04,1.179058512978442465e-03,3.484381874175098565e-03,1.967443906731192182e-02,1.108666959964804168e-02,7.901451825780905769e-02,1.179058512978442465e-03,2.076550813902331566e-02,5.596128464584249236e-03,4.786625604927408593e-03,6.000879894412670425e-03,1.353277606687197307e-02,0.000000000000000000e+00,1.055873295204575417e-04,3.695556533216013892e-04,4.786625604927408593e-03,2.956445226572811114e-03,2.446106467223933129e-03,1.302243730752309595e-03,3.519577650681917605e-05,2.710074791025076854e-03,4.769027716673998260e-03,8.095028596568411847e-04,9.238891333040033862e-03,6.018477782666079891e-03,1.523977122745270515e-02,4.311482622085349541e-03,1.020677518697756187e-03,3.079630444346678243e-03,5.015398152221733387e-03,0.000000000000000000e+00,3.572371315442146762e-03,7.155301363836338857e-02
0.000000000000000000e+00,7.567091948966123529e-04,1.583809942806863058e-04,2.111746590409150834e-04,2.463704355477342595e-04,9.326880774307083144e-04,-3.519577650681917605e-05,1.003079630444346721e-03,2.041355037395512374e-03,5.807303123625164997e-04,4.575450945886493158e-04,1.003079630444346721e-03,1.988561372635283542e-03,4.047514298284205924e-04,2.815662120545534084e-04,6.018477782666079891e-03,6.687197536295643721e-04,1.759788825340959074e-04,2.111746590409150834e-04,3.519577650681918147e-04,3.431588209414870166e-03,8.007039155301362565e-03,3.660360756709194526e-03,1.289925208974923056e-02,6.687197536295643721e-04,-1.970963484381874076e-03,1.495820501539815023e-02,1.073471183457985062e-02,2.463704355477342595e-04,1.231852177738671297e-04,5.983282006159260742e-04,4.047514298284205924e-04,1.759788825340958803e-05,1.935767707875054818e-04,-2.410910690717113763e-03,5.103387593488780934e-04,-6.687197536295643721e-04,3.871535415750109637e-04,1.759788825340958803e-05,5.455345358556973508e-04,1.583809942806863058e-04,2.463704355477342595e-04,2.938847338319401214e-03,-1.091069071711394702e-03,3.167619885613726116e-04,-1.759788825340958803e-05,4.927408710954685189e-04,5.279366476022877085e-05,1.759788825340958803e-05,1.759788825340958803e-05,7.567091948966123529e-04,1.777386713594368431e-03,4.399472063352397955e-04,1.759788825340958803e-05,2.287725472943246579e-04,1.302243730752309595e-03,1.794984601847778114e-03,4.927408710954685189e-04,1.759788825340959182e-03,5.455345358556973508e-04,2.991641003079630371e-04,1.267047954245490446e-03,9.150901891772986315e-04,1.055873295204575417e-04,0.000000000000000000e+00,7.039155301363835210e-05,2.463704355477342595e-04,1.759788825340959074e-04,4.927408710954685189e-04,6.124065112186537554e-03,3.466783985921689532e-03,9.819621645402551446e-03,1.078750549934007902e-02,2.815662120545534084e-04,-8.271007479102506508e-04,1.701715794104707163e-02,1.985041794984601649e-02,2.463704355477342595e-04,6.511218653761547976e-04,4.575450945886493158e-04,5.279366476022877085e-05,1.759788825340958803e-05,2.815662120545534084e-04,-2.322921249450065999e-03
0.000000000000000000e+00,0.000000000000000000e+00,3.977122745270567084e-03,7.039155301363835210e-05,1.055873295204575417e-04,3.343598768147821860e-04,3.519577650681917605e-05,3.695556533216013892e-04,-7.039155301363835210e-05,2.639683238011438339e-04,2.991641003079630371e-04,2.111746590409150834e-04,8.095028596568411847e-04,1.583809942806863058e-04,8.798944126704795368e-05,1.759788825340958803e-05,3.185217773867135907e-03,3.519577650681918147e-04,1.284645842498899912e-03,1.055873295204575417e-04,2.111746590409150834e-04,3.519577650681917605e-05,1.073471183457985019e-03,-1.231852177738671297e-04,1.759788825340959074e-04,6.863176418829740333e-03,1.900571931368235778e-03,7.391113066432027784e-04,4.399472063352397955e-04,5.279366476022877085e-05,4.575450945886493158e-04,2.639683238011438339e-04,0.000000000000000000e+00,1.583809942806863058e-04,1.126264848218213634e-03,1.935767707875054710e-03,3.167619885613726116e-04,1.003079630444346721e-03,3.519577650681918147e-04,2.639683238011438339e-04,1.759788825340958803e-05,1.935767707875054818e-04,2.463704355477342595e-03,1.495820501539815023e-03,6.159260888693356487e-03,7.391113066432027784e-04,1.918169819621645461e-03,4.575450945886493158e-04,5.279366476022877085e-05,4.399472063352397955e-04,3.519577650681917605e-05,2.963484381874175247e-02,0.000000000000000000e+00,1.055873295204575417e-04,1.267047954245490446e-03,1.194896612406511245e-02,1.409590849098108119e-02,-1.759788825340958803e-05,-6.687197536295643721e-04,8.886933567971842807e-03,7.039155301363835210e-05,8.974923009238890571e-04,2.713594368675758747e-02,3.695556533216013892e-04,7.039155301363835210e-05,0.000000000000000000e+00,9.608446986361636119e-03,9.031236251649801816e-02,8.798944126704795368e-05,9.802023757149140246e-03,1.759788825340958803e-05,8.767267927848658438e-02,-1.759788825340959074e-04,8.798944126704795368e-05,8.346678398592168036e-02,2.041355037395512634e-02,3.959524857017157617e-03,3.063792344918609897e-02,1.641882974043114632e-02,8.271007479102506508e-04,3.185217773867135907e-03,9.502859656841178889e-04,2.630884293884733563e-02,-1.055873295204575336e-03
1.759788825340958803e-05,1.055873295204575417e-04,9.326880774307083144e-04,1.583809942806863004e-03,2.041355037395512374e-03,5.332160140783105511e-03,9.150901891772986315e-04,4.769027716673998260e-03,9.502859656841178889e-04,4.980202375714913587e-03,3.871535415750109420e-03,6.423229212494500212e-03,5.508139023317201038e-03,2.006159260888693441e-03,2.446106467223933129e-03,2.111746590409150834e-04,2.305323361196656099e-03,5.068191816981961785e-03,5.156181258249009983e-03,4.047514298284205815e-03,8.446986361636603336e-04,1.231852177738671297e-04,1.319841619005719278e-03,2.129344478662560571e-03,9.502859656841178889e-04,1.511658600967883716e-02,9.678838539375273983e-03,-2.199736031676198435e-03,1.794984601847778114e-03,2.815662120545534084e-04,2.692476902771667388e-03,3.079630444346678243e-03,0.000000000000000000e+00,8.622965244170697997e-04,1.441267047954245331e-02,9.872415310162779845e-03,2.622085349758028656e-03,2.956445226572811114e-03,1.038275406951165870e-03,4.505059392872854535e-03,2.991641003079630371e-04,1.689397272327320667e-03,2.822701275846898131e-02,1.059392872855257316e-02,1.768587769467663828e-02,5.156181258249009983e-03,1.599648042234931566e-02,3.994720633523977417e-03,1.619005719313682369e-03,3.238011438627364739e-03,1.759788825340959074e-04,6.159260888693356487e-03,4.399472063352397955e-04,4.135503739551253145e-03,1.013638363396392357e-02,2.138143422789265044e-02,9.296964364276286141e-02,4.751429828420589445e-04,2.708315002199735907e-02,1.289397272327320598e-01,3.449186097668279199e-03,1.675318961724592964e-02,7.350637923449185318e-02,4.786625604927408593e-03,2.463704355477342595e-04,9.608446986361636119e-03,0.000000000000000000e+00,1.572547294324680989e-01,1.319841619005719278e-03,8.605367355917289615e-03,5.279366476022877085e-05,1.238891333040035084e-02,2.586889573251209724e-03,8.446986361636603336e-04,1.523273207215134206e-01,1.594368675758908727e-02,7.338319401671798518e-03,5.349758029036515150e-02,2.254289485261768561e-02,9.098108227012758134e-03,1.692916849978002777e-02,1.073471183457985019e-03,3.728992520897492224e-02,2.405631324241091010e-02
8.798944126704795368e-05,4.047514298284205924e-04,5.402551693796743375e-03,8.974923009238890571e-04,1.267047954245490446e-03,3.589969203695556228e-03,9.502859656841178889e-04,4.170699516058072945e-03,4.751429828420589445e-04,-1.636603607567091835e-03,3.273207215134183671e-03,5.226572811262647847e-03,6.845578530576329999e-03,4.047514298284205815e-03,1.407831060272767259e-03,2.815662120545534084e-04,1.622525296964364219e-02,4.276286845578530608e-03,1.756269247690277202e-02,1.601407831060272687e-03,1.372635283765947893e-03,4.399472063352397955e-04,4.434667839859216670e-03,7.391113066432027784e-04,8.446986361636603336e-04,4.121425428948525399e-02,2.351077870655520971e-02,-2.199736031676198435e-03,3.853937527496699954e-03,5.631324241091068168e-04,2.340519137703475465e-03,2.674879014518257488e-03,1.759788825340958803e-05,1.460624725032996091e-03,1.156181258249010073e-02,1.601407831060272513e-02,7.303123625164980454e-03,4.821821381434227526e-03,1.988561372635283542e-03,3.889133304003519753e-03,4.927408710954685189e-04,1.302243730752309595e-03,2.761108666959964653e-02,1.455345358556973251e-02,2.949406071271446980e-02,5.103387593488781585e-03,1.441267047954245331e-02,3.026836779586449411e-03,3.361196656401231435e-03,3.871535415750109420e-03,4.399472063352397955e-04,5.231852177738671034e-02,3.871535415750109637e-04,1.671799384073910984e-03,2.182138143422789403e-03,3.431588209414870166e-02,7.354157501099867211e-02,3.871535415750109637e-04,4.769027716673998260e-03,5.969203695556533212e-02,5.103387593488780934e-04,6.036075670919489357e-03,1.115706115266168058e-01,2.956445226572811114e-03,1.759788825340959074e-04,9.031236251649801816e-02,1.572547294324680989e-01,0.000000000000000000e+00,9.678838539375273550e-04,1.907611086669599304e-02,1.407831060272767042e-04,9.430708315002198083e-02,1.847778266608006946e-03,1.055873295204575336e-03,3.878046634403871651e-01,9.516937967443905855e-02,2.597448306203255577e-02,9.325120985481741287e-02,5.997360316761988358e-02,5.068191816981961785e-03,8.446986361636602686e-03,2.604487461504619190e-03,8.033435987681478152e-02,1.860096788385393399e-02
1.759788825340958803e-05,-1.583809942806863058e-04,3.871535415750109637e-04,8.288605367355917491e-03,3.607567091948965694e-03,1.603167619885613807e-02,2.182138143422789403e-03,2.176858776946766216e-02,4.469863616366036470e-03,2.490101187857457141e-02,6.264848218213814150e-03,2.532336119665640206e-02,4.839419269687636992e-03,5.877694676638802428e-03,7.355917289925208852e-03,3.519577650681918147e-04,3.871535415750109637e-04,2.340519137703475465e-03,5.807303123625164997e-04,1.756269247690277202e-02,1.495820501539815023e-03,9.502859656841178889e-04,9.502859656841178889e-04,1.221293444786625618e-02,5.983282006159260742e-04,-6.106467223933128088e-03,4.434667839859216670e-03,2.254289485261768561e-02,1.619005719313682369e-03,1.583809942806863058e-04,1.126264848218213634e-03,7.039155301363836728e-03,0.000000000000000000e+00,7.743070831500219273e-04,5.511658600967883626e-02,-1.390233172019357576e-03,5.983282006159260742e-04,7.919049714034315018e-04,1.231852177738671297e-04,7.866256049274086837e-03,6.863176418829739465e-04,8.095028596568411847e-04,-1.267047954245490446e-03,-7.039155301363836294e-04,2.287725472943246579e-04,1.759788825340958803e-05,3.062032556093268777e-03,2.639683238011438339e-04,2.287725472943246579e-04,3.519577650681917605e-05,-1.407831060272767042e-04,4.047514298284205924e-04,4.241091069071710809e-03,5.807303123625164997e-04,4.575450945886493266e-03,5.068191816981961785e-03,2.384513858336999650e-02,1.706995160580730350e-03,5.786185657721073378e-02,2.023757149142102908e-03,8.816542014958204942e-03,3.114826220853497175e-03,4.346678398592168473e-03,2.446106467223933129e-03,4.927408710954685189e-04,8.798944126704795368e-05,1.319841619005719278e-03,9.678838539375273550e-04,0.000000000000000000e+00,6.159260888693356487e-04,5.103387593488780934e-04,1.020677518697756187e-03,1.082270127584689795e-02,3.695556533216013892e-04,-4.346678398592168473e-03,2.217333919929608335e-03,1.949846018477782369e-02,9.326880774307083144e-04,1.935767707875054818e-04,1.495820501539815023e-03,1.020677518697756187e-03,0.000000000000000000e+00,6.687197536295643721e-04,1.365596128464584280e-02
3.519577650681917605e-05,2.287725472943246579e-04,-1.425428948526176725e-03,7.567091948966123529e-04,3.343598768147821860e-04,1.777386713594368431e-03,-2.217333919929608335e-03,2.358117025956884931e-03,-1.548614166300043855e-03,2.182138143422789403e-03,1.619005719313682369e-03,2.234931808183018235e-03,4.082710074791024747e-03,1.372635283765947893e-03,9.678838539375273550e-04,3.871535415750109420e-03,1.038275406951165870e-03,9.854817421909370379e-04,9.854817421909370379e-04,1.548614166300043855e-03,1.057633084029916369e-02,2.498900131984161960e-03,7.162340519137702123e-03,-8.323801143862734689e-03,7.039155301363836294e-04,-5.596128464584249236e-03,2.164540255169379503e-03,1.766827980642322882e-02,8.271007479102506508e-04,8.271007479102506508e-04,8.622965244170697997e-04,1.953365596128464610e-03,3.519577650681917605e-05,3.871535415750109637e-04,-6.722393312802462870e-03,-1.531016278046634302e-02,-1.531016278046634389e-03,1.583809942806863004e-03,3.519577650681918147e-04,2.481302243730752061e-03,2.287725472943246579e-04,5.807303123625164997e-04,-1.611966564012318193e-02,-4.575450945886493266e-03,1.112186537615486061e-02,2.322921249450065999e-03,1.622525296964364219e-02,2.076550813902331739e-03,9.326880774307083144e-04,3.079630444346678243e-03,2.111746590409150834e-04,4.381874175098988272e-03,5.455345358556973508e-04,7.567091948966123529e-04,3.924329080510338685e-03,1.003255609326880737e-01,3.398152221733391487e-02,-5.103387593488780934e-04,5.877694676638802428e-03,9.379674439067311326e-03,1.038275406951165870e-03,4.258688957325121142e-03,6.504179498460184450e-02,1.302243730752309595e-03,6.124065112186537554e-03,9.802023757149140246e-03,8.605367355917289615e-03,1.907611086669599304e-02,6.159260888693356487e-04,0.000000000000000000e+00,1.918169819621645461e-03,3.196656401231852129e-01,-7.320721513418389052e-03,1.161460624725032999e-03,-1.247690277166739990e-02,1.198416190057193138e-02,1.328992520897492313e-01,1.116234051913770342e-01,2.396832380114386207e-01,2.322921249450065999e-03,5.508139023317201038e-03,8.570171579410470683e-03,3.086669599648041856e-02,-1.172019357677078592e-02
0.000000000000000000e+00,4.223493180818301668e-04,3.871535415750109637e-04,3.167619885613726116e-04,1.583809942806863058e-04,3.871535415750109637e-04,4.575450945886493158e-04,5.455345358556973508e-04,1.706995160580730350e-03,-5.455345358556973508e-04,2.639683238011438339e-04,-1.935767707875054818e-04,1.425428948526176725e-03,3.167619885613726116e-04,1.935767707875054818e-04,2.217333919929608335e-03,4.223493180818301668e-04,1.583809942806863058e-04,1.055873295204575417e-04,-3.519577650681917605e-05,1.847778266608006946e-03,1.115706115266167954e-02,1.055873295204575336e-03,8.781346238451386010e-03,5.103387593488780934e-04,1.214254289485261614e-03,8.974923009238890137e-03,3.889133304003519753e-03,8.798944126704795368e-05,3.519577650681917605e-05,4.575450945886493158e-04,2.639683238011438339e-04,0.000000000000000000e+00,5.279366476022877085e-05,1.601407831060272687e-03,1.407831060272767259e-03,4.047514298284205924e-04,2.639683238011438339e-04,5.279366476022877085e-05,4.575450945886493158e-04,5.279366476022877085e-05,7.039155301363835210e-05,9.150901891772986315e-04,8.446986361636603336e-04,1.407831060272767042e-04,1.055873295204575417e-04,3.343598768147821860e-04,0.000000000000000000e+00,3.519577650681917605e-05,0.000000000000000000e+00,6.511218653761547976e-04,1.337439507259128744e-03,5.103387593488780934e-04,0.000000000000000000e+00,2.463704355477342595e-04,4.751429828420589445e-04,1.337439507259128744e-03,6.511218653761547976e-04,-7.391113066432027784e-04,3.167619885613726116e-04,8.798944126704795368e-05,1.337439507259128744e-03,2.991641003079630371e-04,3.519577650681917605e-05,3.466783985921689532e-03,1.759788825340958803e-05,5.279366476022877085e-05,1.407831060272767042e-04,5.103387593488780934e-04,1.918169819621645461e-03,0.000000000000000000e+00,3.730752309722833258e-03,7.866256049274086837e-03,3.695556533216013892e-04,1.900571931368235778e-03,1.428948526176858705e-02,2.657281126264848022e-03,1.231852177738671297e-04,1.759788825340959074e-04,4.927408710954685189e-04,8.798944126704795368e-05,0.000000000000000000e+00,1.759788825340959074e-04,6.687197536295643721e-04
0.000000000000000000e+00,5.279366476022876679e-04,7.707875054993399908e-03,9.502859656841178889e-04,1.055873295204575336e-03,3.238011438627364739e-03,-2.058952925648921840e-03,4.346678398592168473e-03,-1.988561372635283542e-03,2.410910690717113763e-03,3.871535415750109420e-03,2.710074791025076854e-03,8.306203255609326958e-03,2.833260008798943984e-03,1.671799384073910984e-03,5.525736911570611372e-03,6.511218653761547542e-03,3.273207215134183671e-03,2.991641003079630046e-03,1.460624725032996091e-03,1.599648042234931566e-02,3.889133304003519753e-03,3.498460184777826137e-02,-1.228332600087989231e-02,1.372635283765947893e-03,-1.824901011878574467e-02,2.975802903651561526e-02,1.564452265728112287e-02,3.326000879894412503e-03,2.586889573251209724e-03,1.337439507259128744e-03,2.921249450065992181e-03,0.000000000000000000e+00,1.759788825340959182e-03,-1.133304003519577594e-02,-2.389793224813022490e-02,-5.596128464584249236e-03,4.241091069071710809e-03,1.601407831060272687e-03,1.724593048834139599e-03,4.927408710954685189e-04,2.252529696436427267e-03,-4.798944126704795393e-02,-1.678838539375274858e-02,1.615486141663000433e-02,3.660360756709194526e-03,2.613286405631324097e-02,4.241091069071710809e-03,2.446106467223933129e-03,1.267047954245490446e-03,5.103387593488780934e-04,1.554421469423669100e-01,5.279366476022876679e-04,1.196656401231852148e-03,5.560932688077430304e-03,9.993840739111306548e-02,5.752749670039595392e-02,-8.446986361636603336e-04,8.095028596568411630e-03,1.750989881214254362e-02,1.671799384073910984e-03,1.057633084029916369e-02,6.979322481302242809e-02,2.710074791025076854e-03,9.819621645402551446e-03,8.767267927848658438e-02,1.238891333040035084e-02,9.430708315002198083e-02,1.020677518697756187e-03,3.196656401231852129e-01,3.730752309722833258e-03,0.000000000000000000e+00,-1.249450065992080763e-02,1.654201495820501302e-03,6.919489661240650624e-02,1.266871975362956204e-01,1.048834139903211532e-01,8.825340959084909676e-02,1.149318081830180277e-01,5.807303123625164563e-03,6.388033435987681280e-03,6.458424989001319144e-03,3.809942806863175768e-02,-1.847778266608006772e-02
1.759788825340958803e-05,1.812582490101187797e-03,1.337439507259128744e-03,1.025956885173779157e-02,3.765948086229651756e-03,1.638363396392432739e-02,6.845578530576329999e-03,1.671799384073911071e-02,2.206775186977562656e-02,1.583809942806863047e-02,7.162340519137702123e-03,2.439067311922568995e-02,1.455345358556973251e-02,5.068191816981961785e-03,8.693356797184336945e-03,9.344478662560492394e-03,-1.143862736471623317e-03,4.751429828420589445e-04,4.047514298284205924e-04,1.462384513858336864e-02,-5.455345358556972640e-03,1.613726352837659486e-02,-5.349758029036514977e-03,9.652441706995160131e-02,3.889133304003519753e-03,1.140343158820941380e-02,3.542454905411350496e-02,8.297404311482621531e-02,2.129344478662560571e-03,8.798944126704795368e-05,5.613726352837658702e-03,7.144742630884293524e-03,0.000000000000000000e+00,8.271007479102506508e-04,4.747910250769907248e-02,9.098108227012758134e-03,1.020677518697756187e-03,2.622085349758028656e-03,7.391113066432027784e-04,9.362076550813901860e-03,9.326880774307083144e-04,1.619005719313682369e-03,8.482182138143421618e-03,6.159260888693356487e-04,1.055873295204575336e-03,5.983282006159260742e-04,6.722393312802462870e-03,5.279366476022876679e-04,4.575450945886493158e-04,1.759788825340959074e-04,1.689397272327320667e-03,1.548614166300043855e-03,8.798944126704793742e-03,1.249450065992080980e-03,7.021557413110426395e-03,4.506819181698195481e-02,3.970083589969203297e-02,7.655081390233171509e-03,4.058073031236251321e-02,3.449186097668279199e-03,1.128024637043554580e-02,9.573251209854817187e-03,8.922129344478661739e-03,4.769027716673998260e-03,1.078750549934007902e-02,-1.759788825340959074e-04,2.586889573251209724e-03,1.847778266608006946e-03,1.082270127584689795e-02,-7.320721513418389052e-03,7.866256049274086837e-03,-1.249450065992080763e-02,0.000000000000000000e+00,2.252529696436427267e-03,1.193136823581170125e-02,4.300923889133303341e-02,1.558293004839419182e-01,2.217333919929608335e-03,1.935767707875054710e-03,4.540255169379674334e-03,1.742190937087549282e-03,0.000000000000000000e+00,5.455345358556973508e-04,5.379674439067311242e-02
1.759788825340958803e-05,1.882974043114825878e-03,4.223493180818301668e-04,3.167619885613726116e-04,5.807303123625164997e-04,1.337439507259128744e-03,2.463704355477342595e-04,-6.687197536295643721e-04,6.159260888693356487e-04,1.337439507259128744e-03,5.983282006159260091e-03,1.548614166300043855e-03,2.549934007919049672e-02,5.103387593488780934e-04,6.863176418829739465e-04,3.343598768147821860e-04,7.567091948966123529e-04,6.863176418829739465e-04,5.983282006159260742e-04,5.807303123625164997e-04,7.919049714034315018e-04,1.073471183457985019e-03,4.927408710954685189e-04,2.217333919929608335e-03,1.478222613286405557e-02,9.379674439067311326e-03,3.776506819181698477e-02,-2.639683238011438556e-03,4.223493180818301668e-04,8.798944126704795368e-05,8.904531456225252273e-03,1.196656401231852148e-03,0.000000000000000000e+00,3.519577650681918147e-04,2.974043114826220580e-03,2.569291684997799825e-03,6.863176418829739465e-04,1.372635283765947893e-03,7.215134183897930955e-04,1.601407831060272687e-03,4.223493180818301668e-04,1.531016278046634389e-03,2.692476902771667388e-03,2.322921249450065999e-03,1.759788825340959182e-03,1.055873295204575336e-03,1.724593048834139599e-03,5.983282006159260742e-04,5.103387593488780934e-04,1.759788825340958803e-05,1.636603607567091835e-03,5.103387593488780934e-04,1.935767707875054818e-04,3.519577650681918147e-04,1.179058512978442465e-03,6.511218653761547976e-04,6.124065112186537554e-03,2.111746590409150834e-04,2.041355037395512374e-03,2.991641003079630046e-03,4.399472063352397955e-04,1.988561372635283889e-02,1.812582490101187797e-03,8.095028596568411847e-04,2.815662120545534084e-04,8.798944126704795368e-05,8.446986361636603336e-04,1.055873295204575336e-03,3.695556533216013892e-04,1.161460624725032999e-03,3.695556533216013892e-04,1.654201495820501302e-03,2.252529696436427267e-03,0.000000000000000000e+00,9.661240651121864517e-03,3.859216893972722967e-02,-3.554773427188736862e-03,8.622965244170697997e-04,1.759788825340959074e-04,7.848658161020677371e-03,1.143862736471623317e-03,1.759788825340958803e-05,8.798944126704795910e-04,3.713154421469423358e-03
1.583809942806863058e-04,6.264848218213814150e-03,1.867135943686757532e-02,-1.970963484381874076e-03,3.994720633523977417e-03,1.472943246810382717e-02,4.540255169379674334e-03,1.553893532776066608e-02,3.625164980202375594e-03,-1.427188737351517585e-02,1.877694676638803212e-02,-3.326000879894412503e-03,4.464584249890012763e-02,1.147382314122305340e-02,3.871535415750109420e-03,-2.604487461504619190e-03,6.893092828860536425e-02,3.077870655521337123e-02,6.549934007919049062e-02,-2.340519137703475465e-03,-3.836339639243290921e-03,3.748350197976242724e-03,-8.358996920369555356e-03,1.363836339639243160e-02,1.443026836779586278e-02,2.605719313682358096e-01,1.862560492740870932e-01,1.224813022437307511e-02,1.434227892652881718e-02,2.234931808183018235e-03,3.649802023757148933e-02,1.284645842498900042e-02,1.935767707875054818e-04,6.827980642322921401e-03,3.743070831500219797e-02,6.083589969203694742e-02,3.711394632644082758e-02,2.058952925648922100e-02,8.922129344478661739e-03,7.127144742630884058e-03,1.882974043114825878e-03,6.792784865816100734e-03,1.149318081830180277e-01,5.147382314122304903e-02,3.111306643202815803e-02,1.692916849978002777e-02,3.357677078750549715e-02,5.578530576330839770e-03,1.027716673999119930e-02,4.434667839859216670e-03,3.343598768147821969e-03,2.650417949846018417e-01,-1.706995160580730350e-03,3.677958644962604426e-03,3.677958644962604426e-03,7.545974483062031779e-02,1.412934447866256160e-01,1.126264848218213634e-03,-4.943246810382753709e-02,1.363836339639243334e-01,-8.587769467663880149e-03,4.153101627804663132e-02,1.144918609766827772e-01,9.238891333040033862e-03,-8.271007479102506508e-04,8.346678398592168036e-02,1.523273207215134206e-01,3.878046634403871651e-01,-4.346678398592168473e-03,-1.247690277166739990e-02,1.900571931368235778e-03,6.919489661240650624e-02,1.193136823581170125e-02,9.661240651121864517e-03,0.000000000000000000e+00,5.942454905411350685e-01,6.461944566652001731e-02,5.706995160580730087e-02,5.423669159700834908e-02,8.408271007479102555e-02,1.316322041355037428e-02,1.302243730752309595e-03,3.245050593928728438e-02,5.604927408710954490e-02
5.631324241091068168e-04,5.124505059392872597e-02,2.706555213374394614e-02,1.882974043114825878e-03,4.469863616366036470e-03,-2.674879014518257488e-03,5.772107347118344764e-03,-7.056753189617245327e-03,1.059392872855257316e-02,-5.156181258249009983e-03,2.803343598768147718e-02,-6.247250329960403817e-03,9.835459744830619966e-02,1.237131544214694137e-02,6.863176418829740333e-03,1.518697756269247676e-02,5.441267047954245761e-02,1.502859656841178983e-02,3.403431588209414327e-02,7.690277166739990442e-03,5.191377034755828915e-03,3.408710954685437167e-02,6.335239771227452014e-03,5.494060712714474159e-02,6.039595248570171077e-02,2.580906291245050332e-01,6.277166739991200117e-01,-5.824901011878573509e-02,2.080070391553013459e-02,1.407831060272767259e-03,6.236691597008358484e-02,1.286405631324240989e-02,2.463704355477342595e-04,7.408710954685438117e-03,4.371315442146941899e-02,3.788825340959084409e-02,2.076550813902331566e-02,2.150461944566651670e-02,1.010118785745710464e-02,1.573251209854817367e-02,3.150021997360316541e-03,1.015398152221733304e-02,5.881214254289485188e-02,2.261328640563132347e-02,2.641443026836779243e-02,8.165420149582049494e-03,2.162780466344038643e-02,6.423229212494500212e-03,2.393312802463704297e-03,1.443026836779586191e-03,2.764628244610646199e-02,2.025692916849977931e-01,3.079630444346678243e-03,2.903651561812582282e-03,9.749230092388911847e-03,2.030796304443466607e-02,6.329960404751429348e-02,3.343598768147821969e-03,-3.269687637483501691e-02,3.889133304003519059e-02,-2.903651561812582282e-03,8.322041355037394783e-02,4.793664760228772553e-02,6.018477782666079891e-03,1.701715794104707163e-02,2.041355037395512634e-02,1.594368675758908727e-02,9.516937967443905855e-02,2.217333919929608335e-03,1.198416190057193138e-02,1.428948526176858705e-02,1.266871975362956204e-01,4.300923889133303341e-02,3.859216893972722967e-02,5.942454905411350685e-01,0.000000000000000000e+00,-7.736031676198855400e-02,4.200615926088868690e-02,1.356797184337879374e-02,9.346238451385832646e-02,7.003959524857016061e-03,6.335239771227452231e-04,2.023757149142102821e-02,4.927408710954685189e-02
4.223493180818301668e-04,4.223493180818301668e-04,-2.076550813902331739e-03,2.108227012758468605e-02,7.971843378794543633e-03,3.896172459304882846e-02,-2.889573251209854796e-02,3.883853937527496220e-02,-6.282446106467223616e-03,6.169819621645402513e-02,1.670039595248570125e-02,5.038275406951165519e-02,-2.324681038275406772e-02,-1.420149582050153972e-02,1.650681918169819712e-02,1.634843818741750845e-02,1.407831060272767259e-03,-8.200615926088870161e-03,-3.554773427188736862e-03,3.457985041794984366e-02,2.328200615926088665e-02,1.766827980642322882e-02,1.136823581170259487e-02,1.158644962604487294e-01,-4.276286845578530608e-03,-2.993400791904971339e-02,-4.960844698636163175e-02,2.610470743510778791e-01,6.476022877254729478e-03,4.417069951605807204e-03,8.622965244170697997e-04,1.545094588649362048e-02,1.055873295204575417e-04,3.519577650681918364e-03,2.021997360316761874e-02,-2.826220853497580371e-02,-6.722393312802462870e-03,-7.813462384513858439e-03,-1.742190937087549282e-03,8.763748350197976544e-03,1.636603607567091835e-03,2.463704355477342595e-03,-2.926528816542015021e-02,-8.904531456225252273e-03,-3.677958644962604426e-03,-9.326880774307083144e-04,1.054113506379234302e-02,4.804223493180818060e-03,3.572371315442146762e-03,1.988561372635283542e-03,9.326880774307083144e-04,1.516937967443906556e-02,1.596128464584249673e-02,6.317641882974042548e-03,2.285965684117905600e-02,6.250945886493620707e-01,1.613550373955125461e-01,-7.179938407391112457e-03,2.233172019357677063e-01,2.864936207655080849e-02,1.694676638803343377e-02,-7.954245490541134167e-03,1.510426748790145157e-01,1.523977122745270515e-02,1.985041794984601649e-02,3.959524857017157617e-03,7.338319401671798518e-03,2.597448306203255577e-02,1.949846018477782369e-02,1.328992520897492313e-01,2.657281126264848022e-03,1.048834139903211532e-01,1.558293004839419182e-01,-3.554773427188736862e-03,6.461944566652001731e-02,-7.736031676198855400e-02,0.000000000000000000e+00,7.289045314562252187e-02,1.623757149142102674e-01,3.941926968763748151e-03,1.390233172019357533e-02,1.583809942806863004e-03,1.779146502419709508e-02,-1.375802903651561770e-01
0.000000000000000000e+00,1.231852177738671297e-04,1.267047954245490446e-03,8.095028596568411847e-04,8.798944126704795910e-04,3.132424109106907075e-03,1.759788825340958803e-05,2.815662120545534518e-03,1.091069071711394702e-03,3.871535415750109420e-03,3.589969203695556228e-03,4.012318521777386883e-03,6.722393312802462870e-03,1.020677518697756187e-03,1.267047954245490446e-03,3.343598768147821860e-04,4.205895292564891877e-03,1.407831060272767259e-03,2.762868455785305686e-03,1.495820501539815023e-03,1.601407831060272687e-03,3.695556533216013892e-04,2.516498020237570993e-03,-9.854817421909370379e-04,8.798944126704795910e-04,3.537175538935327396e-03,7.479102507699075114e-03,-3.185217773867135907e-03,1.918169819621645461e-03,7.391113066432027784e-04,1.548614166300043855e-03,2.164540255169379503e-03,1.759788825340958803e-05,6.863176418829739465e-04,-4.927408710954685189e-03,-7.267927848658159787e-03,-1.970963484381874076e-03,2.410910690717113763e-03,8.446986361636603336e-04,2.340519137703475465e-03,5.631324241091068168e-04,1.337439507259128744e-03,-9.661240651121864517e-03,-6.616805983282005206e-03,6.604487461504618406e-02,4.821821381434227526e-03,3.869775626924768647e-02,7.989441267047954834e-03,1.038275406951165870e-03,2.377474703035635517e-02,1.759788825340959074e-04,6.898372195336558398e-03,4.575450945886493158e-04,2.410910690717113763e-03,1.365596128464584280e-02,3.642762868455785147e-02,1.832468103827540606e-01,4.223493180818301668e-04,2.349318081830180371e-02,8.065112186537615191e-02,2.146942366915970037e-03,1.391992960844698653e-02,3.876638803343598338e-01,4.311482622085349541e-03,2.463704355477342595e-04,3.063792344918609897e-02,5.349758029036515150e-02,9.325120985481741287e-02,9.326880774307083144e-04,1.116234051913770342e-01,1.231852177738671297e-04,8.825340959084909676e-02,2.217333919929608335e-03,8.622965244170697997e-04,5.706995160580730087e-02,4.200615926088868690e-02,7.289045314562252187e-02,0.000000000000000000e+00,3.010646722393312547e-01,5.156181258249009983e-03,2.958205015398152060e-02,1.650681918169819712e-02,1.611790585129784237e-01,-1.363836339639243160e-02
1.759788825340958803e-05,7.039155301363835210e-05,7.039155301363835210e-05,1.759788825340959074e-04,2.463704355477342595e-04,6.863176418829739465e-04,3.695556533216013892e-04,7.743070831500219273e-04,7.039155301363835210e-05,7.743070831500219273e-04,5.631324241091068168e-04,-3.871535415750109637e-04,1.689397272327320667e-03,4.751429828420589445e-04,-8.798944126704795368e-05,1.935767707875054818e-04,1.073471183457985019e-03,3.519577650681918147e-04,5.103387593488780934e-04,1.759788825340959074e-04,7.919049714034315018e-04,1.583809942806863058e-04,9.150901891772986315e-04,1.970963484381874076e-03,1.935767707875054818e-04,2.850857897052353450e-03,8.974923009238890571e-04,5.860096788385392962e-03,1.935767707875054818e-04,3.343598768147821860e-04,2.287725472943246579e-04,6.159260888693356487e-04,1.759788825340958803e-05,4.399472063352397955e-04,1.935767707875054710e-03,4.593048834139902732e-03,-4.223493180818301668e-04,6.159260888693356487e-04,1.935767707875054818e-04,2.287725472943246579e-04,7.039155301363835210e-05,2.639683238011438339e-04,4.857017157941046458e-03,4.751429828420589445e-04,2.799824021117465825e-02,1.900571931368235778e-03,1.379674439067311680e-02,2.516498020237570993e-03,4.927408710954685189e-04,2.817421909370874944e-02,1.759788825340958803e-05,8.235811702595687359e-03,1.055873295204575417e-04,2.991641003079630371e-04,4.346678398592168473e-03,5.015046194456664885e-01,1.123625164980202318e-01,1.231852177738671297e-04,-5.860096788385392962e-03,2.224373075230972122e-02,-2.639683238011438339e-04,2.182138143422789403e-03,5.080510338759348654e-01,1.020677518697756187e-03,6.511218653761547976e-04,1.641882974043114632e-02,2.254289485261768561e-02,5.997360316761988358e-02,1.935767707875054818e-04,2.396832380114386207e-01,1.759788825340959074e-04,1.149318081830180277e-01,1.935767707875054710e-03,1.759788825340959074e-04,5.423669159700834908e-02,1.356797184337879374e-02,1.623757149142102674e-01,3.010646722393312547e-01,0.000000000000000000e+00,2.076550813902331739e-03,9.150901891772986532e-03,1.177298724153101606e-02,6.972283326000880410e-02,-2.305323361196656099e-03
5.279366476022877085e-05,3.396392432908050367e-03,2.798064232292124618e-03,1.337439507259128744e-03,2.710074791025076854e-03,6.493620765508138944e-03,1.759788825340959182e-03,7.056753189617245327e-03,1.601407831060272687e-03,6.476022877254729478e-03,2.039595248570171340e-02,5.596128464584249236e-03,5.545094588649361611e-02,2.657281126264848022e-03,2.798064232292124618e-03,7.039155301363836294e-04,2.833260008798943984e-03,9.520457545094588789e-03,6.880774307083149799e-03,3.343598768147821969e-03,3.484381874175098565e-03,1.531016278046634389e-03,2.322921249450065999e-03,4.681038275406950930e-03,1.777386713594368561e-02,4.920369555653321403e-02,6.959964804223492396e-02,2.446106467223933129e-03,3.044434667839858877e-03,5.455345358556973508e-04,3.521337439507259137e-02,7.021557413110426395e-03,0.000000000000000000e+00,2.903651561812582282e-03,1.370875494940607120e-02,5.543334799824020838e-03,2.657281126264848022e-03,8.183018037835458960e-03,4.733831940167180195e-03,7.795864496260448105e-03,2.058952925648921840e-03,4.170699516058072945e-03,7.391113066432027784e-03,8.024637043554773766e-03,4.487461504619445068e-03,2.974043114826220580e-03,7.408710954685438117e-03,1.513418389793224706e-03,8.798944126704795910e-04,6.863176418829739465e-04,2.164540255169379503e-03,3.572371315442146762e-03,7.215134183897930955e-04,1.443026836779586191e-03,3.466783985921689532e-03,5.279366476022877112e-03,2.692476902771667388e-02,5.455345358556973508e-04,1.108666959964804168e-02,2.451385833699955621e-02,2.182138143422789403e-03,4.036955565332159962e-02,1.311042674879014415e-02,3.079630444346678243e-03,4.575450945886493158e-04,8.271007479102506508e-04,9.098108227012758134e-03,5.068191816981961785e-03,1.495820501539815023e-03,2.322921249450065999e-03,4.927408710954685189e-04,5.807303123625164563e-03,4.540255169379674334e-03,7.848658161020677371e-03,8.408271007479102555e-02,9.346238451385832646e-02,3.941926968763748151e-03,5.156181258249009983e-03,2.076550813902331739e-03,0.000000000000000000e+00,3.273207215134183671e-03,1.055873295204575417e-04,4.505059392872854535e-03,1.464144302683677810e-02
0.000000000000000000e+00,2.111746590409150834e-04,3.871535415750109637e-04,9.326880774307083144e-04,1.196656401231852148e-03,3.378794544654641335e-03,7.039155301363836294e-04,3.132424109106907075e-03,8.622965244170697997e-04,3.167619885613726007e-03,3.167619885613726007e-03,4.962604487461504121e-03,6.599208095028595740e-03,1.372635283765947893e-03,1.671799384073910984e-03,5.279366476022877085e-05,8.095028596568411847e-04,1.108666959964804168e-03,4.751429828420589445e-04,2.498900131984161960e-03,4.927408710954685189e-04,1.583809942806863058e-04,7.743070831500219273e-04,1.601407831060272687e-03,1.179058512978442465e-03,4.153101627804663479e-03,3.132424109106907075e-03,4.557853057633083800e-03,9.326880774307083144e-04,2.287725472943246579e-04,1.249450065992080980e-03,3.273207215134183671e-03,1.759788825340958803e-05,7.919049714034315018e-04,8.746150461944565344e-03,1.513418389793224706e-03,4.575450945886493158e-04,2.287725472943246633e-03,7.567091948966123529e-04,3.378794544654641335e-03,4.399472063352397955e-04,1.953365596128464610e-03,1.126264848218213634e-03,1.706995160580730350e-03,8.605367355917289615e-03,1.619005719313682369e-03,1.296964364276286669e-02,7.496700395952485448e-03,8.271007479102506508e-04,1.443026836779586191e-03,1.583809942806863058e-04,8.622965244170697997e-04,2.991641003079630371e-04,1.953365596128464610e-03,7.514298284205894914e-03,1.015398152221733304e-02,6.182138143422789139e-02,3.871535415750109637e-04,1.092828860536735475e-02,3.084909810822701257e-02,1.671799384073910984e-03,1.550373955125384888e-02,4.029916410030796176e-02,5.015398152221733387e-03,5.279366476022877085e-05,3.185217773867135907e-03,1.692916849978002777e-02,8.446986361636602686e-03,1.020677518697756187e-03,5.508139023317201038e-03,8.798944126704795368e-05,6.388033435987681280e-03,1.742190937087549282e-03,1.143862736471623317e-03,1.316322041355037428e-02,7.003959524857016061e-03,1.390233172019357533e-02,2.958205015398152060e-02,9.150901891772986532e-03,3.273207215134183671e-03,0.000000000000000000e+00,9.854817421909370379e-04,2.632644082710074857e-02,1.439507259128904558e-02
0.000000000000000000e+00,0.000000000000000000e+00,0.000000000000000000e+00,0.000000000000000000e+00,1.759788825340958803e-05,0.000000000000000000e+00,0.000000000000000000e+00,1.759788825340958803e-05,0.000000000000000000e+00,5.279366476022877085e-05,3.519577650681917605e-05,0.000000000000000000e+00,7.039155301363835210e-05,0.000000000000000000e+00,5.279366476022877085e-05,1.759788825340958803e-05,8.798944126704795368e-05,0.000000000000000000e+00,1.759788825340958803e-05,1.759788825340958803e-05,1.759788825340958803e-05,0.000000000000000000e+00,8.798944126704795368e-05,1.759788825340958803e-05,1.759788825340958803e-05,5.279366476022877085e-05,7.039155301363835210e-05,1.759788825340958803e-05,0.000000000000000000e+00,0.000000000000000000e+00,3.519577650681917605e-05,3.519577650681917605e-05,0.000000000000000000e+00,0.000000000000000000e+00,-1.055873295204575417e-04,1.759788825340959074e-04,3.519577650681917605e-05,3.519577650681917605e-05,1.759788825340958803e-05,5.279366476022877085e-05,1.759788825340958803e-05,7.039155301363835210e-05,1.407831060272767042e-04,0.000000000000000000e+00,5.437747470303563174e-03,2.111746590409150834e-04,1.794984601847778114e-03,1.407831060272767042e-04,8.798944126704795368e-05,1.143862736471623317e-03,0.000000000000000000e+00,8.798944126704795368e-05,0.000000000000000000e+00,3.519577650681917605e-05,4.047514298284205924e-04,4.223493180818301668e-04,5.877694676638802428e-03,0.000000000000000000e+00,3.519577650681918147e-04,1.601407831060272687e-03,1.759788825340958803e-05,2.639683238011438339e-04,1.233611966564012244e-02,0.000000000000000000e+00,1.759788825340958803e-05,9.502859656841178889e-04,1.073471183457985019e-03,2.604487461504619190e-03,0.000000000000000000e+00,8.570171579410470683e-03,0.000000000000000000e+00,6.458424989001319144e-03,0.000000000000000000e+00,1.759788825340958803e-05,1.302243730752309595e-03,6.335239771227452231e-04,1.583809942806863004e-03,1.650681918169819712e-02,1.177298724153101606e-02,1.055873295204575417e-04,9.854817421909370379e-04,0.000000000000000000e+00,8.147822261328640028e-03,1.759788825340958803e-05
3.519577650681917605e-05,1.935767707875054818e-04,-5.631324241091068168e-04,6.159260888693356487e-04,1.583809942806863004e-03,2.815662120545534518e-03,2.815662120545534084e-04,3.449186097668279199e-03,4.399472063352397955e-04,3.343598768147821969e-03,3.889133304003519753e-03,2.921249450065992181e-03,7.778266608007039506e-03,1.636603607567091835e-03,1.443026836779586191e-03,2.991641003079630371e-04,1.689397272327320667e-03,1.460624725032996091e-03,1.319841619005719278e-03,1.196656401231852148e-03,1.407831060272767259e-03,2.639683238011438339e-04,2.798064232292124618e-03,1.619005719313682369e-03,9.326880774307083144e-04,6.071271447426308289e-03,4.909810822701275723e-03,1.953365596128464610e-03,1.443026836779586191e-03,2.287725472943246579e-04,1.918169819621645461e-03,3.202815662120545373e-03,3.519577650681917605e-05,1.267047954245490446e-03,8.622965244170699081e-03,4.663440387153540596e-03,3.519577650681918147e-04,3.607567091948965694e-03,1.055873295204575336e-03,3.026836779586449411e-03,8.271007479102506508e-04,2.393312802463704297e-03,6.581610206775187141e-03,3.589969203695556228e-03,4.804223493180818233e-02,1.015398152221733304e-02,1.654201495820501258e-02,4.804223493180818060e-03,2.023757149142102908e-03,5.701715794104706900e-03,1.583809942806863058e-04,8.112626484821821096e-03,1.583809942806863058e-04,3.009238891333039945e-03,8.095028596568411630e-03,-4.909810822701275723e-03,8.058073031236251405e-02,-1.583809942806863058e-04,1.018917729872415197e-02,5.522217333919929305e-02,8.622965244170697997e-04,7.989441267047954834e-03,1.495116586009678783e-01,3.572371315442146762e-03,2.815662120545534084e-04,2.630884293884733563e-02,3.728992520897492224e-02,8.033435987681478152e-02,6.687197536295643721e-04,3.086669599648041856e-02,1.759788825340959074e-04,3.809942806863175768e-02,5.455345358556973508e-04,8.798944126704795910e-04,3.245050593928728438e-02,2.023757149142102821e-02,1.779146502419709508e-02,1.611790585129784237e-01,6.972283326000880410e-02,4.505059392872854535e-03,2.632644082710074857e-02,8.147822261328640028e-03,0.000000000000000000e+00,-1.061152661680598262e-02
7.039155301363836294e-04,1.443026836779586191e-03,4.012318521777386883e-03,-4.839419269687636992e-03,3.234491860976682065e-02,1.185569731632203916e-01,1.164980202375714806e-02,1.623053233611966573e-01,3.209854817421909506e-02,-5.003079630444345893e-02,3.586449626044874855e-02,2.011790585129784314e-01,3.920809502859656098e-02,2.680158380994280762e-02,5.509898812142542679e-02,-2.164540255169379503e-03,4.364276286845578806e-03,1.585569731632203994e-02,7.795864496260448105e-03,6.991641003079629435e-02,-9.538055433347996520e-03,6.863176418829739465e-04,-1.052353717553893529e-02,5.353277606687197043e-02,3.941926968763748151e-03,5.207215134183897781e-02,3.887373515178178807e-02,1.021381434227892626e-01,-5.578530576330839770e-03,1.337439507259128744e-03,1.034755829300483890e-02,4.468103827540695350e-02,-7.039155301363835210e-05,-2.798064232292124618e-03,8.124065112186537041e-01,3.827540695116585928e-02,9.749230092388911847e-03,2.085349758029036299e-02,4.434667839859216670e-03,5.627804663440386795e-02,5.068191816981961785e-03,1.040035195776506730e-02,4.098548174219093787e-02,1.596128464584249673e-02,1.247690277166739990e-02,3.079630444346678243e-03,5.582050153981521490e-02,4.452265728112626136e-03,3.484381874175098565e-03,3.519577650681917605e-05,7.215134183897930955e-04,7.479102507699075114e-03,-1.590849098108226833e-02,1.240651121865376030e-02,1.809942806863176490e-01,2.636163660360756403e-02,5.895116586009678805e-01,1.821381434227892573e-02,5.048130224373075237e-01,2.671359436867575682e-02,1.132776066871975240e-01,2.754069511658600519e-02,1.972723273207215022e-02,7.155301363836338857e-02,-2.322921249450065999e-03,-1.055873295204575336e-03,2.405631324241091010e-02,1.860096788385393399e-02,1.365596128464584280e-02,-1.172019357677078592e-02,6.687197536295643721e-04,-1.847778266608006772e-02,5.379674439067311242e-02,3.713154421469423358e-03,5.604927408710954490e-02,4.927408710954685189e-02,-1.375802903651561770e-01,-1.363836339639243160e-02,-2.305323361196656099e-03,1.464144302683677810e-02,1.439507259128904558e-02,1.759788825340958803e-05,-1.061152661680598262e-02,0.000000000000000000e+00
