0.000000000000000000e+00,1.520189634801445526e-02,5.920014209184050469e-02,7.541701407475423502e-02,5.204521587985549286e-02,1.525859608731581184e-02,1.225775127500769307e-01,1.182337797553538322e-01,1.502118804851450100e-02,1.314006482459380010e-01,2.503048253491864383e-02,6.963052617773676789e-02,2.304544125901227328e-02,4.628267394550469871e-01,7.919774294479575705e-02,2.337122975552211740e-02,5.388134105914239164e-02,1.370219041335269394e-01,9.641008693935698703e-02,6.162416217820110981e-02,1.793848963069838709e-01,1.194589956750376734e-02,5.037651284563240961e-02,3.231193850388773114e-03,1.904525974875038996e-02,4.846675264716911874e-02,5.589799548708150427e-03,-1.365550222507925897e-02,2.571143408450593526e-01,2.386380392547141904e-01,4.599682800679315287e-02,1.336654393190788437e-01,2.822430156688042202e-01,2.094573788972496076e-01,3.628302117016367345e-02,4.665885914155361996e-02,6.661977395695760362e-02,1.616305166539696303e-01,1.035984153691109494e-01,8.182023388144422926e-02,9.720414301559646142e-02,5.903474436243683066e-02,2.663956560423136680e-02,1.140623533336126462e-02,3.575149030155437557e-02,3.923249697345004838e-02,3.402929449105501769e-02,5.363913522112846721e-02,3.220088158404844220e-02,2.020055304340927921e-02,1.040472628547654127e-02,1.803472112844605249e-02,4.563576876334556748e-02,3.083520698810957375e-02,-1.257084767418402936e-02,9.619533946239962677e-03,2.549749716464667568e-02,2.799633195606875471e-02,6.813516242607418026e-03,1.147488044114006005e-02,1.039880505064530447e-02,5.706258211852355960e-02,3.047481032615751914e-02,4.678803806481983407e-02,3.619349397290222425e-03,1.102998724429534588e-02,4.842374138741045025e-02,2.857879397502703298e-03,7.343527799510554677e-02,1.017076276721992113e-02,-8.810608811054904815e-03,2.479329191674340543e-02,1.606165359582234844e-02,-1.118405488283084892e-02,9.889773878185195710e-03,2.086800972132380264e-02,1.801384102326381020e-02,3.138319134565355911e-02,2.282591432121127556e-02,1.701232634643278646e-02,1.703617909160008020e-02,2.397856658632007559e-02,4.324482694106775854e-02,-3.542490506916962101e-03
1.520189634801445526e-02,0.000000000000000000e+00,1.012000440435974341e-01,3.739967557986018099e-02,2.079919034226611341e-02,5.198598387898199259e-03,-4.199307364849034878e-03,3.539948395659269637e-02,8.099975916375040663e-02,2.980008297171120660e-02,5.419963471932410376e-02,9.599309568293173250e-03,9.660054070328642772e-02,4.799647906638105505e-03,3.360012670735496726e-02,1.142017157298234470e-01,1.150041414779478105e-01,5.699968533078780125e-02,1.167998607498658831e-01,5.039962784403889673e-02,2.180064583012732496e-02,1.804064225612404260e-01,6.440105342183630177e-02,3.639948182464647353e-02,2.578034453152214245e-01,1.192026903119226405e-01,3.248006047402810514e-01,-7.998739294520926246e-03,2.859965985560420157e-02,-2.180097474703691571e-02,1.976001595040852155e-01,4.719987679837864963e-02,1.499926556701920710e-02,2.979933095942528115e-02,4.380039534996306438e-02,1.274021617593518452e-01,1.441999381865923247e-01,7.839977474251962064e-02,1.460001491851138644e-01,2.499959253966687819e-02,8.119996325167377904e-02,1.238003208368046726e-01,1.270006795328202653e-01,1.401998876791999971e-01,5.620266027852518359e-02,9.439999450015645888e-02,6.199968891046347269e-02,9.000012679591605502e-02,7.020000140385976306e-02,8.600000171982830760e-03,3.963999592840687924e-01,1.508006784277564072e-01,3.999950404656830300e-02,5.839969907015906542e-02,3.699949678746349002e-02,3.599492289065445768e-03,6.820302848204135016e-02,7.040013406662110063e-02,3.599969906964565342e-02,3.779989080866696244e-02,1.400004055594599242e-02,1.322026329326126681e-01,3.399967341613482907e-02,4.720043736504111326e-02,1.359999424063313145e-01,7.099976944346707286e-02,2.239950129584080893e-02,3.919963329162063498e-02,4.139952162512892941e-02,6.008047379993765921e-04,1.956004755530108830e-01,4.560022368975264612e-02,4.559989401677123910e-02,2.876002617192951472e-01,-2.340408521432397679e-02,3.920140833234880273e-01,-1.520038489016157547e-02,8.600504891010175498e-03,1.439940357642179557e-02,2.177999631438115591e-01,6.259976242915486766e-02,8.800639715008445538e-03,3.639945302662264681e-02,3.439948718756550422e-02
5.920014209184050469e-02,1.012000440435974341e-01,0.000000000000000000e+00,2.540045126383492016e-02,4.560192775012325561e-02,2.080219300906590435e-02,1.033999521066356064e-01,5.660125381847597170e-02,3.140068365056729316e-02,1.179992118787339013e-02,7.900143345066670819e-02,4.000788886926583306e-03,4.740205398727591335e-02,5.600045179563295505e-02,4.079988817116132066e-02,9.939999719142303403e-02,2.598161348190482500e-01,1.674009653669477904e-01,2.048003064655363747e-01,9.200641522839883221e-03,1.161998978386969000e-01,8.080073389695972830e-02,2.728009021595419470e-01,5.680134199186325644e-02,1.086031567307650797e-01,3.320140033445489469e-01,2.659999860015089257e-01,3.679952836801319432e-02,4.580569847521608062e-02,4.740118004096912502e-02,1.459999092090626949e-01,6.120342271819461527e-02,8.180167331271628872e-02,7.980291568490477383e-02,5.420532189840512188e-02,1.910070394790326920e-01,1.854010175619532075e-01,1.176013619536549343e-01,1.607999121687674060e-01,5.780064755735864895e-02,7.560004301969977525e-02,1.206020496405442594e-01,1.098025264835648246e-01,7.700018616145097583e-02,3.259939441924203374e-02,2.440105560071613791e-02,3.480101185904191374e-02,3.840148064146394619e-02,2.740000054794526976e-02,7.400000147985217290e-03,1.060001411859112508e-01,3.160125484957819475e-02,3.560129724601094475e-02,3.360127604779453853e-02,1.140089134637701715e-02,-3.199490929194547407e-03,3.060506737512484060e-02,3.719988745123305879e-02,1.840039013764952977e-02,3.460373054876512977e-02,-1.560004061993956921e-02,5.460334809231692788e-02,1.960290145582196594e-02,-8.800374395185675547e-03,9.120083000033636644e-02,2.500100040877850649e-02,2.120069575778192952e-02,3.320257044454100193e-02,9.800974972417204542e-03,1.739933960929664070e-02,9.399981401845565465e-02,1.559980813108883917e-02,4.080301233513267123e-02,9.680067612631622354e-02,7.620788790071258978e-02,3.920338821458699968e-02,8.400373739249695354e-03,9.399547303995395980e-03,-2.799336302566550732e-03,8.180042629798933707e-02,3.801003763458354542e-03,1.239945610005588686e-02,-4.798920922413313188e-03,1.280194950230773530e-02
7.541701407475422114e-02,3.739967557986018792e-02,2.540045126383492016e-02,0.000000000000000000e+00,1.453911371634504235e-01,1.177882199196635532e-01,7.000779288749742202e-02,8.999290064056207628e-02,1.675953926257697790e-01,1.916011984110042865e-01,6.599266066172805589e-02,1.713939808567519762e-01,3.358867291046634812e-02,5.299659218844853664e-02,1.914016170941331973e-01,1.264092631685899137e-01,1.598009817575874597e-02,3.759538392709566718e-02,4.598011693865083384e-03,2.405955643154878698e-01,4.040583861877712624e-02,8.981743712151639414e-02,2.460699074348950827e-02,1.405931219086582751e-01,5.558911287808481622e-02,3.498416528763650946e-02,9.802828929542263883e-03,1.198183184689374930e-01,2.717801343823491797e-02,2.799228069524118886e-02,4.420129622927591873e-02,9.658753265354777517e-02,1.719140165591296135e-02,3.798805517244902008e-02,9.998443277627361292e-02,-1.041552008301445745e-02,-1.480487176060358082e-02,4.219352891306495795e-02,3.700128053479923712e-02,1.327958484589463473e-01,1.253998533226175494e-01,1.015923873633443608e-01,-4.481109436172146798e-02,-4.801610978646273821e-03,6.361519650827235361e-02,4.499208760667382234e-02,1.201935088349048442e-01,1.305918944002272541e-01,9.480018958161062770e-02,7.240014478595577230e-02,3.459887553805229832e-02,1.299096433037624787e-02,3.253948939903429927e-01,1.481926650026793024e-01,1.379933805982297979e-01,7.819522116824739744e-02,1.375859480573434213e-01,1.442015142081191359e-01,1.761970381294773735e-01,6.638345367069400926e-02,1.618007267651089820e-01,5.478586415761795697e-02,8.258453251251132721e-02,1.590041751776073431e-01,1.437955740629189849e-01,3.799238068642193239e-02,8.579455820907525010e-02,-9.815916644316751913e-03,2.459940738106553559e-01,9.040890320033936889e-02,1.130031364357620000e-01,7.002017303320625698e-03,1.557891503723744242e-01,4.899581697981762046e-02,5.976444627081483989e-03,1.618268950734596048e-02,1.341968861041266947e-01,7.640517234003640912e-02,5.019359114738290023e-02,6.279700627356973874e-02,1.323921907293446887e-01,6.660643229878807081e-02,6.898969942377629339e-02,2.258513370578456997e-02
5.204521587985549286e-02,2.079919034226611341e-02,4.560192775012324867e-02,1.453911371634504235e-01,0.000000000000000000e+00,1.783631895746120855e-01,4.782199205576566359e-02,1.301800330701770037e-01,1.325865112041524907e-01,7.780363452887129050e-02,1.081794870703695344e-01,1.755821827854855965e-01,5.176700582659658767e-02,4.959047540655411174e-02,2.464076681976511973e-01,2.662385841935967570e-02,4.094258859909145204e-02,8.698779488852183273e-02,6.479532273134468168e-02,1.971868053571182167e-01,1.741659956176768928e-02,6.404574625092974982e-02,2.202021563665159873e-02,7.317751852206433316e-02,6.616750720192700330e-02,5.115287674748855012e-02,1.280834715547053346e-02,3.044426121192165408e-02,4.933478851217171918e-02,3.017755125287043677e-02,1.124053903681605099e-01,1.591622826126878332e-01,3.777548350292515844e-02,2.456379984991399756e-02,1.905516830492451352e-01,8.615986152578460067e-02,7.098747971227595266e-02,6.238169166086672546e-02,9.560510478953770930e-02,2.173903635749250274e-01,2.052022954060703785e-01,1.473783876922608593e-01,9.097260284898106564e-02,7.259660465522022044e-02,5.064145847500886588e-02,4.917690320705104395e-02,8.998012511384220757e-02,1.207745436563815722e-01,9.620161796302510726e-02,3.660061556597420107e-02,2.679697585471359222e-02,1.837382606058539369e-02,1.383771138242297083e-01,1.095763247609549823e-01,1.409803011064460487e-01,6.838630277921381451e-02,8.773442964052843851e-02,2.424076002027411580e-01,1.099915890986982864e-01,6.294621147935132444e-02,1.756041167864276220e-01,8.175759565567387865e-02,3.594549617384919238e-02,1.164125854029810225e-01,5.478602807990664431e-02,3.537768030737036690e-02,9.982814552908602160e-03,1.555549929329583768e-02,1.737790872415168331e-01,3.062395769205192297e-02,5.360907334089638765e-02,2.320620131436547384e-02,8.755686069433944729e-02,5.758834917089159650e-02,4.573446875826540914e-02,2.674933834573873376e-02,3.959029102043752635e-02,5.141493138600508606e-02,2.878093235758924159e-02,6.899196956602256237e-02,7.937441203074892260e-02,2.241787616320458851e-02,4.796797684505658965e-02,1.587622637176479279e-01
1.525859608731581184e-02,5.198598387898199259e-03,2.080219300906590782e-02,1.177882199196635393e-01,1.783631895746120855e-01,0.000000000000000000e+00,5.743019617107804342e-02,2.077767851577863312e-01,1.217823438140628323e-01,1.342072126604856863e-01,5.457089953772088775e-02,1.511760527020348799e-01,5.975609778508493564e-02,5.518772946479135605e-02,2.324117907279813211e-01,1.431251863869837998e-03,3.212160212415769017e-02,6.818355218292512787e-02,1.479265812979723566e-02,1.219808615265049606e-01,2.422266954802207439e-02,3.565977515765327011e-02,1.842718435123185186e-02,8.957075770165599804e-02,3.855507133239421264e-02,1.913421622496299865e-02,2.161159745377966290e-02,5.246074615675475755e-02,7.691428619906134911e-02,5.377086880341248876e-02,5.440634422458510283e-02,1.147461465409008313e-01,4.336742230073108162e-02,3.335178242913011681e-02,2.617389929208084887e-01,1.254146956220368592e-02,2.498211370248970206e-02,6.797594315546055810e-02,5.560638094258552738e-02,1.725870285106441415e-01,1.108018126771062178e-01,8.136894601763311474e-02,5.696194672140062615e-02,3.459482397816168037e-02,4.265531823505130937e-02,9.567618673721153474e-03,7.277310188894932363e-02,2.956227259022710732e-02,2.220067528728477194e-02,2.900088213203867032e-02,2.319603020610893490e-02,3.916572922968307446e-02,1.303694682270312988e-01,4.116581122523906011e-02,6.337123761511373465e-02,4.118111382531872838e-02,8.050921359046223080e-02,1.560094530152876247e-01,8.838879313427257245e-02,3.572488051368766238e-02,1.332056142790182252e-01,7.054200903138878320e-02,6.432861308506486464e-02,6.121599978604008729e-02,1.118009988147487636e-02,2.016957796245808995e-02,2.717755129409055517e-02,3.594135253663438556e-02,1.581720255296877597e-01,9.431559206954168162e-03,2.601173560620911179e-02,3.680893725508883191e-02,9.314201061377537505e-02,2.798376062160569042e-02,4.331084484968473342e-02,1.473085162758287249e-02,4.318734500594275522e-02,3.181977763289754041e-02,2.077423461013781086e-02,2.898844010184769421e-02,3.896419774563780053e-02,-2.157735575293523098e-02,3.035619840977910044e-02,1.339473146231589806e-01
1.225775127500769307e-01,-4.199307364849034878e-03,1.033999521066356203e-01,7.000779288749740814e-02,4.782199205576566359e-02,5.743019617107804342e-02,0.000000000000000000e+00,1.380163968379015949e-01,7.361084446857676933e-02,1.627996280060927392e-01,6.201529645191896506e-02,4.461428978680373469e-02,3.482245021087044395e-02,1.154074140600105797e-01,6.219825441616696343e-02,7.398667265983972785e-02,5.644085403665499712e-02,5.280913338049249284e-02,7.660413428479823095e-02,2.141103398979634850e-02,1.223911937494404356e-01,4.777498017324525309e-02,8.818884231099745341e-02,1.150168780707424010e-01,-9.578636621997987585e-03,7.583425236664169400e-02,3.419521557526791766e-02,2.061803432771241729e-01,9.885095293966537910e-02,2.736183601581554381e-01,2.179798537647735859e-02,6.583050611392785023e-02,5.281669184882594598e-02,7.002492538631156782e-02,7.084346640517100169e-02,5.722938070718800591e-02,4.320904353257414704e-02,5.461290826344222110e-02,2.419800135903319577e-02,4.000901358326797164e-02,4.340100200721781765e-02,5.321669831228617586e-02,2.001911847101830663e-02,3.680312994898699008e-02,2.877637414724381129e-02,1.941541551435911964e-02,4.941435554113047385e-02,1.901835913288775493e-02,1.000006479415038382e-02,-6.400041468256245820e-03,1.140223571554468615e-02,1.301678038834398927e-02,5.741753778989816537e-02,7.416684860220043411e-03,4.521505320870167211e-02,9.409451832057118617e-03,2.244805966638527273e-02,5.059817716714717223e-02,6.340699289810138028e-02,2.083717318595490822e-02,3.539951014654000444e-02,3.963032195549745507e-02,1.863629206478933237e-02,6.593574050622602947e-03,3.300968450719705266e-02,-9.585740227506930541e-03,-1.098932173060083832e-02,2.062883832621285884e-02,3.641642684695980264e-02,3.856070228879832258e-04,3.939525436375711231e-02,1.139647989964341981e-02,6.103196420781958897e-02,1.180802428908451183e-02,1.284420362030676971e-02,-1.767686278296389489e-03,2.820670780388584778e-02,1.399149181127299323e-02,1.101237377432768422e-02,1.480587430635425979e-02,8.817436970280347064e-03,1.789220723574660695e-03,2.222139562014379191e-02,4.462972387721172302e-02
1.182337797553538183e-01,3.539948395659269637e-02,5.660125381847597170e-02,8.999290064056209015e-02,1.301800330701770037e-01,2.077767851577863312e-01,1.380163968379015949e-01,0.000000000000000000e+00,4.518933972333295801e-02,2.512036293702656353e-01,9.718555641326122319e-02,1.121865088278152234e-01,6.477768645444097195e-02,1.901946302131907462e-01,1.714038017081672971e-01,2.121633782762246193e-02,7.876329337953354159e-02,1.043915366276242790e-01,7.819666500735102110e-02,5.858873348617851806e-02,6.961202857310257175e-02,4.743127499991601354e-02,8.661479207284097925e-02,5.458411969294269667e-02,4.957729128292370779e-02,7.496897523846191014e-02,3.060587425407934256e-02,3.943099197670275891e-02,1.131610570106089536e-01,9.158546682078708145e-02,5.220282673804484130e-02,1.765755865197573271e-01,3.918309444772052202e-02,7.357649781460556815e-02,1.091640434932181630e-01,8.717281767075021892e-02,7.119117544337781600e-02,8.698759992934847196e-02,8.100306230129591945e-02,1.511920457668629036e-01,7.659981435151469453e-02,1.059842753746009641e-01,6.158052716116629854e-02,4.559717965191396188e-02,1.802775825007225594e-02,3.898385732276136301e-02,3.458532785591481723e-02,2.258046485327272826e-02,3.040024317860029468e-02,-2.000015998592119971e-03,3.619789631026765903e-02,1.058179843000699345e-02,8.978326984646775588e-02,3.378222945099044333e-02,3.398454529819508463e-02,3.979005380585603352e-02,5.195347645089738037e-02,6.100289871570496736e-02,4.379322196948957219e-02,1.676097605378836300e-02,7.500140137348976221e-02,5.557022580245553345e-02,2.136200051632319852e-02,4.100759373451275114e-02,2.298986263861805407e-02,1.718427652077230555e-02,1.978824852837479317e-02,8.569132314985674834e-03,1.023842117318348593e-01,6.816107446974389861e-03,4.140597122951872322e-02,4.180435490270181798e-02,8.297065620031961186e-02,2.099141958896016957e-02,1.675334496741073473e-02,3.976593207549819486e-02,6.939346821975431179e-02,2.809629605846293825e-03,2.658676768895538653e-02,4.839404969290456854e-02,2.438127779491408922e-02,5.812071443784355002e-03,4.976925834909204371e-03,5.417088417056670907e-02
1.502118804851450100e-02,8.099975916375040663e-02,3.140068365056730010e-02,1.675953926257697790e-01,1.325865112041525185e-01,1.217823438140628323e-01,7.361084446857676933e-02,4.518933972333295107e-02,0.000000000000000000e+00,3.880127507787833191e-02,7.078964484867049378e-02,2.025916177099523485e-01,4.718423585954081151e-02,1.059501919451473137e-02,1.478022857618283559e-01,1.396128629001975319e-01,1.037148441070178881e-02,5.279363963281458877e-02,2.899732843551764902e-02,1.825931381204406734e-01,4.200816852718825684e-02,1.230245682460136131e-01,1.300964522905842004e-02,1.661903582313351557e-01,6.798469176200550024e-02,3.057717290578994621e-02,4.780415382517783779e-02,1.170243804572637242e-01,4.366734859144236376e-03,3.598923006891478066e-02,9.740207914129105082e-02,4.657976158920805465e-02,2.478801831562853913e-02,-1.617957682621186735e-03,1.191771800460191544e-01,2.117941674979128067e-02,6.079369402774920106e-02,2.859075825457882067e-02,6.860196107241260666e-02,1.071940095183705199e-01,1.053998552907019354e-01,1.119892041346200184e-01,4.078615269711242247e-02,8.799813329932529293e-02,1.921955774460933422e-02,8.098927287702063771e-02,1.149906419321831130e-01,1.057877382647287867e-01,8.400032924901079667e-02,2.440009563899839251e-02,6.979860631414241956e-02,3.978769815268998200e-02,1.665895365983143528e-01,1.713896061924703174e-01,1.919910894264404699e-01,4.539305206408002225e-02,1.295752856081179016e-01,3.054029318609690069e-01,1.673958877848811255e-01,4.717454624699091853e-02,2.114013927838166440e-01,7.838041741375112448e-02,5.017516863018386258e-02,1.922061042119041219e-01,1.241936272507708633e-01,9.188910640827080423e-03,2.859184155915464251e-02,2.777911603299443311e-02,1.879902376465850677e-01,8.411299132842515319e-03,1.490046496584612745e-01,1.860288193665304499e-02,1.873840760732470856e-01,9.939447071398463396e-02,3.076873916006436782e-02,6.217756421257829291e-02,9.395012547139496364e-03,6.006760169955465377e-03,3.939086300513847116e-02,6.399585319333973843e-02,9.518803090285547774e-02,-5.916058207390906612e-04,3.858456179084258919e-02,1.985849809798715393e-01
1.314006482459380010e-01,2.980008297171120313e-02,1.179992118787339013e-02,1.916011984110042587e-01,7.780363452887129050e-02,1.342072126604856863e-01,1.627996280060927392e-01,2.512036293702656353e-01,3.880127507787833191e-02,0.000000000000000000e+00,8.160225912290001993e-02,1.258024381171924111e-01,5.960347729270976114e-02,1.250009324084919993e-01,1.041997871132338410e-01,4.479876209919274321e-02,3.640613119602321979e-02,8.280120497139389912e-02,4.940042860939156122e-02,1.982021075568321244e-01,4.599906409018627435e-02,4.859837469200830457e-02,5.139894130450022025e-02,5.140213726725780669e-02,2.360282646024589731e-02,-6.196789978257254139e-03,-1.800561852410921147e-03,9.899975859440036940e-02,6.040915353266184534e-02,7.480220418373710600e-02,5.099977328261293824e-02,1.602080056173414702e-01,8.401841818181684032e-03,5.600371107684437577e-02,1.024102999051997587e-01,3.203132450799118548e-03,3.600970561830701099e-03,6.500174073718308076e-02,2.779976725121448972e-02,1.140012973145552166e-01,8.260008825118396458e-02,5.240227122145985766e-02,-3.399838254281871419e-02,-1.599680671805456776e-03,-3.202794026268664888e-03,-1.659846788021033387e-02,1.740164686777881040e-02,3.660246021575069841e-02,1.000000079992010085e-02,2.160000172782739966e-02,1.940024501956197703e-02,2.300208499499432555e-02,1.458033939328219342e-01,1.220196987668365624e-02,2.240178082900871892e-02,4.340119004934889918e-02,7.961164725695549227e-02,-1.180024304375896886e-02,6.380082837864585465e-02,5.204260209814626226e-03,7.059992706728605849e-02,3.440430327724713216e-02,5.580660370139315513e-02,4.379935452350212921e-02,4.620119973642895089e-02,2.960183899988743511e-02,3.500136017055405224e-02,1.780366265363963682e-02,1.224029543630387046e-01,3.599869100145201839e-02,2.659946824862242584e-02,4.339962520926569228e-02,7.260572628118242000e-02,-9.991225855505896439e-04,1.160563600065713484e-02,1.180407861129096486e-02,5.260080934050403306e-02,2.879912533299064381e-02,2.780152276509860118e-02,3.240068399655383902e-02,1.560210077531226473e-02,1.939888895820513978e-02,2.300270847814815320e-02,6.031380821809125990e-04
2.503048253491864383e-02,5.419963471932411070e-02,7.900143345066669431e-02,6.599266066172806977e-02,1.081794870703695344e-01,5.457089953772088081e-02,6.201529645191895812e-02,9.718555641326122319e-02,7.078964484867049378e-02,8.160225912290001993e-02,0.000000000000000000e+00,8.178604617902950069e-02,8.957833120796926396e-02,6.739344898145237239e-02,7.700302958417763743e-02,3.281652341203332435e-02,7.396299540173668918e-02,1.267917803181998482e-01,8.539672620195419561e-02,6.658883347747829307e-02,5.401184263735000352e-02,3.343077970929272252e-02,9.821495190708870449e-02,5.338409951062101505e-02,4.837726008517232584e-02,1.425720157475595939e-01,9.980649561522812740e-02,3.183072310464994670e-02,5.195616098318434767e-02,6.478503805680313477e-02,1.142033338533769843e-01,1.065728972677694869e-01,1.582429734386575854e-03,3.037526756322917604e-02,1.159644944626388591e-01,1.059735109750869209e-01,9.359141913395362111e-02,9.498771015986398614e-02,6.980297069336491300e-02,9.039138432101431753e-02,1.546004398564641835e-01,6.158349044715352022e-02,8.958112967430757745e-02,6.159731276018232810e-02,3.882840550386689599e-02,2.978370259162873429e-02,4.778552874288760632e-02,5.658116179820979474e-02,2.840022718000818555e-02,2.520020158226077278e-02,4.019792902738577450e-02,3.898232605914197374e-02,7.378297259061712687e-02,4.898251184404859432e-02,5.238483967346749953e-02,3.178996277383789454e-02,9.555739704250612587e-02,7.860304267102494191e-02,4.539323736013113619e-02,6.116355118479433611e-02,9.820158742111582961e-02,8.877155373234131563e-02,3.496276236570811796e-02,6.700784383243796327e-02,4.779014483787407536e-02,2.958447490410820099e-02,2.818835351923951529e-02,2.936993140700511207e-02,8.078382987523888281e-02,1.481623543622339126e-02,6.100614722198285933e-02,2.940424951199639356e-02,8.177060625884133294e-02,6.059183218461651477e-02,7.755820899465604157e-02,5.936688263689542111e-02,4.259321042650835581e-02,4.601009958052820065e-02,4.098696610388349176e-02,9.519448395856448808e-02,3.398146517189350874e-02,3.181239641550850233e-02,4.057780936187031090e-02,7.937185230128256108e-02
6.963052617773678177e-02,9.599309568293174985e-03,4.000788886926583306e-03,1.713939808567519762e-01,1.755821827854856243e-01,1.511760527020348799e-01,4.461428978680373469e-02,1.121865088278152095e-01,2.025916177099523485e-01,1.258024381171924388e-01,8.178604617902950069e-02,0.000000000000000000e+00,7.057898210781855808e-02,7.959386422458485100e-02,1.988037507776042601e-01,1.381540872965207091e-02,1.176120485428442004e-02,9.790979791008931968e-03,1.199629298235435973e-02,1.799907104207486563e-01,2.021086406272949720e-02,5.362997261068885857e-02,8.013022867018831583e-03,7.798529235495391121e-02,2.017771111193540287e-02,-1.963354445691295816e-02,1.760546381876397157e-02,4.402964047046004081e-02,4.015758560962855855e-02,3.178528524352671608e-02,4.840263791692824002e-02,1.087744568541415824e-01,2.858376468924073502e-02,4.417690601357845970e-02,3.073791081172357886e-01,1.177154780085651678e-02,1.619104442525850368e-02,3.918759067965148224e-02,2.800248697040043019e-02,1.321922159210330572e-01,7.519978446994141086e-02,7.498454878422261549e-02,3.658100059061890341e-02,5.299735986536811827e-02,1.142618405346309748e-02,4.918483044169922463e-02,8.118673366306761174e-02,6.598230294163935639e-02,5.540039995233612263e-02,7.000050535493733406e-03,1.519783268107023459e-02,-1.217499921513225244e-03,1.591853549647194721e-01,1.143845575900109823e-01,1.425869714766007657e-01,7.679093489098655356e-02,1.257625745693190522e-01,2.276039638785847252e-01,1.215942354714001916e-01,5.416510286646163130e-02,2.392024915830798792e-01,3.177084897755308446e-02,3.796486072443120557e-02,1.304079920094924072e-01,4.399058724182475233e-02,1.058496260687340207e-02,6.718938852102947223e-02,2.237120493767999485e-02,2.489874891404058044e-01,1.021535394229582117e-02,3.320559172732564374e-02,-3.596228140148405826e-03,1.131734646972643310e-01,4.039203017661865958e-02,4.615806093234142010e-02,3.076727150408298250e-02,6.719375461838218710e-02,3.460946860909799860e-02,2.358738789727733709e-02,1.419404124547649082e-02,6.538298697908247192e-02,1.441156774685265103e-02,3.877889435697139120e-02,1.943776786602655349e-01
2.304544125901227328e-02,9.660054070328641385e-02,4.740205398727590641e-02,3.358867291046634812e-02,5.176700582659658767e-02,5.975609778508493564e-02,3.482245021087045089e-02,6.477768645444098583e-02,4.718423585954081151e-02,5.960347729270976808e-02,8.957833120796926396e-02,7.057898210781854420e-02,0.000000000000000000e+00,2.178962855257978240e-02,7.300492674848421681e-02,3.162481976491868935e-02,6.274212828061521974e-02,5.958684549559534888e-02,5.619504011283499301e-02,4.778307681590054923e-02,3.921765788915896472e-02,6.784747417394547397e-02,5.862179185140167781e-02,5.977640556515958353e-02,1.683700643158844990e-01,1.169548347144064859e-01,1.106104983534428876e-01,3.464596763877176439e-02,6.633397675694667484e-02,4.477716649191827020e-02,1.338060320117049340e-01,6.415631082243589134e-02,2.037416654098076971e-02,3.476294138395314565e-02,1.059432913489756489e-01,1.135597277139850786e-01,9.718763052578160977e-02,8.258156563923274573e-02,9.140526123603784359e-02,7.758722130791848026e-02,1.010006199854980996e-01,1.027764472108947807e-01,7.717123531457976970e-02,6.639641675105634189e-02,6.524347846484354618e-02,6.057642701962327736e-02,5.497858870433088019e-02,5.817177706237399576e-02,7.280131030434802697e-02,6.000107992116594791e-03,8.099787276690995075e-02,4.297363082446939431e-02,6.257419095300460754e-02,4.057356223730184536e-02,4.957729128292365922e-02,3.738520077950984594e-02,1.231355104007109957e-01,3.740427958778266143e-02,5.819034266806202144e-02,7.114484340143636953e-02,6.260232787127974208e-02,1.835611819588911786e-01,3.854375030073232955e-02,5.701191738972796741e-02,5.018547442336388636e-02,1.277633455188176975e-02,3.778285183242562767e-02,5.175571044444687852e-02,6.957552830020126422e-02,-1.077628255562954745e-02,6.180957219741226721e-02,4.860689854521084430e-02,7.255454981973040451e-02,1.893906683136004632e-01,6.833415675806296663e-02,8.975125534562009011e-02,2.458968348454001682e-02,4.401531751310929635e-02,6.579758491299161731e-03,1.383930689308185136e-01,3.957237094012708289e-02,-1.258228487406870891e-02,2.056591951338062815e-02,8.255720170590333251e-02
4.628267394550469871e-01,4.799647906638106372e-03,5.600045179563294812e-02,5.299659218844853664e-02,4.959047540655411174e-02,5.518772946479135605e-02,1.154074140600105658e-01,1.901946302131907462e-01,1.059501919451473137e-02,1.250009324084919993e-01,6.739344898145235851e-02,7.959386422458483712e-02,2.178962855257977893e-02,0.000000000000000000e+00,7.720121884038991245e-02,7.807274378700472355e-03,8.778617119340646757e-02,1.189962158614794180e-01,9.159839434921808465e-02,5.279492361279010393e-02,1.210057098009719168e-01,2.241396861566453957e-02,9.440681792947601403e-02,3.479280395737923554e-02,1.098941667216201193e-02,5.718672877060199111e-02,4.840264558233035169e-02,4.081450218388582574e-02,2.213947001561177019e-01,1.721944570684734443e-01,6.320119364284980390e-02,1.451906129061560635e-01,1.737940444738995671e-01,1.921927282206490339e-01,5.698397731346383638e-02,5.778808374964915923e-02,6.259596208567044795e-02,1.199947684854766744e-01,6.000118788341204240e-02,7.379601248086654908e-02,5.519973055457333411e-02,2.579237221742199104e-02,2.859107376350461527e-02,4.598569064321249115e-03,2.621288722416542302e-02,1.919264110755975611e-02,3.439346469229773856e-02,1.399119843670630810e-02,2.140003466461773418e-02,1.620002624143959333e-02,1.279894314379642455e-02,7.191808559497156125e-03,3.999220868568247045e-02,2.239199398382692857e-02,-6.072051208134785633e-04,3.039547243016621839e-02,3.658001801083710092e-02,2.440112380966730221e-02,2.719684843294538010e-02,3.258368363951674035e-02,4.240042949380922604e-02,4.778720790719014067e-02,2.358353235869631651e-02,4.640339000798277685e-02,9.995370439823797123e-03,8.192879527715008978e-03,4.879489913507147753e-02,2.786050661152475200e-03,6.619282869824426319e-02,3.180750523832374249e-02,-7.597500003501096201e-03,2.200184645928235025e-02,3.958663638969421583e-02,3.996056538415770736e-03,3.338085949559766591e-02,9.184188426115015916e-03,4.799691581842505800e-02,1.020436548310441234e-02,1.399398415718829981e-02,9.397147536974603463e-03,4.991426444943652431e-03,1.160547047847943977e-02,1.989597728639118292e-03,2.158665298001523694e-02
7.919774294479577093e-02,3.360012670735497420e-02,4.079988817116132066e-02,1.914016170941331973e-01,2.464076681976511973e-01,2.324117907279813211e-01,6.219825441616697037e-02,1.714038017081672971e-01,1.478022857618283559e-01,1.041997871132338410e-01,7.700302958417763743e-02,1.988037507776042323e-01,7.300492674848420294e-02,7.720121884038992632e-02,0.000000000000000000e+00,3.939792248396216390e-02,6.380970143694217334e-02,5.700161426372132856e-02,6.800064617582490811e-02,1.832026571244319557e-01,2.419841937175142704e-02,6.359731303416807369e-02,3.319815804573796741e-02,9.720339449472879811e-02,6.860484676233005730e-02,7.640799857310361098e-02,2.119918467259389316e-02,2.519625479262278811e-02,2.260883108062727506e-02,5.940288562885769064e-02,3.399965227464728235e-02,1.656097467592911043e-01,3.220295722688861634e-02,2.460434789610720444e-02,2.238195718660368205e-01,8.260695989628401292e-02,6.740164608467459628e-02,8.520254755376388545e-02,9.599967459242356171e-02,2.346021576676911025e-01,1.828001565443801713e-01,1.570041876496097721e-01,6.380399372101824840e-02,5.940050964929075722e-02,5.099710853519307668e-02,4.560293013505969939e-02,1.268032180251528751e-01,1.008042777781140570e-01,8.060001450655331079e-02,4.260000766723538029e-02,4.520037623451225034e-02,4.320322454657767736e-02,1.612044941196614511e-01,1.192040422377163705e-01,1.254034254613080046e-01,8.320185601343163539e-02,1.274181396409604927e-01,2.167997180760908305e-01,1.308013153109718607e-01,5.780890003233872532e-02,1.879999176082248480e-01,8.540754770335021173e-02,5.360846314295177745e-02,1.303991548031335490e-01,5.760176488608884787e-02,2.500260426164103641e-02,4.640201696017642874e-02,3.280568330057750948e-02,2.158047673680071610e-01,5.939808606955317150e-02,6.959924081106065585e-02,4.199942861675196731e-02,1.212090160309044345e-01,5.000144985890933591e-02,1.940860010279972861e-02,4.000702681568719249e-02,5.800118428376362101e-02,4.179868803533392380e-02,4.360229964042543899e-02,4.820103027050632455e-02,6.780367294003880607e-02,4.639841730329533065e-02,5.080434324654362066e-02,1.852103464866313998e-01
2.337122975552211740e-02,1.142017157298234331e-01,9.939999719142303403e-02,1.264092631685899137e-01,2.662385841935967223e-02,1.431251863869837998e-03,7.398667265983971397e-02,2.121633782762246193e-02,1.396128629001975596e-01,4.479876209919275015e-02,3.281652341203332435e-02,1.381540872965206918e-02,3.162481976491868241e-02,7.807274378700473222e-03,3.939792248396216390e-02,0.000000000000000000e+00,6.164542247102524491e-02,5.001014309670250013e-02,4.540438550000339829e-02,8.141301636156685062e-02,1.763909034906879225e-01,2.345787015683544752e-01,7.978750072188432740e-02,2.602211748027684624e-01,8.002607807422383590e-02,4.263631416789714912e-02,1.345956091109751507e-01,2.061776968359471940e-01,2.444995105105165004e-02,3.361653621095835737e-02,6.979817113406079632e-02,2.023197412011807153e-02,4.081831983596863334e-02,3.362655503140248026e-02,-1.515780950416594809e-02,3.843181419226518458e-02,-3.590440020032634703e-03,2.261391022871580420e-02,5.659806316757050315e-02,3.680999949332754151e-02,2.940103569367309710e-02,5.361854612135888432e-02,2.420850011728167914e-03,-1.479692341849719699e-02,-4.427335045668010297e-03,4.061748143790758908e-02,5.821608444037883190e-02,6.302128980809837411e-02,1.800014398732912788e-02,4.800038396621101808e-03,1.290034549067143321e-01,5.661945004456558211e-02,1.794217314832186883e-01,4.861930141664030230e-02,3.681658740665786494e-02,4.861095209794383948e-02,5.365601929391678598e-02,9.019833799136357799e-02,2.460743598043676345e-02,3.924227185919192812e-02,4.299954490322879797e-02,5.683426996016961025e-02,1.864024021716177704e-02,8.219359134488650465e-02,2.842136329908762082e-01,8.416133044824289366e-03,3.461243141246343052e-02,2.343209705735184098e-02,7.761897040646574542e-02,8.558537082885042668e-02,2.253964244230022285e-01,4.459637943253612347e-02,2.406428113516458633e-01,8.580969316902181676e-02,-1.715337696758997485e-02,1.002408576487684028e-01,1.626087634232712131e-01,4.679090999471469114e-02,1.541381102125173250e-02,4.200678914503693656e-02,7.602068185599528127e-02,5.938874348530849556e-02,4.742437463735944825e-02,1.903192801865545222e-02
5.388134105914239164e-02,1.150041414779478105e-01,2.598161348190481945e-01,1.598009817575874597e-02,4.094258859909145204e-02,3.212160212415768323e-02,5.644085403665500406e-02,7.876329337953352772e-02,1.037148441070178881e-02,3.640613119602321285e-02,7.396299540173670306e-02,1.176120485428442004e-02,6.274212828061520586e-02,8.778617119340648145e-02,6.380970143694217334e-02,6.164542247102523798e-02,0.000000000000000000e+00,2.155873214042486330e-01,2.726044786958577992e-01,5.337192940028018945e-02,7.243331789176628288e-02,6.988264440068192584e-02,1.458440859885006546e-01,3.375844759616945107e-02,8.874400232521562071e-02,3.533427411675535423e-01,1.458225869385152695e-01,3.948016805175674770e-02,5.428205568472820736e-02,4.916145584978612315e-02,1.322134127505457946e-01,6.892471168626054800e-02,4.515712355035129272e-02,1.071414343823868381e-01,2.749078088593027297e-02,1.775356948481294495e-01,1.843855442878408191e-01,8.056946603560936893e-02,1.450141072653721164e-01,6.117852695638416327e-02,6.540145816863339456e-02,1.047609235673868516e-01,8.875192451064733978e-02,5.759481375971736011e-02,3.567346666205659100e-02,6.856063647060646471e-02,3.936289669911346295e-02,3.295019883283741707e-02,5.920320147555845069e-02,1.000054078979028399e-02,9.179874125891604453e-02,8.295752835943259740e-02,1.095287293583264467e-02,4.655517478416815180e-02,2.435991629783551549e-02,1.057357021391235573e-02,5.867487231814266097e-02,2.940783492834623744e-02,4.981559323776442276e-03,3.990016279299629653e-02,2.340334582062293667e-02,7.872358418689806570e-02,2.410055061159879775e-02,1.941979972959274880e-02,2.817458148951329511e-02,4.356110820902306391e-02,3.177066409814034709e-02,3.532187252086225332e-02,2.915610341154983506e-02,3.604383325610857614e-02,5.861778579934191075e-02,4.141265909646499321e-02,1.131572081900224583e-02,6.138059002623516558e-02,7.988528342101855473e-02,9.971583954934389038e-02,1.378204947417193370e-02,3.225141194150152931e-03,1.736568296174120785e-02,9.758876377360985177e-02,6.715448994636401270e-02,1.023179621157606876e-02,2.654156765880454072e-02,3.332170352292189441e-02
1.370219041335269394e-01,5.699968533078780125e-02,1.674009653669477904e-01,3.759538392709566718e-02,8.698779488852183273e-02,6.818355218292514175e-02,5.280913338049248590e-02,1.043915366276242790e-01,5.279363963281458877e-02,8.280120497139388525e-02,1.267917803181998482e-01,9.790979791008930233e-03,5.958684549559534888e-02,1.189962158614794180e-01,5.700161426372132162e-02,5.001014309670250013e-02,2.155873214042486608e-01,0.000000000000000000e+00,2.517984512343544590e-01,4.059310026710644115e-02,8.520729867980904315e-02,3.861892672764014045e-02,9.780900612579204734e-02,3.499033035444703427e-02,7.958726306484330271e-02,2.681900512062387887e-01,1.010037494997056834e-01,4.941925351609114531e-02,9.677844915653488478e-02,8.039127553057852371e-02,1.370018590402841963e-01,8.418408495345681974e-02,1.587914352805703255e-01,1.243875469576649351e-01,3.677633313479030525e-02,1.643869822878875064e-01,2.007953970417844791e-01,1.449930963311907295e-01,1.874020132495188562e-01,6.399460914803453693e-02,1.109998419158043231e-01,1.323911037249511646e-01,1.155894167313036569e-01,8.879836431862517254e-02,4.441747311608684051e-02,8.499091530367831882e-02,7.299161805422402227e-02,3.458853311992786395e-02,4.920014168244387504e-02,-1.600004607559153517e-03,5.739873576676385314e-02,5.338967965870512061e-02,4.338954507005603894e-02,6.858988423345184493e-02,3.959083166560094236e-02,1.419384946855255930e-02,6.797504699161342756e-02,3.900155918899467222e-02,1.539574970591532296e-02,6.317934305948993967e-02,2.020053852779147424e-02,6.878320086712119696e-02,3.257814044649356977e-02,6.420460845994298282e-02,5.393794385715021920e-03,1.199053140399850177e-02,6.299326556382592313e-02,3.178234012996567631e-02,2.678977750247454187e-02,2.009620902611476169e-03,3.140348086940619038e-02,4.220254239047359357e-02,3.978177387615368377e-02,5.699502257136902089e-02,8.797779020806538453e-02,3.818005827211625597e-02,7.795715509175090915e-03,1.120582396314952559e-02,2.579206415296857527e-02,8.599651809381568535e-02,4.558913757152552315e-02,1.140728345742100802e-02,2.098649478650764164e-02,4.138265979228440694e-02
9.641008693935697316e-02,1.167998607498658831e-01,2.048003064655364025e-01,4.598011693865082516e-03,6.479532273134468168e-02,1.479265812979723566e-02,7.660413428479823095e-02,7.819666500735102110e-02,2.899732843551764902e-02,4.940042860939156122e-02,8.539672620195419561e-02,1.199629298235435973e-02,5.619504011283499995e-02,9.159839434921809853e-02,6.800064617582490811e-02,4.540438550000339829e-02,2.726044786958577992e-01,2.517984512343544590e-01,0.000000000000000000e+00,2.719713627227162214e-02,6.820310114799058021e-02,4.520865956780292100e-02,9.680400752976357770e-02,3.879616196537575418e-02,1.173961722299380894e-01,3.448043230631383516e-01,1.496016212482916274e-01,3.880848114635871565e-02,8.939448188024529118e-02,7.459663441004928119e-02,1.372006932271550295e-01,8.079469873837229199e-02,1.033966529169909609e-01,1.201961221264180313e-01,4.019156497853482168e-02,1.769976005007264097e-01,1.925982511575184686e-01,9.879722072585032933e-02,1.648007119932922981e-01,5.339778070657947434e-02,7.039983662426059496e-02,1.169967913531295839e-01,1.181964574786035782e-01,7.259925960543357759e-02,5.180802291646280366e-02,5.879634834916663139e-02,6.079666968469371602e-02,3.159541120150011206e-02,3.500001749826323061e-02,-5.000002499751883024e-03,7.239944928670059843e-02,8.719636650351930696e-02,1.479556437916690684e-02,3.999584357162111470e-02,3.419629104033163058e-02,-2.402609061226916327e-03,5.419166749010640577e-02,5.080063448098580403e-02,1.839823918036041089e-02,2.299116196564838024e-02,2.960021537057837965e-02,6.819421692418811687e-02,2.559144258142900460e-02,4.280189055097956968e-02,2.239748715362764944e-02,5.379645762564023992e-02,2.479712427339232986e-02,2.199288074164181331e-02,4.099601773941365795e-02,2.740423251349557304e-02,3.800145609654966006e-02,1.760101749926767239e-02,2.079251020083118170e-02,8.879805948454881637e-02,9.139462688137016400e-02,7.959426400209537733e-02,-3.201806607171422264e-03,2.700249101939401417e-02,2.919678367784056539e-02,7.539853435597836107e-02,1.539538551491712037e-02,2.160310770494066127e-02,1.319442908635998050e-02,2.199288074164185841e-02
6.162416217820110981e-02,5.039962784403890367e-02,9.200641522839881487e-03,2.405955643154878698e-01,1.971868053571182167e-01,1.219808615265049606e-01,2.141103398979634503e-02,5.858873348617851806e-02,1.825931381204406734e-01,1.982021075568321244e-01,6.658883347747830694e-02,1.799907104207486563e-01,4.778307681590054923e-02,5.279492361279009699e-02,1.832026571244319557e-01,8.141301636156685062e-02,5.337192940028018945e-02,4.059310026710644115e-02,2.719713627227161867e-02,0.000000000000000000e+00,2.780863328536815199e-02,1.040255138092255616e-01,1.001030187572377744e-02,8.238849856571302255e-02,5.698328380069755256e-02,2.517524675783824190e-02,3.800440782360788722e-02,6.602430244179799401e-02,2.856618875964014523e-02,1.978824852837481052e-02,7.240213862882143026e-02,1.055802888702644937e-01,1.418700247163807993e-02,-1.301952327702601657e-02,1.497770115076260955e-01,1.897783570222518271e-02,1.859293792211410418e-02,3.799019152004795563e-02,5.200204316573059371e-02,1.385938234402541436e-01,9.159981405067323113e-02,1.089883466215546826e-01,9.384570653279560720e-03,2.979774385100039322e-02,1.022068022893670748e-02,5.278810432760939336e-02,8.918964633835058109e-02,9.438660591472904093e-02,6.500029247272676169e-02,5.300023847776178659e-02,5.359845099615091063e-02,2.238653893552710120e-02,2.279896391240576192e-01,1.091878477699845668e-01,1.861903283474095061e-01,8.359285942584114559e-02,1.465742699606805144e-01,1.748026178161005140e-01,1.787956946609262632e-01,6.417350017216666425e-02,2.100015490542035401e-01,5.297793592110029703e-02,7.077431970232025971e-02,1.440062806909649662e-01,1.175931273211835854e-01,1.658820853185487970e-02,5.719151557208244224e-02,5.576797063920125794e-03,2.297900594201826574e-01,5.421267639114776826e-02,8.040464015391063368e-02,1.480307370811599285e-02,1.203799909371966459e-01,6.439384622093313748e-02,2.456588275771832280e-02,2.917431543155512771e-02,8.719513412117016471e-02,4.300751664386476270e-02,4.239023674799368563e-02,6.859559692321312574e-02,1.005872126883565615e-01,3.840934474962763578e-02,4.838363317941297981e-02,1.759827471019307366e-01
1.793848963069838709e-01,2.180064583012732496e-02,1.161998978386969000e-01,4.040583861877712624e-02,1.741659956176768928e-02,2.422266954802207439e-02,1.223911937494404356e-01,6.961202857310257175e-02,4.200816852718825684e-02,4.599906409018627435e-02,5.401184263735000352e-02,2.021086406272949720e-02,3.921765788915896472e-02,1.210057098009719168e-01,2.419841937175142704e-02,1.763909034906879225e-01,7.243331789176628288e-02,8.520729867980905703e-02,6.820310114799058021e-02,2.780863328536814852e-02,0.000000000000000000e+00,8.578196680248469097e-02,2.249926631629041718e-01,5.301243413563375834e-02,2.401732472966546308e-02,4.822604986680571748e-02,6.299638904367384218e-02,1.413837069782342137e-01,1.408442887959161227e-01,3.256150798264779711e-01,5.779855711877641272e-02,7.422438645284558378e-02,2.096151692528532284e-01,1.184208074031960350e-01,1.083091104082456457e-02,2.122197388996477363e-02,3.606743851474992005e-03,1.086105724654942012e-01,7.779863911105312779e-02,3.040692607450632204e-02,4.580074038122723679e-02,5.241303151494650092e-02,-1.398568534246247795e-02,8.022431771984837607e-04,2.398161030613185293e-02,3.981226598214840373e-02,1.821084178469825968e-02,7.014113760630128966e-03,4.800018814229196733e-03,1.760006898550702317e-02,4.020184464337972496e-02,3.021331676208670325e-02,4.221349074747689223e-02,7.012980390332121047e-03,7.611289597675673091e-03,3.300752020288184180e-02,1.163683525781131906e-02,2.179840953267820833e-02,1.460512040036560967e-02,3.602993977862553598e-02,3.399453448527531285e-03,5.242428067276106579e-02,1.942844628776268373e-02,1.779505907876628365e-02,9.540797568066788914e-02,2.481149460376186333e-02,2.940864675613481111e-02,4.182327389851986377e-02,4.481292816375000154e-02,2.678912041449665535e-02,6.739641060164273945e-02,2.139729484668368570e-02,3.902442255177760583e-02,1.300624183540428219e-02,3.883654490599764558e-02,4.502719741849095514e-02,4.140526885841293997e-02,1.839340573459543465e-02,1.740968790521227327e-02,3.800467715673794961e-02,2.281379086650309196e-02,4.991642865347267061e-03,2.861683183228970473e-02,1.142223002038723033e-02
1.194589956750376561e-02,1.804064225612403982e-01,8.080073389695971442e-02,8.981743712151640802e-02,6.404574625092976370e-02,3.565977515765327704e-02,4.777498017324524615e-02,4.743127499991601354e-02,1.230245682460136131e-01,4.859837469200830457e-02,3.343077970929272252e-02,5.362997261068885857e-02,6.784747417394547397e-02,2.241396861566453957e-02,6.359731303416807369e-02,2.345787015683544752e-01,6.988264440068191197e-02,3.861892672764014045e-02,4.520865956780292100e-02,1.040255138092255616e-01,8.578196680248467709e-02,0.000000000000000000e+00,4.637638021356444568e-02,2.304394180048199570e-01,1.494511769832879977e-01,5.126693284887568619e-02,2.019953691221426373e-01,1.651542884199924677e-01,2.989176149686434067e-02,2.629690069921373878e-03,8.439788624833834130e-02,4.566035313330902429e-02,3.823397355969297001e-02,4.184935797547136710e-02,2.308188994002167982e-02,6.746002929839435558e-02,4.021897514074396912e-02,6.642736001075223717e-02,6.239727996411974925e-02,3.301875728177657010e-02,5.760305803954460235e-02,6.783507047128996270e-02,6.504113607510481065e-02,8.180818529815295226e-02,4.375189428162985089e-02,9.003433582488093445e-02,5.322995877151257688e-02,8.364033155252610652e-02,7.180196576815772724e-02,2.460067350831029315e-02,2.092102048901438582e-01,7.123674048267261694e-02,1.332390938654179624e-01,7.323681639824504430e-02,5.103140236036189659e-02,5.802102264110134411e-02,6.510182554380494757e-02,1.179988122096903846e-01,1.881386422188214419e-02,6.027865651221060717e-02,6.360026264473515878e-02,6.706317589451118999e-02,3.167490080418736836e-02,4.758806126343820275e-02,2.696275310673952874e-01,3.943099197670275891e-02,3.842342260650846025e-02,3.645982139570570074e-02,7.463532246449475216e-02,2.577131466248597236e-02,3.635999518261503471e-01,4.079373797035402288e-02,1.844719255984930140e-01,1.228199380786029055e-01,2.869164223974358940e-02,1.788787344304454963e-01,8.601581290582069328e-02,3.338325186203331546e-02,1.162554295142095330e-02,1.378157882686023294e-01,5.583768832426583978e-02,3.077878335733339604e-02,4.364484462010358168e-02,4.166012194304653110e-02
5.037651284563240961e-02,6.440105342183630177e-02,2.728009021595419470e-01,2.460699074348950827e-02,2.202021563665159873e-02,1.842718435123185533e-02,8.818884231099745341e-02,8.661479207284097925e-02,1.300964522905842004e-02,5.139894130450022719e-02,9.821495190708869061e-02,8.013022867018833317e-03,5.862179185140168475e-02,9.440681792947600015e-02,3.319815804573796741e-02,7.978750072188432740e-02,1.458440859885006546e-01,9.780900612579204734e-02,9.680400752976359158e-02,1.001030187572377744e-02,2.249926631629041718e-01,4.637638021356444568e-02,0.000000000000000000e+00,2.961471090382585339e-02,2.742104996961846133e-02,2.100382175146527086e-01,1.183960407545236737e-01,8.077752084934887444e-02,9.064784600360691058e-02,1.150151833911715604e-01,4.679823909432938300e-02,5.442848747902032797e-02,7.261608103706163053e-02,1.022244419806920823e-01,2.143809040214295081e-02,6.222799403947093522e-02,6.140869093042884003e-02,9.561266401599442799e-02,7.119838450503754301e-02,4.660856277407241649e-02,5.000096990946425318e-02,4.461564819344117361e-02,-2.178274213336226992e-02,-1.379736442768585494e-02,3.697795087325158464e-02,-2.785762095929744404e-03,3.961343363131501760e-02,1.161721064180861254e-02,7.800045079882861852e-03,3.620020921689223736e-02,4.280229487286119072e-02,8.015769561126227793e-03,3.081614253819290120e-02,1.801593314755911210e-02,5.013667721581418178e-03,1.400896742543936493e-02,2.024529104160340334e-02,-2.080216376484564020e-02,3.760639764790289080e-02,1.703494673130984474e-02,-1.200686895314694849e-03,6.022947254292067981e-02,4.363566407124597896e-02,8.393942720976876881e-03,4.840928250091685453e-02,3.261404801686031835e-02,2.841049101076965899e-02,3.762787935271904444e-02,1.141513496457703496e-02,3.538688894252255135e-02,2.439540537268395509e-02,4.919690926634910644e-02,2.242876082578516839e-02,1.720762034055001860e-02,4.384420587787375700e-02,4.763280119462846851e-02,2.200628221845677898e-02,2.739207800770979834e-02,2.041179478086955698e-02,2.740563292075357330e-02,3.141686182604459115e-02,1.589817361587669625e-03,1.322001677150751522e-02,-6.373713359022423371e-03
3.231193850388773114e-03,3.639948182464648047e-02,5.680134199186324950e-02,1.405931219086582751e-01,7.317751852206431928e-02,8.957075770165599804e-02,1.150168780707424010e-01,5.458411969294270361e-02,1.661903582313351557e-01,5.140213726725780669e-02,5.338409951062102199e-02,7.798529235495391121e-02,5.977640556515959047e-02,3.479280395737924247e-02,9.720339449472879811e-02,2.602211748027684624e-01,3.375844759616945107e-02,3.499033035444703427e-02,3.879616196537575418e-02,8.238849856571302255e-02,5.301243413563376528e-02,2.304394180048199847e-01,2.961471090382585339e-02,0.000000000000000000e+00,3.017561175000367871e-02,5.316631840662139341e-02,2.640613816714872802e-02,2.352395917545616055e-01,4.295307624572419769e-02,5.418411296550212919e-02,5.200298773005757741e-02,3.916878011405705573e-02,2.498198396831601345e-02,2.657390122698940343e-02,9.896128825330434420e-02,4.776988394584127939e-02,1.939014785028692414e-02,4.878643363879265477e-02,4.800295173318392533e-02,7.299077491586286603e-02,1.519929443290819401e-02,1.458179158399143180e-02,3.497894353563125308e-02,8.596718902431079237e-03,3.022952258178384852e-02,1.158256605985943759e-02,4.038468930153809450e-02,1.717936832741642078e-02,2.580022753625676665e-02,1.980017462084820642e-02,6.039802378209021411e-02,4.358152732896464904e-02,1.391833818196406003e-01,4.878162820084238488e-02,5.058405241853719536e-02,9.079018862278208368e-02,8.095359058604179037e-02,1.508038768528348061e-01,5.399300438792633411e-02,2.215930749850532691e-02,9.320166373994227815e-02,3.936801021173179371e-02,2.556029683722632270e-02,4.320801029171828650e-02,1.811912914072949243e-01,1.058337967448243558e-02,4.198796048397699515e-02,4.276892137031410718e-02,7.858297548752729567e-02,1.341702397195036582e-02,1.928077687451845157e-01,1.720435990923877348e-02,1.647725557423592169e-01,1.999098560052756449e-02,4.095291460483251045e-02,6.956563444855332068e-02,1.331938311639329353e-01,1.981031074991039184e-02,2.798612998462852303e-02,3.899367446977335117e-02,2.058026057651761789e-02,-6.387486332744250934e-03,3.237647248654196980e-02,8.557060075025926804e-02
1.904525974875038996e-02,2.578034453152214245e-01,1.086031567307650797e-01,5.558911287808480928e-02,6.616750720192700330e-02,3.855507133239421264e-02,-9.578636621997987585e-03,4.957729128292370779e-02,6.798469176200550024e-02,2.360282646024589384e-02,4.837726008517233278e-02,2.017771111193540287e-02,1.683700643158844990e-01,1.098941667216201193e-02,6.860484676233005730e-02,8.002607807422384978e-02,8.874400232521562071e-02,7.958726306484328883e-02,1.173961722299380894e-01,5.698328380069755256e-02,2.401732472966546308e-02,1.494511769832880255e-01,2.742104996961846133e-02,3.017561175000367871e-02,0.000000000000000000e+00,1.421562201525732594e-01,2.222126163660044229e-01,5.844660764886161139e-03,3.833145674131945707e-02,9.176240958627778291e-03,2.338078498788442872e-01,8.775745347731789270e-02,3.037444332131014960e-02,3.036277208235503913e-02,3.673801007378347389e-02,1.231601777386479302e-01,1.195880982033392242e-01,5.898100447224290110e-02,1.518063592277899831e-01,5.718679538728557721e-02,8.500033168654669291e-02,1.471776761155571822e-01,1.251727481714609846e-01,1.347976697474016494e-01,4.884280413633295542e-02,1.109777786508346631e-01,6.937895184601176879e-02,9.497289938492919914e-02,1.072019294591498306e-01,8.000143989488792476e-03,2.626011740136336980e-01,1.321761799808639781e-01,6.377422524658833691e-02,1.097755398339666649e-01,7.077784244319784701e-02,1.658475610824710830e-02,1.039335918976371509e-01,8.660517397841512033e-02,5.939036621033062791e-02,5.234356503271823252e-02,6.020228462643707756e-02,2.475643818051712630e-01,3.734367107888354742e-02,8.581248240417548023e-02,1.077867058207068740e-01,5.597745767093102731e-02,5.658327480135851018e-02,3.735501323129850060e-02,6.397537330321681481e-02,4.424112615887712367e-03,1.642115156067877890e-01,2.900653597175955473e-02,6.775430205513163773e-02,3.245934288943226886e-01,5.353282474980284450e-02,2.289593982429254659e-01,-1.621111695259397009e-02,2.361489159247633432e-02,-1.942085974352024402e-02,2.083944184316709192e-01,7.397338635728305245e-02,1.701838107701724584e-02,6.565432065142731873e-03,5.215572981147890280e-02
4.846675264716911874e-02,1.192026903119226544e-01,3.320140033445489469e-01,3.498416528763651639e-02,5.115287674748855012e-02,1.913421622496299865e-02,7.583425236664169400e-02,7.496897523846192402e-02,3.057717290578994621e-02,-6.196789978257254139e-03,1.425720157475595939e-01,-1.963354445691295816e-02,1.169548347144064859e-01,5.718672877060199111e-02,7.640799857310361098e-02,4.263631416789714912e-02,3.533427411675535423e-01,2.681900512062387887e-01,3.448043230631383516e-01,2.517524675783823843e-02,4.822604986680571748e-02,5.126693284887568619e-02,2.100382175146527086e-01,5.316631840662140035e-02,1.421562201525732594e-01,0.000000000000000000e+00,2.456213618098652685e-01,4.686664967476532329e-02,2.089908768662301214e-02,5.776820161780386181e-02,1.756116846806377307e-01,1.015397698056890868e-01,5.136456023349664224e-02,9.375035187279205651e-02,3.451041780889435584e-02,2.433506720160391046e-01,2.293885047086867690e-01,1.327764399411990037e-01,1.624111941905223011e-01,7.258225494538456113e-02,5.360026322002475752e-02,1.345684421694378630e-01,1.233615136390204675e-01,6.059538071034513418e-02,5.546180707922414993e-02,3.316540244833653811e-02,5.516976155173449609e-02,4.475921877767802953e-02,3.780139778175718029e-02,-3.000110935060093433e-03,7.319756031487018033e-02,7.076380917050503760e-02,3.756223024973443653e-02,5.516306726797429172e-02,3.856733804125542231e-02,1.117809334482210842e-02,4.249498319809474206e-02,4.240673518947314646e-02,2.238538555132058017e-02,8.252118558115827118e-02,1.760237106264521401e-02,1.245397967770484754e-01,1.911735324086641721e-02,9.215834153544183449e-03,2.757875521860515822e-02,3.176703219122788135e-02,5.077630859720241863e-02,6.193710085184496450e-02,1.576289921282965009e-02,2.463550456488304910e-02,5.361407381760002755e-02,2.480952892475856569e-02,5.113309668724574236e-02,9.398478457817879828e-02,9.090671639805791848e-02,1.547345953778708483e-01,5.984752539935106475e-03,3.382198596542714680e-02,3.037206151798060860e-02,1.153906558544343097e-01,4.096071053668237649e-02,1.722651191360867820e-02,3.715212357943992877e-02,4.793615728230411072e-02
5.589799548708150427e-03,3.248006047402810514e-01,2.659999860015089812e-01,9.802828929542262149e-03,1.280834715547053519e-02,2.161159745377966637e-02,3.419521557526791766e-02,3.060587425407934256e-02,4.780415382517784473e-02,-1.800561852410921147e-03,9.980649561522812740e-02,1.760546381876396810e-02,1.106104983534428876e-01,4.840264558233035169e-02,2.119918467259389316e-02,1.345956091109751507e-01,1.458225869385152695e-01,1.010037494997056834e-01,1.496016212482916552e-01,3.800440782360788028e-02,6.299638904367384218e-02,2.019953691221426373e-01,1.183960407545236737e-01,2.640613816714872802e-02,2.222126163660044229e-01,2.456213618098652407e-01,0.000000000000000000e+00,8.389878951995402567e-03,2.901891598207139919e-02,3.005626427956476204e-03,2.011993934520154015e-01,5.961279058839760725e-02,1.060627243602187825e-02,4.340989059544498457e-02,5.981866547864930078e-02,1.962164974512319304e-01,1.610039810775499014e-01,1.004054381980992866e-01,1.323993136518809288e-01,4.180352100956589989e-02,7.080035076530713511e-02,9.580718059011164578e-02,1.438093643106576613e-01,1.206012766540207476e-01,3.539133380643750409e-02,5.960646349882416095e-02,5.000572947500744880e-02,1.480719888213522309e-02,3.100003037700699293e-02,-1.860001822620419715e-02,3.584012556200110722e-01,6.960724393855341474e-02,3.560685093174433685e-02,5.480707286500125647e-02,2.300580601210349893e-02,2.320374079429736794e-02,5.542251245657826147e-02,5.079921900520985301e-02,1.560256031062909679e-02,4.421625257242141338e-02,1.559973562618011123e-02,1.038146223939515611e-01,6.014013291975546516e-03,2.679754991864324518e-02,1.736043964760203839e-01,3.820594249605520354e-02,3.400438590565481312e-02,6.241287850358000905e-02,8.206246854216532952e-03,3.394431038970623874e-03,1.835984000128627336e-01,2.079863091888410967e-02,5.561340291307193678e-02,2.556039486588251308e-01,7.622236066403639820e-02,1.356182237274477231e-01,-5.997495843905887268e-03,1.819671056827866160e-02,-6.795286407573585333e-03,1.474025728725341100e-01,1.860695189274278946e-02,3.595820123104193945e-03,2.440855361995434084e-02,4.001217518212098895e-02
-1.365550222507925897e-02,-7.998739294520926246e-03,3.679952836801319432e-02,1.198183184689374930e-01,3.044426121192165408e-02,5.246074615675475061e-02,2.061803432771241729e-01,3.943099197670275891e-02,1.170243804572637103e-01,9.899975859440035553e-02,3.183072310464994670e-02,4.402964047046004081e-02,3.464596763877176439e-02,4.081450218388583268e-02,2.519625479262278811e-02,2.061776968359471662e-01,3.948016805175674077e-02,4.941925351609114531e-02,3.880848114635871565e-02,6.602430244179800789e-02,1.413837069782342137e-01,1.651542884199924677e-01,8.077752084934888832e-02,2.352395917545616055e-01,5.844660764886161139e-03,4.686664967476532329e-02,8.389878951995402567e-03,0.000000000000000000e+00,5.149390812503781140e-02,1.058333410693733240e-01,-2.004494795138488800e-03,4.926056120454503501e-02,1.383306934878195289e-02,4.544953026257404077e-02,2.908240413554079654e-02,-3.574577647977697503e-02,-4.978374809634784903e-02,2.162587453159083711e-02,1.279591306879045674e-02,3.341876938505256023e-02,2.880226896605249734e-02,1.183299523313353918e-02,-2.576257743414802140e-02,-1.794130285037187546e-03,8.950136968301084309e-03,3.483233770285366904e-02,1.682869940647841595e-02,2.763809840058378126e-02,8.200224502770109281e-03,1.980054209205463212e-02,-6.795747718548960335e-03,4.563576876334553972e-02,7.923704414496232640e-02,1.723469076221707461e-02,3.383079386045337311e-02,7.642158859121389591e-02,6.310160693879694749e-02,8.959802955188102269e-02,7.041536053276348239e-02,1.947549946918430280e-02,6.480029552279734095e-02,2.506068203536325825e-02,4.967625797463535303e-02,3.878780607863668850e-02,1.076225482457526111e-01,3.063068065116803657e-02,3.802340985527235401e-02,3.805991387181064528e-02,7.143520387945714867e-02,5.137222033676876187e-02,7.479176194423599322e-02,3.679362645695152118e-02,1.348689001155211620e-01,-4.383852254937162241e-03,3.349211926822659446e-02,1.526762960505106959e-02,8.281572011134744060e-02,3.298323975875734615e-02,5.122685600889383822e-02,1.181217732329274510e-02,1.663616353250038302e-02,3.357887261598595241e-02,4.644496837335405914e-02,5.326079239480727145e-02
2.571143408450594081e-01,2.859965985560420504e-02,4.580569847521608062e-02,2.717801343823491797e-02,4.933478851217171918e-02,7.691428619906134911e-02,9.885095293966537910e-02,1.131610570106089536e-01,4.366734859144236376e-03,6.040915353266183840e-02,5.195616098318434767e-02,4.015758560962855855e-02,6.633397675694668871e-02,2.213947001561177019e-01,2.260883108062727506e-02,2.444995105105165004e-02,5.428205568472820736e-02,9.677844915653488478e-02,8.939448188024529118e-02,2.856618875964014523e-02,1.408442887959161227e-01,2.989176149686434414e-02,9.064784600360692446e-02,4.295307624572419769e-02,3.833145674131945013e-02,2.089908768662300867e-02,2.901891598207139919e-02,5.149390812503781140e-02,0.000000000000000000e+00,1.635650890331941110e-01,3.060940852519622446e-02,8.611522847329537711e-02,3.267738941368089067e-01,2.807491691388424027e-01,4.987691227264735849e-02,2.471130176891896124e-02,-6.429278511881362027e-03,2.321772615302972187e-01,6.301174717569998918e-02,7.037647231112606483e-02,7.860326088438132630e-02,5.995210179391349814e-02,7.138216650828778202e-03,-1.609715447211728864e-03,8.082360567735796114e-03,3.415236502580074746e-02,2.695653989966020903e-02,1.340119230524061504e-03,1.480106560852626624e-02,-8.400604804839239409e-03,2.739477794792818249e-02,1.614613876471721055e-02,1.774627089343359942e-02,2.414679940829942556e-02,2.195376096974092223e-02,-5.831636438840103430e-03,4.105273356541375152e-02,1.580834025274385074e-02,7.378945361696058990e-03,1.348165659970801573e-02,1.740365309087078816e-02,6.071032288986029368e-02,3.688683848511231655e-02,3.622426449361596662e-02,2.297053451951963643e-02,2.635411297171264336e-02,1.896545435502753826e-02,2.730920611188629096e-02,4.235066421807036352e-02,-1.395312096615599316e-02,1.781809859991029601e-02,2.661392818500139465e-02,3.970580317585786084e-02,2.617555049277960413e-02,3.786146590450000654e-02,2.449476619673011599e-02,3.498097728845322302e-02,5.629218607475133633e-03,1.576042983780363144e-02,5.078452316453252458e-02,2.914483974634359334e-02,3.436259255735291118e-03,1.213148438847343885e-02,3.290977967011574079e-02
2.386380392547141904e-01,-2.180097474703691224e-02,4.740118004096912502e-02,2.799228069524119233e-02,3.017755125287043677e-02,5.377086880341249570e-02,2.736183601581554381e-01,9.158546682078708145e-02,3.598923006891478066e-02,7.480220418373710600e-02,6.478503805680313477e-02,3.178528524352670914e-02,4.477716649191827020e-02,1.721944570684734443e-01,5.940288562885769064e-02,3.361653621095835737e-02,4.916145584978612315e-02,8.039127553057852371e-02,7.459663441004928119e-02,1.978824852837481052e-02,3.256150798264780266e-01,2.629690069921373444e-03,1.150151833911715604e-01,5.418411296550212919e-02,9.176240958627776556e-03,5.776820161780385487e-02,3.005626427956476204e-03,1.058333410693733240e-01,1.635650890331941110e-01,0.000000000000000000e+00,1.500252246884553262e-02,5.457089953772092938e-02,2.235863543716236079e-01,1.351782520619384531e-01,4.075950727139723839e-02,3.557091477161319210e-02,2.559067935899100865e-02,8.658759441782265531e-02,1.220249956686282264e-02,4.399087953339270163e-02,1.499932036299056644e-02,2.518284694807490856e-02,2.379253276238966607e-03,-1.040328622702561823e-02,3.762836816230188952e-02,1.058337967448237833e-02,1.578504174416578421e-02,5.800138889016250411e-04,2.000015998592125782e-02,2.080016638535810147e-02,-1.620253228398096240e-02,1.498188017536590012e-02,1.098180586140328971e-02,2.258202137189496347e-02,3.798460929281939624e-02,1.978982622581082484e-02,3.149088265793889042e-03,1.540252574055739516e-02,1.539294878560203833e-02,9.960581664355004639e-03,2.980103890139072786e-02,1.716868988355153489e-02,3.016249347768993824e-02,3.260751293364451409e-02,2.178984898381537000e-02,7.584122933673635367e-03,9.388118539685135974e-03,1.096922451791105743e-02,3.358299544786224472e-02,3.681658740665783719e-02,-7.394466955800017838e-03,3.580430390719926276e-02,3.616870848266834360e-02,-6.088054632159544408e-04,1.275302496561824678e-02,2.336513670779854016e-02,2.699306036775326809e-02,1.880980367054330138e-02,1.098655273944989554e-02,-1.200651076961394698e-02,-1.281944829088090161e-02,2.221227642594884866e-02,1.777724350752436441e-02,3.297006971139312265e-02
4.599682800679315287e-02,1.976001595040852155e-01,1.459999092090626949e-01,4.420129622927591179e-02,1.124053903681605099e-01,5.440634422458510283e-02,2.179798537647735859e-02,5.220282673804484130e-02,9.740207914129103695e-02,5.099977328261293824e-02,1.142033338533769843e-01,4.840263791692823309e-02,1.338060320117049340e-01,6.320119364284981778e-02,3.399965227464728235e-02,6.979817113406079632e-02,1.322134127505457668e-01,1.370018590402842240e-01,1.372006932271550295e-01,7.240213862882143026e-02,5.779855711877641272e-02,8.439788624833834130e-02,4.679823909432938300e-02,5.200298773005757741e-02,2.338078498788442872e-01,1.756116846806377307e-01,2.011993934520153737e-01,-2.004494795138488800e-03,3.060940852519622099e-02,1.500252246884553435e-02,0.000000000000000000e+00,5.680641766058599357e-02,4.940312680437903420e-02,3.740461232576462042e-02,7.221070337785059912e-02,1.494089009940926804e-01,1.618019349210188529e-01,5.800238545658102651e-02,1.743997028136116123e-01,6.460163751749485594e-02,1.448001489451377077e-01,1.534041521566466282e-01,1.454051115518092130e-01,1.686005642438603014e-01,3.899682895347959810e-02,1.328037148669035383e-01,6.280274446741843097e-02,8.720410534413887416e-02,9.900001781822305447e-02,2.060000370763026209e-02,1.908004286452905374e-01,1.080039217358644277e-01,6.800349137210719153e-02,1.084039260395019688e-01,7.500301322561861439e-02,3.200167375874628239e-02,1.002159064700609004e-01,9.959967588829449214e-02,2.600112668938621419e-02,5.860894017533177514e-02,6.799989361061858917e-02,1.538097487007057118e-01,2.120690150676829422e-02,6.559903817451909203e-02,6.080177627700678739e-02,8.260307538814323780e-02,5.080203755025475276e-02,3.920587912991308627e-02,7.500337919878334592e-02,5.397644388457263805e-03,1.079992853506704653e-01,3.559942426518370590e-02,5.960693405429076663e-02,2.440019542102720707e-01,1.022145766540872303e-01,1.544116804246234709e-01,3.201085653392358229e-03,2.419863418449011427e-02,7.202082716254250630e-03,1.898012369862218940e-01,3.660330793026327079e-02,2.239830499377671799e-02,4.160418685825033325e-02,8.120716425992795251e-02
1.336654393190788159e-01,4.719987679837865657e-02,6.120342271819462221e-02,9.658753265354776130e-02,1.591622826126878332e-01,1.147461465409008313e-01,6.583050611392785023e-02,1.765755865197573549e-01,4.657976158920805465e-02,1.602080056173414702e-01,1.065728972677694869e-01,1.087744568541415824e-01,6.415631082243589134e-02,1.451906129061560635e-01,1.656097467592910766e-01,2.023197412011806806e-02,6.892471168626056188e-02,8.418408495345683362e-02,8.079469873837230587e-02,1.055802888702644937e-01,7.422438645284558378e-02,4.566035313330901735e-02,5.442848747902032797e-02,3.916878011405706267e-02,8.775745347731789270e-02,1.015397698056890730e-01,5.961279058839761419e-02,4.926056120454503501e-02,8.611522847329536323e-02,5.457089953772093632e-02,5.680641766058599357e-02,0.000000000000000000e+00,8.936926680013880520e-02,1.073555488478544484e-01,1.317274568001048085e-01,9.054609477405019258e-02,1.109849773440973325e-01,1.263780571183174550e-01,1.132081434066058989e-01,1.445860961622137675e-01,2.172050513169895558e-01,1.257707263605397086e-01,8.496317697643107625e-02,1.499422150701018759e-02,3.585495417978414034e-02,1.676790118623528586e-02,5.757252979253467406e-02,5.596340561779269279e-02,3.180096730340791628e-02,1.940059011591552598e-02,5.039686248078525249e-02,3.636561443590485831e-02,8.196748393457892190e-02,4.036577842701669777e-02,7.137154495819797440e-02,7.118212776916260642e-02,7.570867434544180374e-02,8.880739680726393304e-02,3.918721685299325630e-02,3.012443016943184768e-02,7.480383667968358574e-02,8.734305764800276428e-02,3.752651093423638173e-02,5.161569221896111087e-02,4.558126253708250780e-02,4.017034632016903278e-02,9.976950703399298931e-03,3.554132820158735495e-02,1.041698602477743457e-01,4.423289614937123138e-02,5.201255196147405030e-02,4.040904856101116410e-02,5.673967964141084230e-02,3.598402332709832452e-02,3.090957482789096974e-02,4.393292243284732668e-02,2.758684520943956511e-02,1.981937805499890681e-02,4.317504544520621435e-02,6.498958123919207353e-02,4.096428162112532995e-02,3.242452982249061089e-02,2.995617951473908414e-02,9.554497845864312611e-02
2.822430156688042202e-01,1.499926556701920884e-02,8.180167331271628872e-02,1.719140165591296135e-02,3.777548350292515844e-02,4.336742230073108162e-02,5.281669184882593904e-02,3.918309444772052202e-02,2.478801831562853913e-02,8.401841818181684032e-03,1.582429734386575854e-03,2.858376468924073502e-02,2.037416654098076971e-02,1.737940444738995949e-01,3.220295722688860940e-02,4.081831983596863334e-02,4.515712355035128578e-02,1.587914352805703255e-01,1.033966529169909471e-01,1.418700247163807993e-02,2.096151692528532007e-01,3.823397355969297001e-02,7.261608103706161665e-02,2.498198396831600998e-02,3.037444332131014613e-02,5.136456023349664224e-02,1.060627243602187998e-02,1.383306934878195463e-02,3.267738941368088512e-01,2.235863543716236079e-01,4.940312680437903420e-02,8.936926680013880520e-02,0.000000000000000000e+00,3.431821921757102767e-01,2.155395029908650090e-02,7.036927652461992533e-02,4.238997342170404414e-02,3.069897870857349886e-01,1.562041797622846229e-01,4.759003872811390368e-02,7.379983587826355329e-02,7.678212828917514721e-02,3.157785482098256907e-02,1.119659230718273411e-02,3.963121678581109364e-02,4.178229474299416379e-02,2.058362950045068349e-02,2.657859165410342284e-02,4.280041426858839648e-02,1.520014712342392105e-02,2.419759882953341837e-02,2.018017083318598623e-02,1.618008979964602467e-02,1.818013031641596902e-02,-1.241781776525899619e-02,1.658877777198981829e-02,9.544559850601897280e-03,1.020274032544737225e-02,-7.007998390770348029e-03,3.556216616236584395e-03,1.800897379050540176e-03,4.236656919223728834e-02,2.415827812259078652e-02,1.420807974378821351e-02,2.778892403149626003e-02,1.958274794821668677e-02,3.458729171908850319e-02,2.376663638359204772e-02,2.118105195997004378e-02,1.217619765542549788e-03,1.420631080872989532e-02,1.260452786183859086e-02,2.776512572532740739e-02,-7.809773521113188080e-03,3.555010879104016780e-02,3.536217827307226724e-02,2.379234961936145878e-02,2.841091575018371909e-02,-1.541519679937989988e-02,4.393008846647397485e-03,2.717945825873521390e-02,1.813224389107277864e-03,2.297509133137273091e-02,2.056650807058967717e-02
2.094573788972495798e-01,2.979933095942528462e-02,7.980291568490477383e-02,3.798805517244901314e-02,2.456379984991399756e-02,3.335178242913011681e-02,7.002492538631156782e-02,7.357649781460556815e-02,-1.617957682621186735e-03,5.600371107684437577e-02,3.037526756322917604e-02,4.417690601357846664e-02,3.476294138395314565e-02,1.921927282206490339e-01,2.460434789610720444e-02,3.362655503140248026e-02,1.071414343823868243e-01,1.243875469576649490e-01,1.201961221264180452e-01,-1.301952327702601830e-02,1.184208074031960489e-01,4.184935797547136710e-02,1.022244419806920684e-01,2.657390122698940343e-02,3.036277208235503913e-02,9.375035187279207038e-02,4.340989059544498457e-02,4.544953026257404077e-02,2.807491691388424027e-01,1.351782520619384809e-01,3.740461232576462042e-02,1.073555488478544484e-01,3.431821921757102767e-01,0.000000000000000000e+00,3.713381278975372290e-02,6.115438314419458649e-02,4.238563157176051394e-02,2.297842757323317331e-01,7.900547172215097169e-02,6.918625757593407921e-02,3.219938015601642861e-02,1.517230036742702771e-02,4.916839488712814593e-02,-1.640546069084667519e-02,2.924479059391239810e-02,1.497356137022879882e-02,2.017624125953049880e-02,1.456848362069167006e-02,8.000163828649937969e-04,2.360048329451732915e-02,3.299684203735076676e-02,2.137122666868050691e-02,2.297127636133311154e-02,3.770680049502078864e-03,-1.642606520909521348e-02,-1.416672134790682418e-03,1.511963631566440834e-02,-2.819674287622924574e-02,1.458880353479915723e-02,8.336593907380026799e-03,4.601374191714817721e-03,5.475167820388442130e-02,2.533902183042108583e-02,-7.788653265295850808e-03,4.298438717504445700e-02,1.717489165308636392e-02,3.458166568785483314e-02,2.335127345362690565e-02,2.117248131513954634e-02,3.242652085775310500e-02,2.089635880393154815e-04,2.860699948061031297e-02,2.494887484879785081e-02,7.786099692983139073e-03,3.432638191116416798e-02,5.454573163648199219e-02,2.338899800121517492e-02,1.881579796015823980e-02,5.782573593649219246e-04,3.239046577592719772e-02,2.769371682836728205e-03,1.301952327702597494e-02,1.776354622577050457e-02,2.615141596676787486e-02
3.628302117016366651e-02,4.380039534996306438e-02,5.420532189840512188e-02,9.998443277627361292e-02,1.905516830492451352e-01,2.617389929208084332e-01,7.084346640517100169e-02,1.091640434932181630e-01,1.191771800460191683e-01,1.024102999051997587e-01,1.159644944626388591e-01,3.073791081172357886e-01,1.059432913489756350e-01,5.698397731346383638e-02,2.238195718660367928e-01,-1.515780950416594809e-02,2.749078088593027297e-02,3.677633313479030525e-02,4.019156497853482168e-02,1.497770115076260677e-01,1.083091104082456457e-02,2.308188994002167982e-02,2.143809040214294734e-02,9.896128825330435808e-02,3.673801007378346695e-02,3.451041780889435584e-02,5.981866547864929384e-02,2.908240413554079307e-02,4.987691227264735849e-02,4.075950727139723839e-02,7.221070337785059912e-02,1.317274568001048085e-01,2.155395029908649743e-02,3.713381278975372984e-02,0.000000000000000000e+00,9.072583874858040909e-02,6.197787535368040612e-02,7.816829386613617647e-02,5.620976738965156178e-02,1.931859046837756944e-01,9.660347566336939529e-02,5.395615346691349373e-02,1.275530082352869521e-01,5.879480834561581770e-02,3.887659847441691380e-02,1.575570228692506347e-02,5.736272335544362333e-02,4.134893348152541420e-02,3.960230944308781864e-02,1.400081646977851743e-02,3.619563794219807229e-02,3.095245741384536689e-02,7.335537873131121878e-02,4.135317396341245400e-02,7.036147031475822877e-02,4.777487029456713857e-02,6.307061797923238511e-02,2.022183082819679623e-01,1.045868304196842374e-01,3.189546537137585153e-02,1.486108291254050195e-01,5.431851421559710791e-02,3.009737081892777805e-02,4.502213648557996939e-02,5.772278930428524635e-03,1.075751770042308354e-02,3.056952346938953541e-02,2.211773096295771568e-02,1.975659181243190343e-01,-5.157146313841276357e-03,4.901802504696000512e-02,-4.189447485555345720e-03,9.372006464486774824e-02,5.417953299618195190e-02,4.387613032837730381e-02,5.450819568898376821e-02,1.618153179384630366e-02,9.626506506340830327e-03,6.963730011703805900e-03,3.998510466681601261e-02,1.634930692280720313e-02,-8.968166576554817415e-03,1.573854875323060440e-02,2.093343429767715869e-01
4.665885914155361303e-02,1.274021617593518452e-01,1.910070394790326920e-01,-1.041552008301445745e-02,8.615986152578460067e-02,1.254146956220368592e-02,5.722938070718800591e-02,8.717281767075021892e-02,2.117941674979127720e-02,3.203132450799118548e-03,1.059735109750869209e-01,1.177154780085651678e-02,1.135597277139850786e-01,5.778808374964915923e-02,8.260695989628399905e-02,3.843181419226518458e-02,1.775356948481294495e-01,1.643869822878874787e-01,1.769976005007264097e-01,1.897783570222518618e-02,2.122197388996477363e-02,6.746002929839434170e-02,6.222799403947094216e-02,4.776988394584127939e-02,1.231601777386479440e-01,2.433506720160391046e-01,1.962164974512319304e-01,-3.574577647977697503e-02,2.471130176891896471e-02,3.557091477161319210e-02,1.494089009940926804e-01,9.054609477405020646e-02,7.036927652461992533e-02,6.115438314419458649e-02,9.072583874858040909e-02,0.000000000000000000e+00,3.399925590226811623e-01,1.253785078017500554e-01,1.726095751478224638e-01,1.083852038303222826e-01,1.082016069108060613e-01,1.323716671091701436e-01,2.483710138588989536e-01,1.843993046044334339e-01,8.052093499645685687e-03,6.257044187406003710e-02,-9.429217475215185065e-03,6.562275320300970001e-03,6.360183666389823687e-02,-4.160120133990828639e-02,1.329993050840682922e-01,1.217698480737858802e-01,-2.583597589434498062e-02,1.096547615190987535e-02,1.397011820918388735e-02,-2.822066834110110653e-02,-1.729918685555163413e-02,6.020630898923439583e-02,-4.221496607554171832e-02,1.712535831625161542e-02,1.900206896080978980e-02,9.834519273653893889e-02,-1.874616696697661540e-03,2.613758344766040249e-03,2.778113811473572128e-02,4.077110653664257900e-02,4.297863677598991877e-02,8.014547807913727229e-02,3.966716285682401685e-03,-4.757135730629621223e-02,9.581349967842085757e-02,-6.192582682304568174e-03,4.294036973661687767e-02,1.077866550945249108e-01,1.455234881959581728e-01,1.181398025672210500e-01,-4.901517346365470013e-02,-2.478254884724260393e-02,-2.542671862498850632e-02,1.139912788924959536e-01,-7.236768689676455028e-03,-2.857815613173109517e-02,-1.624481790756889324e-02,8.494576270755840874e-02
6.661977395695760362e-02,1.441999381865923247e-01,1.854010175619531797e-01,-1.480487176060358255e-02,7.098747971227593878e-02,2.498211370248970206e-02,4.320904353257414704e-02,7.119117544337780212e-02,6.079369402774920106e-02,3.600970561830701099e-03,9.359141913395362111e-02,1.619104442525850368e-02,9.718763052578162365e-02,6.259596208567044795e-02,6.740164608467459628e-02,-3.590440020032634703e-03,1.843855442878408468e-01,2.007953970417844791e-01,1.925982511575184963e-01,1.859293792211410418e-02,3.606743851474992005e-03,4.021897514074397606e-02,6.140869093042884003e-02,1.939014785028692067e-02,1.195880982033392381e-01,2.293885047086867413e-01,1.610039810775499014e-01,-4.978374809634784903e-02,-6.429278511881361159e-03,2.559067935899101212e-02,1.618019349210188806e-01,1.109849773440973325e-01,4.238997342170404414e-02,4.238563157176051394e-02,6.197787535368040612e-02,3.399925590226811623e-01,0.000000000000000000e+00,1.245929196832399610e-01,2.182021074884956113e-01,8.359472203339636531e-02,1.069998303169142351e-01,2.023919828496988926e-01,1.955907286261571454e-01,1.795986548507990943e-01,3.761729632777640470e-02,8.419090594449066267e-02,4.059129084333525789e-02,2.298835472648683501e-02,1.116003213772507607e-01,-1.680004837937107767e-02,9.819886060281098061e-02,1.105904495057781628e-01,-2.211068654183931479e-03,5.538970657643500078e-02,5.119095786250647817e-02,-6.206278223480082498e-03,2.317124786941024764e-02,7.620167301009639349e-02,4.179586849459194370e-02,4.277826433567225028e-02,3.620058492335193057e-02,7.518342408729859760e-02,2.177759074248075688e-02,2.660443927607024361e-02,6.593801897011005234e-03,6.079106230132466648e-02,4.379312388092355263e-02,6.938359214071504466e-02,2.358973731391464726e-02,-3.359076639133953823e-02,5.660357813210072780e-02,3.002409907163164620e-03,1.018069353077092655e-02,1.269953935362461983e-01,1.351813245680387188e-01,6.818135961966252656e-02,-4.540452386800654383e-02,-1.194247454120136954e-03,-5.808209478170742526e-03,9.599655968984187326e-02,-5.211593887757533759e-03,5.807242133241124517e-03,1.378635295719699699e-02,6.618348558660847036e-02
1.616305166539696303e-01,7.839977474251962064e-02,1.176013619536549343e-01,4.219352891306495795e-02,6.238169166086672546e-02,6.797594315546055810e-02,5.461290826344222804e-02,8.698759992934847196e-02,2.859075825457881720e-02,6.500174073718308076e-02,9.498771015986397226e-02,3.918759067965148224e-02,8.258156563923274573e-02,1.199947684854766744e-01,8.520254755376388545e-02,2.261391022871580420e-02,8.056946603560936893e-02,1.449930963311907295e-01,9.879722072585032933e-02,3.799019152004795563e-02,1.086105724654942012e-01,6.642736001075223717e-02,9.561266401599441411e-02,4.878643363879265477e-02,5.898100447224290110e-02,1.327764399411990037e-01,1.004054381980992866e-01,2.162587453159083711e-02,2.321772615302972187e-01,8.658759441782265531e-02,5.800238545658102651e-02,1.263780571183174550e-01,3.069897870857350441e-01,2.297842757323317331e-01,7.816829386613617647e-02,1.253785078017500276e-01,1.245929196832399610e-01,0.000000000000000000e+00,2.820037203745573984e-01,8.579258370576491044e-02,1.532002085428965654e-01,8.418634288721237036e-02,7.258372249576861002e-02,5.459761328492618998e-02,2.822393328258662043e-02,2.718611830562222761e-02,4.278763747558395059e-02,2.238341082817257507e-02,2.860016529290382303e-02,-1.400008091261030745e-03,6.919837258612705766e-02,2.398475391545878271e-02,1.998468848088564773e-02,3.198488478460514289e-02,2.298671808522331425e-02,1.319128170400798127e-02,5.856161986182333024e-02,3.960227580260441277e-02,8.393942720976916780e-03,1.376677124683478928e-02,3.240086783878729643e-02,6.177513637224869153e-02,1.436745623633856744e-02,5.360651603707838192e-02,5.759168837119404971e-02,2.538675115437803373e-02,1.038990781747916106e-02,2.957455315248608621e-02,3.138552666781410649e-02,1.581381653277750057e-02,4.240504615398529159e-02,3.120359559945534711e-02,1.877286237181495510e-02,5.159294376805338006e-02,4.496270102736373009e-02,7.917306687056571701e-02,-2.006134231987207785e-03,8.608233723967956622e-03,1.318859360078206491e-02,5.659496006498478116e-02,2.458410689476482960e-02,-3.189833808113398672e-03,4.918139336315058979e-02,5.637552325872864645e-02
1.035984153691109494e-01,1.460001491851138644e-01,1.607999121687673783e-01,3.700128053479923712e-02,9.560510478953770930e-02,5.560638094258552738e-02,2.419800135903319230e-02,8.100306230129591945e-02,6.860196107241259278e-02,2.779976725121449319e-02,6.980297069336489912e-02,2.800248697040043366e-02,9.140526123603784359e-02,6.000118788341204240e-02,9.599967459242354784e-02,5.659806316757050315e-02,1.450141072653721164e-01,1.874020132495188562e-01,1.648007119932922981e-01,5.200204316573060065e-02,7.779863911105312779e-02,6.239727996411974925e-02,7.119838450503754301e-02,4.800295173318392533e-02,1.518063592277899554e-01,1.624111941905222734e-01,1.323993136518809288e-01,1.279591306879045501e-02,6.301174717569998918e-02,1.220249956686282437e-02,1.743997028136115846e-01,1.132081434066058989e-01,1.562041797622846229e-01,7.900547172215098557e-02,5.620976738965155484e-02,1.726095751478224916e-01,2.182021074884956113e-01,2.820037203745573984e-01,0.000000000000000000e+00,9.540173175647154169e-02,1.952001590241327633e-01,1.810044242693637229e-01,1.198047608597963276e-01,1.302005450457696389e-01,5.339716445153570856e-02,1.112035204837862612e-01,6.760277998424850388e-02,8.600409012937637598e-02,1.078000194020650865e-01,2.900000521947948204e-02,1.344004083433131269e-01,8.120363339214704823e-02,4.840328049386621173e-02,1.088039303431394544e-01,5.180282346633297702e-02,2.360164385758690281e-02,8.861495408835368126e-02,8.799967171271051714e-02,2.240112021001881837e-02,2.420721402663732549e-02,4.919988985099365414e-02,1.030081140418511038e-01,4.680813539214785657e-02,8.799907849058334619e-02,3.720169226898780573e-02,5.180282346633303947e-02,5.960207873041151183e-02,4.440603824124825932e-02,8.260345412837215295e-02,1.059768692071097126e-02,8.599925983318577882e-02,1.199940821877633866e-02,2.520577139202602457e-02,1.636017451904288322e-01,7.621269995923861396e-02,6.480803564000199579e-02,-1.039893882421808954e-02,2.019862194566199656e-02,1.200211132163946266e-02,1.106011213655674480e-01,5.620353723127605172e-02,3.159834804575894357e-02,2.800395567555568135e-02,5.000620959191695580e-02
8.182023388144421538e-02,2.499959253966687819e-02,5.780064755735864895e-02,1.327958484589463473e-01,2.173903635749250274e-01,1.725870285106441415e-01,4.000901358326797164e-02,1.511920457668629314e-01,1.071940095183705338e-01,1.140012973145552166e-01,9.039138432101431753e-02,1.321922159210330572e-01,7.758722130791848026e-02,7.379601248086656295e-02,2.346021576676911025e-01,3.680999949332754845e-02,6.117852695638417021e-02,6.399460914803455081e-02,5.339778070657947434e-02,1.385938234402541436e-01,3.040692607450632204e-02,3.301875728177657010e-02,4.660856277407241649e-02,7.299077491586286603e-02,5.718679538728557721e-02,7.258225494538456113e-02,4.180352100956589989e-02,3.341876938505256023e-02,7.037647231112606483e-02,4.399087953339270163e-02,6.460163751749485594e-02,1.445860961622137675e-01,4.759003872811390368e-02,6.918625757593406533e-02,1.931859046837756944e-01,1.083852038303222826e-01,8.359472203339636531e-02,8.579258370576491044e-02,9.540173175647154169e-02,0.000000000000000000e+00,1.718000182189341751e-01,1.155908927350116633e-01,7.478874766492826787e-02,2.359815569860582510e-02,2.081685955665641893e-02,3.579033971363475980e-02,8.139170288667653408e-02,8.458930205717393735e-02,1.040002994913447922e-02,1.160003340480385281e-02,3.259865988602928671e-02,3.789012099005494797e-03,1.309907240666224881e-01,7.538997575373332372e-02,9.919148005659775280e-02,4.939406979990308699e-02,1.243798298151013032e-01,1.270018284432138378e-01,8.939608267417543941e-02,2.877752403501304679e-02,1.182008227005992423e-01,8.078361940495376592e-02,4.417873086932193327e-02,8.740471284999212775e-02,3.619398717564662610e-02,1.599057492017279605e-02,4.192831659937189259e-03,3.018228685291250712e-02,1.383911790785009588e-01,2.320985153833501555e-02,5.580357504439611982e-02,5.980260187277628564e-02,6.578272282817923533e-02,4.139493989919632716e-02,-8.829458225100356855e-03,4.978056145983406067e-02,2.779580550059676525e-02,2.720591611446524297e-02,4.219220616406622881e-02,7.079645486785576813e-02,7.358954073805963614e-02,3.407224422878321699e-03,3.778682572156578240e-02,1.281855500724186636e-01
9.720414301559646142e-02,8.119996325167377904e-02,7.560004301969976137e-02,1.253998533226175216e-01,2.052022954060703785e-01,1.108018126771062040e-01,4.340100200721781071e-02,7.659981435151469453e-02,1.053998552907019354e-01,8.260008825118396458e-02,1.546004398564641835e-01,7.519978446994141086e-02,1.010006199854980857e-01,5.519973055457332717e-02,1.828001565443801990e-01,2.940103569367310057e-02,6.540145816863339456e-02,1.109998419158043231e-01,7.039983662426058109e-02,9.159981405067323113e-02,4.580074038122722985e-02,5.760305803954460235e-02,5.000096990946425318e-02,1.519929443290819401e-02,8.500033168654669291e-02,5.360026322002475752e-02,7.080035076530713511e-02,2.880226896605249734e-02,7.860326088438132630e-02,1.499932036299056470e-02,1.448001489451377077e-01,2.172050513169895558e-01,7.379983587826353941e-02,3.219938015601642861e-02,9.660347566336939529e-02,1.082016069108060474e-01,1.069998303169142351e-01,1.532002085428965654e-01,1.952001590241327633e-01,1.718000182189341751e-01,0.000000000000000000e+00,1.774008407123607023e-01,8.300008382031606735e-02,7.939986700925745489e-02,3.420215123178105276e-02,7.919986014381598383e-02,8.319984238477667882e-02,9.040013180350911504e-02,7.940000158784138451e-02,2.020000040395965313e-02,1.123999024897328614e-01,6.999982201981402863e-02,1.300004579663057436e-01,9.280006367948093193e-02,9.379995228337531521e-02,4.359962827615485037e-02,8.820466731952429640e-02,1.332001466253689703e-01,6.079973973767726497e-02,3.099955068117344822e-02,1.048000441875831662e-01,9.980159553856697563e-02,3.959994243260791386e-02,1.064005344435683398e-01,9.439980097975837758e-02,5.499964113475946242e-02,3.999418135596323476e-03,2.239912192742836775e-02,1.238003208368045893e-01,1.420091380040086268e-02,9.760037756266655429e-02,8.000204139693161895e-03,5.200010930209752330e-02,1.107998303688686736e-01,2.899968866383451083e-02,3.879977222133569603e-02,1.199965971348601439e-02,4.940062319968935300e-02,5.239962395629228775e-02,8.459979000079405342e-02,6.339977166039115208e-02,2.880073010657847182e-02,2.959933852318524794e-02,8.760110650750739525e-02
5.903474436243682372e-02,1.238003208368046726e-01,1.206020496405442594e-01,1.015923873633443608e-01,1.473783876922608871e-01,8.136894601763311474e-02,5.321669831228617586e-02,1.059842753746009641e-01,1.119892041346200184e-01,5.240227122145985766e-02,6.158349044715352022e-02,7.498454878422261549e-02,1.027764472108947807e-01,2.579237221742199104e-02,1.570041876496097999e-01,5.361854612135888432e-02,1.047609235673868516e-01,1.323911037249511646e-01,1.169967913531295839e-01,1.089883466215546826e-01,5.241303151494649398e-02,6.783507047128997658e-02,4.461564819344117361e-02,1.458179158399143180e-02,1.471776761155571822e-01,1.345684421694378630e-01,9.580718059011164578e-02,1.183299523313353918e-02,5.995210179391349814e-02,2.518284694807491203e-02,1.534041521566466282e-01,1.257707263605397086e-01,7.678212828917514721e-02,1.517230036742702771e-02,5.395615346691349373e-02,1.323716671091701436e-01,2.023919828496988926e-01,8.418634288721238423e-02,1.810044242693636951e-01,1.155908927350116633e-01,1.774008407123607023e-01,0.000000000000000000e+00,1.139797663547842260e-01,1.271977522078727441e-01,4.363134797735623849e-02,1.233838042200024465e-01,1.145852179687331107e-01,1.253807828679760761e-01,1.432013860575200304e-01,5.040048783030034313e-02,1.041983875620469402e-01,8.178141874970204506e-02,1.089819697777740792e-01,1.349824964957840601e-01,1.131844026601328962e-01,5.338925833893955197e-02,1.271553322269945163e-01,1.314039352552053841e-01,6.339279706095952982e-02,7.356039410470108231e-02,1.274021155949058015e-01,1.203698200620758607e-01,5.856026294391661335e-02,1.362094582254792796e-01,6.778944638687638136e-02,6.038346923289814039e-02,4.618745619312890349e-02,5.736798367011594624e-02,1.159828871399815886e-01,4.441838347873457854e-02,8.780709531742728058e-02,2.340463779641938427e-02,7.816730793603854366e-02,1.553922010296248934e-01,6.035213446609175719e-02,5.336308147662351814e-02,3.179244001160352884e-02,2.481087053805381554e-02,5.938595951143443158e-02,1.235943151665376410e-01,9.078080647260393377e-02,4.941389929982492601e-02,4.937579088062880178e-02,8.976928283926390029e-02
2.663956560423136680e-02,1.270006795328202653e-01,1.098025264835648246e-01,-4.481109436172146798e-02,9.097260284898107952e-02,5.696194672140062615e-02,2.001911847101831010e-02,6.158052716116629854e-02,4.078615269711242247e-02,-3.399838254281871419e-02,8.958112967430757745e-02,3.658100059061890341e-02,7.717123531457976970e-02,2.859107376350461527e-02,6.380399372101823452e-02,2.420850011728167914e-03,8.875192451064732591e-02,1.155894167313036569e-01,1.181964574786035643e-01,9.384570653279560720e-03,-1.398568534246247969e-02,6.504113607510481065e-02,-2.178274213336226645e-02,3.497894353563124614e-02,1.251727481714609846e-01,1.233615136390204675e-01,1.438093643106576613e-01,-2.576257743414801793e-02,7.138216650828778202e-03,2.379253276238966607e-03,1.454051115518092130e-01,8.496317697643106237e-02,3.157785482098256213e-02,4.916839488712813899e-02,1.275530082352869521e-01,2.483710138588989536e-01,1.955907286261571731e-01,7.258372249576861002e-02,1.198047608597963276e-01,7.478874766492826787e-02,8.300008382031608123e-02,1.139797663547842260e-01,0.000000000000000000e+00,3.968013316318331762e-01,4.923716033578984241e-02,1.837822674711383220e-01,2.818082638825954167e-02,3.057479807645418352e-02,1.652022333259593190e-01,-3.520047586606396550e-02,1.081983624909438058e-01,1.853805496170849720e-01,-7.542573518702480606e-02,2.177660715561105520e-02,2.779261883569549441e-03,-2.341391430492469755e-02,-7.487369875108347561e-02,8.780432249478030415e-02,-5.821024028313064730e-02,8.675351528948531399e-02,2.740141087651215210e-02,9.796286299995038416e-02,-1.665197957477521085e-02,1.540959234308461774e-02,1.864845031474806280e-04,1.051814653602006072e-01,1.433869851407904572e-01,1.729670434922406796e-01,1.877755788369295589e-02,-8.438101777900994249e-02,7.180832039425176505e-02,-5.499557148542479762e-02,4.975970971179529551e-02,1.309906489341199631e-01,3.095640780414835036e-01,2.125646863530830377e-01,-9.781083977906095128e-02,-3.558810483645005046e-02,-6.176901524231873022e-04,1.587940307604728263e-01,3.750518861114058742e-04,-2.098477966861627547e-02,8.570103006671152268e-03,1.225648290331861900e-01
1.140623533336126462e-02,1.401998876792000248e-01,7.700018616145096195e-02,-4.801610978646273821e-03,7.259660465522022044e-02,3.459482397816167343e-02,3.680312994898699008e-02,4.559717965191396882e-02,8.799813329932529293e-02,-1.599680671805456559e-03,6.159731276018232116e-02,5.299735986536811827e-02,6.639641675105634189e-02,4.598569064321249115e-03,5.940050964929075722e-02,-1.479692341849719525e-02,5.759481375971735317e-02,8.879836431862517254e-02,7.259925960543356371e-02,2.979774385100039669e-02,8.022431771984837607e-04,8.180818529815295226e-02,-1.379736442768585494e-02,8.596718902431079237e-03,1.347976697474016217e-01,6.059538071034513418e-02,1.206012766540207476e-01,-1.794130285037187763e-03,-1.609715447211729081e-03,-1.040328622702561649e-02,1.686005642438603014e-01,1.499422150701018586e-02,1.119659230718273411e-02,-1.640546069084667519e-02,5.879480834561581770e-02,1.843993046044334339e-01,1.795986548507990943e-01,5.459761328492619692e-02,1.302005450457696389e-01,2.359815569860582510e-02,7.939986700925745489e-02,1.271977522078727441e-01,3.968013316318331207e-01,0.000000000000000000e+00,1.416087584702554747e-01,2.905992961584478729e-01,6.299743525863521487e-02,1.073973771046297238e-01,2.432000778162557164e-01,1.680000537546503733e-02,1.289995845413391129e-01,1.905983976927964896e-01,-1.900388675469023847e-02,1.009974211350922607e-01,4.559717965191385086e-02,3.179803784910369829e-02,4.239324723706575093e-02,6.460051224903197442e-02,1.219858380688197338e-02,1.003970523983256785e-01,2.580016875518309494e-02,8.479634102618849312e-02,4.459431630834962551e-02,7.060157680943766889e-02,-1.820214713331651593e-02,1.491980415279517691e-01,1.829984822060611860e-01,2.042000371979210971e-01,3.239680428903295162e-02,-5.239723622292800226e-02,8.740123349827284838e-02,-2.939922418494595943e-02,3.299456039763242615e-02,1.377986177067454798e-01,2.860110839479425016e-01,1.525990293126182895e-01,-4.460152637436146095e-02,-2.398087865102542255e-03,6.997322951479004356e-03,1.815990106574342233e-01,6.599694171375751484e-02,4.300260701224004750e-02,4.459612477117172458e-02,1.089971109094710483e-01
3.575149030155436863e-02,5.620266027852518359e-02,3.259939441924203374e-02,6.361519650827235361e-02,5.064145847500887282e-02,4.265531823505131631e-02,2.877637414724381129e-02,1.802775825007225247e-02,1.921955774460933422e-02,-3.202794026268664888e-03,3.882840550386688905e-02,1.142618405346309748e-02,6.524347846484354618e-02,2.621288722416542302e-02,5.099710853519306974e-02,-4.427335045668011164e-03,3.567346666205659100e-02,4.441747311608684051e-02,5.180802291646281060e-02,1.022068022893670748e-02,2.398161030613185293e-02,4.375189428162985783e-02,3.697795087325159158e-02,3.022952258178384852e-02,4.884280413633295542e-02,5.546180707922414993e-02,3.539133380643750409e-02,8.950136968301084309e-03,8.082360567735796114e-03,3.762836816230189646e-02,3.899682895347959810e-02,3.585495417978414034e-02,3.963121678581109364e-02,2.924479059391239810e-02,3.887659847441691380e-02,8.052093499645685687e-03,3.761729632777640470e-02,2.822393328258662043e-02,5.339716445153570856e-02,2.081685955665641546e-02,3.420215123178105970e-02,4.363134797735623849e-02,4.923716033578984241e-02,1.416087584702554469e-01,0.000000000000000000e+00,2.586368172046642488e-01,1.650308439722678600e-01,2.202418408427060936e-01,2.200050860677789932e-01,2.724062974766498502e-01,6.140551021352242539e-02,1.058348431582189358e-01,5.743321218254757859e-02,1.470362315094105587e-01,1.116306708921483010e-01,1.046204504172762451e-01,9.369687239421367608e-02,2.019639094212860239e-02,5.381357000315818012e-02,1.548793168999131886e-01,3.739950548398610769e-02,9.765977703305721291e-02,2.670856319914570731e-01,9.579013085688954654e-02,3.261854254347768683e-02,1.844329362804297268e-01,1.278239281262387173e-01,1.238596654832418154e-01,4.203129550073819026e-02,1.311768845511857018e-01,2.939118921594155096e-02,1.001955670882168636e-01,3.385767531883197151e-02,5.981648607726119948e-02,1.040914921578682817e-01,7.986627447699641558e-02,4.541336220085605974e-02,2.735907943372547502e-01,1.434272623432087390e-01,9.721325070142948499e-02,2.016396208479472041e-01,3.517893175501738412e-01,2.750504204772044048e-01,4.705555380022416467e-02
3.923249697345004838e-02,9.439999450015645888e-02,2.440105560071614138e-02,4.499208760667382928e-02,4.917690320705103701e-02,9.567618673721153474e-03,1.941541551435911617e-02,3.898385732276136301e-02,8.098927287702063771e-02,-1.659846788021033387e-02,2.978370259162873429e-02,4.918483044169922463e-02,6.057642701962327736e-02,1.919264110755975611e-02,4.560293013505969939e-02,4.061748143790758214e-02,6.856063647060647859e-02,8.499091530367830494e-02,5.879634834916662445e-02,5.278810432760939336e-02,3.981226598214840373e-02,9.003433582488093445e-02,-2.785762095929744404e-03,1.158256605985943585e-02,1.109777786508346631e-01,3.316540244833653811e-02,5.960646349882416789e-02,3.483233770285366210e-02,3.415236502580074746e-02,1.058337967448238007e-02,1.328037148669035661e-01,1.676790118623528239e-02,4.178229474299416379e-02,1.497356137022879882e-02,1.575570228692506347e-02,6.257044187406003710e-02,8.419090594449066267e-02,2.718611830562222761e-02,1.112035204837862612e-01,3.579033971363475286e-02,7.919986014381596995e-02,1.233838042200024465e-01,1.837822674711382942e-01,2.905992961584478729e-01,2.586368172046642488e-01,0.000000000000000000e+00,1.523864856308616844e-01,2.147835808293147297e-01,2.766024394003339659e-01,1.334011764859167060e-01,1.043984197476998665e-01,1.719840180884082415e-01,5.718179114772191374e-02,2.031846233196749063e-01,1.205852297206330415e-01,6.078982265447028382e-02,1.149566758083216123e-01,8.760330810223226905e-02,4.639292505083474766e-02,1.477666950927817302e-01,7.520150463374934702e-02,1.049706878628922369e-01,1.271660716100500021e-01,1.608092379288189877e-01,3.198947132489082107e-02,1.761861648348689025e-01,1.775897665206949139e-01,1.367726097281375952e-01,3.178210975806670252e-02,5.661775053552942083e-02,7.360660068687997770e-02,4.800464694027679891e-02,3.676712369566589866e-02,1.187920960159908196e-01,1.645629040119392372e-01,1.107676663502512177e-01,1.839263275628695571e-02,9.101114371761546973e-02,6.758670809544096991e-02,1.545948419281049369e-01,1.945837994552455097e-01,1.688148471306258058e-01,1.723800618241189131e-01,7.757028684746584968e-02
3.402929449105501075e-02,6.199968891046347269e-02,3.480101185904191374e-02,1.201935088349048442e-01,8.998012511384220757e-02,7.277310188894932363e-02,4.941435554113047385e-02,3.458532785591482417e-02,1.149906419321831269e-01,1.740164686777881387e-02,4.778552874288760632e-02,8.118673366306761174e-02,5.497858870433088713e-02,3.439346469229773856e-02,1.268032180251528751e-01,5.821608444037883190e-02,3.936289669911345601e-02,7.299161805422402227e-02,6.079666968469372296e-02,8.918964633835058109e-02,1.821084178469825968e-02,5.322995877151257688e-02,3.961343363131501760e-02,4.038468930153809450e-02,6.937895184601176879e-02,5.516976155173449609e-02,5.000572947500744880e-02,1.682869940647841595e-02,2.695653989966020903e-02,1.578504174416578421e-02,6.280274446741844485e-02,5.757252979253468100e-02,2.058362950045068349e-02,2.017624125953049533e-02,5.736272335544363027e-02,-9.429217475215185065e-03,4.059129084333525789e-02,4.278763747558394365e-02,6.760277998424850388e-02,8.139170288667653408e-02,8.319984238477666494e-02,1.145852179687331246e-01,2.818082638825953820e-02,6.299743525863521487e-02,1.650308439722678600e-01,1.523864856308616844e-01,0.000000000000000000e+00,1.871846928154694556e-01,1.494010785718234147e-01,1.654011940815233728e-01,5.439812273518239427e-02,7.078378157355387501e-02,1.371849633967822391e-01,2.687873056849878761e-01,1.721874219504185843e-01,1.447916556270539556e-01,2.645749474542372637e-01,9.480298124628569467e-02,1.627945996468477263e-01,1.433702067537419855e-01,1.100015562584922280e-01,1.017735942321873893e-01,1.931734337178811489e-01,2.356089218943729913e-01,5.199067203430327022e-02,7.098588181696093014e-02,1.079898666549705261e-01,4.117191253061373846e-02,1.013849949072297002e-01,1.582176063113852060e-01,4.760570979676724546e-02,1.096046456857701357e-01,8.037212521307847413e-02,6.639228079427247908e-02,7.536037416954401158e-02,5.356835947582982288e-02,1.103941364722494517e-01,1.398105310345767460e-01,1.455889737594336930e-01,6.779449680473804973e-02,1.997855054316752532e-01,1.592132646535844021e-01,1.795822789383661466e-01,1.419757064331523821e-01
5.363913522112846027e-02,9.000012679591605502e-02,3.840148064146394619e-02,1.305918944002272541e-01,1.207745436563815583e-01,2.956227259022710385e-02,1.901835913288775493e-02,2.258046485327272826e-02,1.057877382647287867e-01,3.660246021575069841e-02,5.658116179820978781e-02,6.598230294163937026e-02,5.817177706237400270e-02,1.399119843670630810e-02,1.008042777781140570e-01,6.302128980809837411e-02,3.295019883283741013e-02,3.458853311992787088e-02,3.159541120150010513e-02,9.438660591472904093e-02,7.014113760630128966e-03,8.364033155252609264e-02,1.161721064180861081e-02,1.717936832741642078e-02,9.497289938492919914e-02,4.475921877767802953e-02,1.480719888213522309e-02,2.763809840058378126e-02,1.340119230524061504e-03,5.800138889016250411e-04,8.720410534413888803e-02,5.596340561779269279e-02,2.657859165410342284e-02,1.456848362069167006e-02,4.134893348152540726e-02,6.562275320300970001e-03,2.298835472648683501e-02,2.238341082817257854e-02,8.600409012937637598e-02,8.458930205717393735e-02,9.040013180350910116e-02,1.253807828679760761e-01,3.057479807645418352e-02,1.073973771046297238e-01,2.202418408427060936e-01,2.147835808293147297e-01,1.871846928154694556e-01,0.000000000000000000e+00,2.090026122877517434e-01,2.178027222788149753e-01,8.599809065325007829e-02,8.477895880264489648e-02,1.691809066049754506e-01,2.319823559176101557e-01,1.565832116362604609e-01,1.151888303203829900e-01,1.785528641052511745e-01,1.252045871449516401e-01,1.263927853950703450e-01,1.677604890996109988e-01,1.144024320841500186e-01,1.193653152476971402e-01,2.147640012527058939e-01,1.904116874555493166e-01,7.398817611770133751e-02,1.397828672634679747e-01,1.395873742524030847e-01,4.756304510902183841e-02,1.165805876991291984e-01,1.174224049199976139e-01,6.280784586934282099e-02,7.360595628710193961e-02,7.556248870995943556e-02,1.415911134352619005e-01,5.934502025723246282e-02,8.235936914193345282e-02,9.479233923951604912e-02,1.814147886889748706e-01,9.718477806213106363e-02,1.125935521910163828e-01,2.829827989670705146e-01,2.264188472429225218e-01,1.883765255489320833e-01,8.116448714410517962e-02
3.220088158404844220e-02,7.020000140385976306e-02,2.740000054794526976e-02,9.480018958161062770e-02,9.620161796302510726e-02,2.220067528728477194e-02,1.000006479415038382e-02,3.040024317860029468e-02,8.400032924901079667e-02,1.000000079992010085e-02,2.840022718000818555e-02,5.540039995233612263e-02,7.280131030434802697e-02,2.140003466461773418e-02,8.060001450655331079e-02,1.800014398732912788e-02,5.920320147555845069e-02,4.920014168244387504e-02,3.500001749826323061e-02,6.500029247272676169e-02,4.800018814229196733e-03,7.180196576815772724e-02,7.800045079882861852e-03,2.580022753625676665e-02,1.072019294591498306e-01,3.780139778175718029e-02,3.100003037700699293e-02,8.200224502770109281e-03,1.480106560852626624e-02,2.000015998592125782e-02,9.900001781822305447e-02,3.180096730340791628e-02,4.280041426858839648e-02,8.000163828649937969e-04,3.960230944308781864e-02,6.360183666389823687e-02,1.116003213772507607e-01,2.860016529290382303e-02,1.078000194020650865e-01,1.040002994913447922e-02,7.940000158784138451e-02,1.432013860575200304e-01,1.652022333259593190e-01,2.432000778162557164e-01,2.200050860677789932e-01,2.766024394003339659e-01,1.494010785718234147e-01,2.090026122877517434e-01,0.000000000000000000e+00,1.328000000000000014e-01,6.020001083491948596e-02,1.178012462191553034e-01,6.620070033708050361e-02,2.234023633731688219e-01,1.236009887129933260e-01,5.340018047486738001e-02,1.236101255436896362e-01,1.054000189701081724e-01,9.780015842054268216e-02,1.040051998700065039e-01,8.660000173182702543e-02,1.196038270009971843e-01,1.118053684858466845e-01,1.710002769929734046e-01,3.220010882566907290e-02,1.544012350913120668e-01,1.770007964257327981e-01,1.338040699747163609e-01,6.760065431206951914e-02,6.640053115325854349e-02,7.660007506060434457e-02,2.620001309869989664e-02,6.340213140234687850e-02,1.142002763373696911e-01,1.636117792942497762e-01,5.460221121321072457e-02,6.380010334591638965e-02,6.080017508724772091e-02,6.180035717137953577e-02,1.340001715031787777e-01,1.960022577332407867e-01,1.678007550295929906e-01,1.230020687053231393e-01,8.340253689006985049e-02
2.020055304340927921e-02,8.600000171982830760e-03,7.400000147985217290e-03,7.240014478595577230e-02,3.660061556597420107e-02,2.900088213203867032e-02,-6.400041468256245820e-03,-2.000015998592119971e-03,2.440009563899839251e-02,2.160000172782739966e-02,2.520020158226077278e-02,7.000050535493733406e-03,6.000107992116594791e-03,1.620002624143959333e-02,4.260000766723538029e-02,4.800038396621101808e-03,1.000054078979028399e-02,-1.600004607559153517e-03,-5.000002499751883024e-03,5.300023847776178659e-02,1.760006898550702317e-02,2.460067350831029315e-02,3.620020921689223736e-02,1.980017462084820642e-02,8.000143989488792476e-03,-3.000110935060093433e-03,-1.860001822620419715e-02,1.980054209205463212e-02,-8.400604804839239409e-03,2.080016638535810147e-02,2.060000370763026209e-02,1.940059011591552598e-02,1.520014712342392105e-02,2.360048329451732915e-02,1.400081646977851743e-02,-4.160120133990828639e-02,-1.680004837937107767e-02,-1.400008091261030745e-03,2.900000521947948204e-02,1.160003340480385281e-02,2.020000040395965313e-02,5.040048783030034313e-02,-3.520047586606396550e-02,1.680000537546503733e-02,2.724062974766498502e-01,1.334011764859167060e-01,1.654011940815233728e-01,2.178027222788149753e-01,1.328000000000000014e-01,0.000000000000000000e+00,1.020000183581692109e-02,6.620070033708047585e-02,6.300066648392856072e-02,1.514016016772505024e-01,1.176009407172169119e-01,1.726005833326237637e-01,1.248102238499390615e-01,3.300000593940768251e-02,1.094001772107093262e-01,1.492074598135093300e-01,4.580000091590850225e-02,7.640244467287783670e-02,5.558266887695312297e-01,1.118001810983300232e-01,3.460011693689907936e-02,1.372010975034197167e-01,1.198005390497332845e-01,7.980242738402366920e-02,5.120049557363843401e-02,1.992015934597756166e-01,2.540002488954766144e-02,1.018000508949484795e-01,2.220074632700474310e-02,3.300007985230472146e-02,2.760198721590033030e-02,2.780112585581059545e-02,1.010001636040369355e-01,3.140009042334834244e-01,2.682015500544335795e-01,7.240009266291153045e-02,2.484028613313112588e-01,3.202014407656476047e-01,3.010050624414817855e-01,4.660141749493110219e-02
1.040472628547654127e-02,3.963999592840687369e-01,1.060001411859112508e-01,3.459887553805229832e-02,2.679697585471359222e-02,2.319603020610893490e-02,1.140223571554468442e-02,3.619789631026766596e-02,6.979860631414243344e-02,1.940024501956197703e-02,4.019792902738577450e-02,1.519783268107023286e-02,8.099787276690995075e-02,1.279894314379642455e-02,4.520037623451225034e-02,1.290034549067143321e-01,9.179874125891604453e-02,5.739873576676385314e-02,7.239944928670059843e-02,5.359845099615091063e-02,4.020184464337971803e-02,2.092102048901438305e-01,4.280229487286119766e-02,6.039802378209021411e-02,2.626011740136336980e-01,7.319756031487018033e-02,3.584012556200110722e-01,-6.795747718548960335e-03,2.739477794792818596e-02,-1.620253228398096240e-02,1.908004286452905374e-01,5.039686248078525249e-02,2.419759882953341837e-02,3.299684203735076676e-02,3.619563794219807229e-02,1.329993050840682922e-01,9.819886060281099449e-02,6.919837258612705766e-02,1.344004083433131269e-01,3.259865988602927978e-02,1.123999024897328614e-01,1.041983875620469402e-01,1.081983624909438058e-01,1.289995845413391407e-01,6.140551021352242539e-02,1.043984197476998804e-01,5.439812273518240121e-02,8.599809065325007829e-02,6.020001083491948596e-02,1.020000183581692109e-02,0.000000000000000000e+00,1.179985098193643139e-01,6.399792882829193064e-02,7.999810097379489449e-02,3.139785704972571090e-02,2.079851419139797444e-02,6.339752539608493886e-02,7.000038516162279678e-02,1.199894170393694080e-02,2.379519455293606367e-02,1.960012390763415935e-02,1.405997245978525545e-01,2.359525779264594683e-02,4.200115548657479964e-02,1.843990965520715952e-01,4.259794865765673816e-02,-1.160185411137445825e-02,9.995626308104311672e-03,4.099776446336125812e-02,-1.299770655098192104e-02,2.440011229290892369e-01,3.000062033838939504e-02,6.319721637960767913e-02,2.891994319760528009e-01,-4.541047679764852879e-02,2.964066573980039254e-01,-2.360112236980787745e-02,1.940149921873669803e-02,-1.080210417029314751e-02,1.669992838906663724e-01,3.539753439998831464e-02,2.240190465065779873e-02,1.079670387507300142e-02,3.239631171077880095e-02
1.803472112844604902e-02,1.508006784277563794e-01,3.160125484957818781e-02,1.299096433037624787e-02,1.837382606058539022e-02,3.916572922968306752e-02,1.301678038834398754e-02,1.058179843000699172e-02,3.978769815268998200e-02,2.300208499499432208e-02,3.898232605914197374e-02,-1.217499921513225244e-03,4.297363082446939431e-02,7.191808559497156125e-03,4.320322454657767736e-02,5.661945004456558905e-02,8.295752835943259740e-02,5.338967965870512061e-02,8.719636650351932083e-02,2.238653893552710467e-02,3.021331676208669978e-02,7.123674048267263081e-02,8.015769561126227793e-03,4.358152732896464904e-02,1.321761799808639781e-01,7.076380917050503760e-02,6.960724393855341474e-02,4.563576876334554666e-02,1.614613876471721055e-02,1.498188017536590012e-02,1.080039217358644277e-01,3.636561443590486525e-02,2.018017083318598276e-02,2.137122666868050691e-02,3.095245741384536342e-02,1.217698480737858940e-01,1.105904495057781628e-01,2.398475391545878271e-02,8.120363339214704823e-02,3.789012099005495231e-03,6.999982201981402863e-02,8.178141874970205893e-02,1.853805496170849720e-01,1.905983976927964896e-01,1.058348431582189220e-01,1.719840180884082415e-01,7.078378157355387501e-02,8.477895880264489648e-02,1.178012462191553034e-01,6.620070033708047585e-02,1.179985098193643139e-01,0.000000000000000000e+00,1.797922251809656174e-02,9.038075438132422978e-02,4.098236321612322430e-02,6.478894556080280753e-02,8.814927910471809236e-02,5.480334935206732094e-02,1.639192079001254229e-02,9.055949021525462606e-02,2.800121669278870379e-02,8.056663388236416645e-02,6.955900030613787477e-02,5.360893313782191111e-02,6.878900139610238940e-02,2.617864653468632286e-01,1.619886439273503786e-01,1.839716657079290274e-01,2.818033290026600302e-02,8.621999996788938525e-02,9.160749823707697859e-02,1.964067755194977838e-01,5.916489861435982045e-02,9.759114957323603012e-02,2.869685015499747749e-01,2.879733124744438544e-01,4.439226236114630908e-02,3.901156394041270514e-02,5.078519232709865355e-02,1.357942511005792718e-01,6.497935810803202872e-02,5.081456482809373898e-02,7.117527267658904644e-02,2.876530285279257221e-02
4.563576876334556748e-02,3.999950404656830300e-02,3.560129724601095169e-02,3.253948939903430482e-01,1.383771138242297083e-01,1.303694682270312988e-01,5.741753778989816537e-02,8.978326984646776976e-02,1.665895365983143250e-01,1.458033939328219619e-01,7.378297259061711300e-02,1.591853549647194443e-01,6.257419095300460754e-02,3.999220868568247045e-02,1.612044941196614789e-01,1.794217314832187160e-01,1.095287293583264467e-02,4.338954507005603894e-02,1.479556437916690684e-02,2.279896391240576470e-01,4.221349074747689223e-02,1.332390938654179624e-01,3.081614253819289773e-02,1.391833818196405725e-01,6.377422524658833691e-02,3.756223024973443653e-02,3.560685093174433685e-02,7.923704414496234028e-02,1.774627089343359942e-02,1.098180586140328971e-02,6.800349137210719153e-02,8.196748393457890802e-02,1.618008979964602814e-02,2.297127636133311154e-02,7.335537873131123265e-02,-2.583597589434498409e-02,-2.211068654183931479e-03,1.998468848088564773e-02,4.840328049386621173e-02,1.309907240666225159e-01,1.300004579663057436e-01,1.089819697777740792e-01,-7.542573518702481994e-02,-1.900388675469023847e-02,5.743321218254757859e-02,5.718179114772192068e-02,1.371849633967822391e-01,1.691809066049754506e-01,6.620070033708050361e-02,6.300066648392856072e-02,6.399792882829193064e-02,1.797922251809656174e-02,0.000000000000000000e+00,1.691824216578758922e-01,8.298314351273140821e-02,7.958915215141126875e-02,1.733571602624362773e-01,1.260041153995552499e-01,1.791939067821763654e-01,5.735747901274033944e-02,1.324023232396834004e-01,6.936615701117676558e-02,6.595878935234812668e-02,1.396099822491612963e-01,2.007908439609883411e-01,2.938214770563154360e-02,7.278729890392179880e-02,-5.236091071657266068e-03,2.781853974965159404e-01,4.901930884803668009e-02,1.300079421035908456e-01,2.000482117231752732e-02,2.019712100600817850e-01,5.719062441757947340e-02,8.545511153314101424e-03,1.515937840999325402e-02,2.023941897982587668e-01,6.221187618607863790e-02,3.838498947992192295e-02,4.459316955996319581e-02,1.577814088283218119e-01,6.241473974145441556e-02,5.317477951204243464e-02,-6.843868213122290822e-02
3.083520698810957375e-02,5.839969907015906542e-02,3.360127604779453853e-02,1.481926650026793302e-01,1.095763247609549962e-01,4.116581122523906011e-02,7.416684860220043411e-03,3.378222945099044333e-02,1.713896061924703451e-01,1.220196987668365624e-02,4.898251184404859432e-02,1.143845575900109685e-01,4.057356223730183842e-02,2.239199398382693204e-02,1.192040422377163844e-01,4.861930141664030230e-02,4.655517478416815874e-02,6.858988423345185881e-02,3.999584357162111470e-02,1.091878477699845529e-01,7.012980390332121047e-03,7.323681639824504430e-02,1.801593314755910863e-02,4.878162820084238488e-02,1.097755398339666788e-01,5.516306726797429172e-02,5.480707286500125647e-02,1.723469076221707461e-02,2.414679940829942903e-02,2.258202137189496347e-02,1.084039260395019688e-01,4.036577842701669777e-02,1.818013031641596555e-02,3.770680049502078864e-03,4.135317396341245400e-02,1.096547615190987535e-02,5.538970657643500772e-02,3.198488478460514289e-02,1.088039303431394544e-01,7.538997575373332372e-02,9.280006367948093193e-02,1.349824964957840601e-01,2.177660715561105520e-02,1.009974211350922468e-01,1.470362315094105310e-01,2.031846233196749063e-01,2.687873056849878761e-01,2.319823559176101557e-01,2.234023633731688219e-01,1.514016016772505024e-01,7.999810097379490836e-02,9.038075438132422978e-02,1.691824216578758644e-01,0.000000000000000000e+00,2.541863241503343196e-01,1.163896658361674163e-01,2.725663364460709781e-01,1.660045457633121113e-01,1.799939165413515785e-01,1.725644576431515365e-01,1.808028362365195763e-01,1.297687287093659825e-01,1.471635475322718434e-01,2.980119145658607915e-01,8.038916331847101304e-02,1.153837454558289677e-01,1.715887886832349607e-01,5.996658198346425939e-02,1.345824883924300330e-01,8.662000739928549242e-02,6.920723931494397740e-02,5.400519786054945592e-02,1.003667195636858828e-01,1.223914719460152262e-01,7.415092843068832318e-02,3.676048169368893032e-02,1.267932675561971312e-01,7.821209152791719355e-02,9.678594482468955151e-02,1.061939000742388312e-01,2.541835391024157564e-01,1.600162114262823065e-01,1.483773878045333838e-01,1.499702717834785204e-01
-1.257084767418402936e-02,3.699949678746349002e-02,1.140089134637701715e-02,1.379933805982297701e-01,1.409803011064460487e-01,6.337123761511373465e-02,4.521505320870167211e-02,3.398454529819508463e-02,1.919910894264404699e-01,2.240178082900871545e-02,5.238483967346750647e-02,1.425869714766007934e-01,4.957729128292365922e-02,-6.072051208134785633e-04,1.254034254613080046e-01,3.681658740665786494e-02,2.435991629783551549e-02,3.959083166560094236e-02,3.419629104033163058e-02,1.861903283474095061e-01,7.611289597675673091e-03,5.103140236036189659e-02,5.013667721581417311e-03,5.058405241853719536e-02,7.077784244319783313e-02,3.856733804125542231e-02,2.300580601210349546e-02,3.383079386045336617e-02,2.195376096974091876e-02,3.798460929281939624e-02,7.500301322561861439e-02,7.137154495819796052e-02,-1.241781776525899619e-02,-1.642606520909521348e-02,7.036147031475822877e-02,1.397011820918388735e-02,5.119095786250647123e-02,2.298671808522331425e-02,5.180282346633297702e-02,9.919148005659776668e-02,9.379995228337532909e-02,1.131844026601328962e-01,2.779261883569549441e-03,4.559717965191385086e-02,1.116306708921483010e-01,1.205852297206330415e-01,1.721874219504185843e-01,1.565832116362604609e-01,1.236009887129933260e-01,1.176009407172169119e-01,3.139785704972570396e-02,4.098236321612322430e-02,8.298314351273140821e-02,2.541863241503343196e-01,0.000000000000000000e+00,1.101908548876151250e-01,2.547717125971878382e-01,2.098041157925021050e-01,2.605953074014183968e-01,9.396545353382573795e-02,2.762030148554880382e-01,8.997160172980711579e-02,1.389685882727693111e-01,3.026101101044078034e-01,5.299020400868580116e-02,6.918510845089008432e-02,8.018900346268784118e-02,4.297045389024855416e-02,1.495850461592114489e-01,7.521720175505275385e-02,3.980595686278695644e-02,5.220444329490645657e-02,1.009714053224931574e-01,6.859191553727438107e-02,3.155452897404276841e-02,1.776486511882792094e-02,9.659372986066062927e-02,8.441051733580121064e-02,9.018764402155464432e-02,6.839423527651992962e-02,1.551838308062584160e-01,1.070133363337260196e-01,9.937926867044655221e-02,3.229812108982021424e-01
9.619533946239962677e-03,3.599492289065445768e-03,-3.199490929194547407e-03,7.819522116824739744e-02,6.838630277921381451e-02,4.118111382531872144e-02,9.409451832057118617e-03,3.979005380585604046e-02,4.539305206408002918e-02,4.340119004934890612e-02,3.178996277383789454e-02,7.679093489098655356e-02,3.738520077950985288e-02,3.039547243016621492e-02,8.320185601343164927e-02,4.861095209794383948e-02,1.057357021391235573e-02,1.419384946855255930e-02,-2.402609061226916327e-03,8.359285942584115947e-02,3.300752020288184874e-02,5.802102264110133717e-02,1.400896742543936320e-02,9.079018862278209756e-02,1.658475610824710830e-02,1.117809334482211016e-02,2.320374079429736794e-02,7.642158859121388204e-02,-5.831636438840103430e-03,1.978982622581082484e-02,3.200167375874627546e-02,7.118212776916260642e-02,1.658877777198981482e-02,-1.416672134790682418e-03,4.777487029456713163e-02,-2.822066834110110653e-02,-6.206278223480081631e-03,1.319128170400798127e-02,2.360164385758690281e-02,4.939406979990308699e-02,4.359962827615485731e-02,5.338925833893955197e-02,-2.341391430492469755e-02,3.179803784910369829e-02,1.046204504172762451e-01,6.078982265447028382e-02,1.447916556270539279e-01,1.151888303203829761e-01,5.340018047486738001e-02,1.726005833326237637e-01,2.079851419139797097e-02,6.478894556080280753e-02,7.958915215141125488e-02,1.163896658361674163e-01,1.101908548876151250e-01,0.000000000000000000e+00,1.913830472594724996e-01,3.720169226898771553e-02,1.611961263682440137e-01,1.241806308339324649e-01,7.640077968511330142e-02,4.378075090580586803e-02,2.127854588387012580e-01,1.092052255037455621e-01,8.999384897352095958e-02,9.699070468478526719e-02,8.559287518439073761e-02,6.318185738413757691e-02,5.458927400960094517e-02,2.362130867987678462e-01,5.560388204488123098e-02,1.756032810133558719e-01,1.235832543114799287e-01,2.479442436523612153e-02,3.697158984650005670e-02,8.776987441511214724e-03,3.319969802873857234e-01,1.522071920978313730e-01,3.135940331189333019e-01,2.939597738758039855e-02,1.177892761365027657e-01,1.204087479462143673e-01,1.275874985291392816e-01,7.078211424991136258e-02
2.549749716464667221e-02,6.820302848204136403e-02,3.060506737512484060e-02,1.375859480573434213e-01,8.773442964052842463e-02,8.050921359046223080e-02,2.244805966638527273e-02,5.195347645089738731e-02,1.295752856081179016e-01,7.961164725695550615e-02,9.555739704250611199e-02,1.257625745693190522e-01,1.231355104007109819e-01,3.658001801083710092e-02,1.274181396409605205e-01,5.365601929391678598e-02,5.867487231814266097e-02,6.797504699161342756e-02,5.419166749010641271e-02,1.465742699606805421e-01,1.163683525781131906e-02,6.510182554380494757e-02,2.024529104160340334e-02,8.095359058604179037e-02,1.039335918976371370e-01,4.249498319809473512e-02,5.542251245657826147e-02,6.310160693879694749e-02,4.105273356541375845e-02,3.149088265793889042e-03,1.002159064700609004e-01,7.570867434544180374e-02,9.544559850601895545e-03,1.511963631566440661e-02,6.307061797923238511e-02,-1.729918685555163413e-02,2.317124786941025111e-02,5.856161986182332330e-02,8.861495408835368126e-02,1.243798298151013171e-01,8.820466731952429640e-02,1.271553322269945163e-01,-7.487369875108347561e-02,4.239324723706575093e-02,9.369687239421368996e-02,1.149566758083215984e-01,2.645749474542373192e-01,1.785528641052511745e-01,1.236101255436896362e-01,1.248102238499390615e-01,6.339752539608493886e-02,8.814927910471810624e-02,1.733571602624362773e-01,2.725663364460709226e-01,2.547717125971878382e-01,1.913830472594724719e-01,0.000000000000000000e+00,1.058163662405402217e-01,2.329964256300132985e-01,1.842963228325169567e-01,1.570154248280183906e-01,1.627161452114897766e-01,2.397057169269056209e-01,2.930475173826453394e-01,7.617322048859363759e-02,9.915772076107934319e-02,1.665759983971513425e-01,8.891015726924809959e-02,1.223548925381623409e-01,1.312629972276059820e-01,5.502247929583507086e-02,1.166224101645801647e-01,1.137081871578647929e-01,9.257965049523263212e-02,7.145741298722449453e-02,4.249001266253318171e-02,1.681910121181871554e-01,1.516435754913290079e-01,1.429690218954426661e-01,1.219896709701592669e-01,2.375607621900918676e-01,1.006470935140976741e-01,1.501405911410038374e-01,1.689191446862563228e-01
2.799633195606875471e-02,7.040013406662110063e-02,3.719988745123305185e-02,1.442015142081191359e-01,2.424076002027411303e-01,1.560094530152875969e-01,5.059817716714716529e-02,6.100289871570496736e-02,3.054029318609690069e-01,-1.180024304375896886e-02,7.860304267102494191e-02,2.276039638785847252e-01,3.740427958778266143e-02,2.440112380966729874e-02,2.167997180760908305e-01,9.019833799136356411e-02,2.940783492834623744e-02,3.900155918899467916e-02,5.080063448098580403e-02,1.748026178161005140e-01,2.179840953267820833e-02,1.179988122096903846e-01,-2.080216376484564020e-02,1.508038768528348339e-01,8.660517397841512033e-02,4.240673518947314646e-02,5.079921900520985301e-02,8.959802955188102269e-02,1.580834025274385074e-02,1.540252574055739516e-02,9.959967588829449214e-02,8.880739680726393304e-02,1.020274032544737225e-02,-2.819674287622924574e-02,2.022183082819679623e-01,6.020630898923439583e-02,7.620167301009637961e-02,3.960227580260441277e-02,8.799967171271051714e-02,1.270018284432138655e-01,1.332001466253689703e-01,1.314039352552053841e-01,8.780432249478030415e-02,6.460051224903197442e-02,2.019639094212860239e-02,8.760330810223226905e-02,9.480298124628569467e-02,1.252045871449516123e-01,1.054000189701081724e-01,3.300000593940768251e-02,7.000038516162278290e-02,5.480334935206732094e-02,1.260041153995552499e-01,1.660045457633121113e-01,2.098041157925021327e-01,3.720169226898771553e-02,1.058163662405402217e-01,0.000000000000000000e+00,1.200012958728695484e-01,3.780789645751651828e-02,2.607999321667724413e-01,4.140613185709824534e-02,3.960778836188490887e-02,1.807992455142781729e-01,6.560179336338355094e-02,2.940264025047112720e-02,2.640192336891092686e-02,1.280507133390375828e-02,2.170047791989948571e-01,-1.580252901226919873e-02,1.331993145797895073e-01,3.999402779316201841e-03,1.580102598091411570e-01,9.880157672667483348e-02,4.341033243650643109e-02,5.720772648416371647e-02,-6.239903241508127502e-02,1.899861827401355674e-02,2.680219952157721075e-02,5.300103727781870638e-02,6.380362614391371645e-02,3.598217017987286482e-03,2.280386728217247486e-02,2.780131860119974818e-01
6.813516242607417159e-03,3.599969906964564648e-02,1.840039013764952977e-02,1.761970381294773735e-01,1.099915890986982864e-01,8.838879313427255857e-02,6.340699289810136641e-02,4.379322196948957219e-02,1.673958877848810978e-01,6.380082837864586853e-02,4.539323736013113619e-02,1.215942354714001916e-01,5.819034266806201450e-02,2.719684843294538010e-02,1.308013153109718607e-01,2.460743598043675998e-02,4.981559323776442276e-03,1.539574970591532123e-02,1.839823918036041089e-02,1.787956946609262354e-01,1.460512040036560967e-02,1.881386422188214419e-02,3.760639764790289774e-02,5.399300438792633411e-02,5.939036621033062791e-02,2.238538555132058017e-02,1.560256031062909679e-02,7.041536053276348239e-02,7.378945361696058122e-03,1.539294878560203660e-02,2.600112668938621419e-02,3.918721685299325630e-02,-7.007998390770348897e-03,1.458880353479915550e-02,1.045868304196842374e-01,-4.221496607554171832e-02,4.179586849459193676e-02,8.393942720976918515e-03,2.240112021001881837e-02,8.939608267417543941e-02,6.079973973767726497e-02,6.339279706095952982e-02,-5.821024028313064730e-02,1.219858380688197512e-02,5.381357000315818012e-02,4.639292505083474766e-02,1.627945996468477541e-01,1.263927853950703728e-01,9.780015842054268216e-02,1.094001772107093262e-01,1.199894170393693907e-02,1.639192079001254229e-02,1.791939067821763654e-01,1.799939165413515785e-01,2.605953074014183413e-01,1.611961263682440137e-01,2.329964256300132985e-01,1.200012958728695484e-01,0.000000000000000000e+00,9.938713176687317963e-02,2.248007286006228345e-01,7.978828369054631608e-02,1.427894492770360735e-01,2.276039770391810046e-01,2.319543643357474885e-02,2.819307191073441160e-02,8.239510474790778805e-02,2.198666579531021251e-02,2.565949800336047026e-01,9.140807853972160446e-02,6.802537432855550008e-03,6.320193379475964879e-02,1.167893567810466271e-01,5.919627952503570684e-02,3.378650879557363977e-03,1.278434005205982341e-02,1.503972475623250038e-01,7.580466065496754835e-02,9.759460274063078145e-02,6.379730528166072112e-02,1.565934183033590998e-01,5.720574952447134154e-02,6.719079992611927399e-02,1.767916253144574124e-01
1.147488044114006178e-02,3.779989080866696244e-02,3.460373054876512977e-02,6.638345367069400926e-02,6.294621147935131056e-02,3.572488051368766238e-02,2.083717318595490822e-02,1.676097605378836300e-02,4.717454624699091853e-02,5.204260209814626226e-03,6.116355118479433611e-02,5.416510286646163130e-02,7.114484340143638341e-02,3.258368363951674729e-02,5.780890003233872532e-02,3.924227185919192812e-02,3.990016279299629653e-02,6.317934305948992579e-02,2.299116196564837677e-02,6.417350017216666425e-02,3.602993977862553598e-02,6.027865651221060717e-02,1.703494673130984474e-02,2.215930749850532691e-02,5.234356503271823252e-02,8.252118558115827118e-02,4.421625257242141338e-02,1.947549946918430280e-02,1.348165659970801573e-02,9.960581664355002904e-03,5.860894017533177514e-02,3.012443016943184768e-02,3.556216616236584395e-03,8.336593907380026799e-03,3.189546537137585847e-02,1.712535831625161195e-02,4.277826433567225722e-02,1.376677124683478928e-02,2.420721402663732896e-02,2.877752403501304679e-02,3.099955068117344822e-02,7.356039410470106843e-02,8.675351528948531399e-02,1.003970523983256785e-01,1.548793168999131886e-01,1.477666950927817302e-01,1.433702067537419855e-01,1.677604890996109988e-01,1.040051998700065039e-01,1.492074598135093300e-01,2.379519455293606367e-02,9.055949021525461218e-02,5.735747901274033944e-02,1.725644576431515087e-01,9.396545353382575183e-02,1.241806308339324788e-01,1.842963228325169567e-01,3.780789645751651828e-02,9.938713176687317963e-02,0.000000000000000000e+00,5.660483096124452329e-02,9.152751251960218604e-02,1.829199378188817171e-01,1.142238939816801746e-01,5.257680892630081648e-02,1.207670078921806722e-01,2.113815223595277570e-01,1.285323433613547728e-01,5.275915279384302270e-02,1.016458909622272727e-01,3.101557965354835231e-02,8.181413030077749893e-02,5.852290140272575075e-02,6.298130342087031319e-02,1.586993714245783504e-01,7.051639009747609488e-02,1.085876066586647232e-01,1.616325440539517488e-01,1.097721259839090358e-01,1.279905644515942631e-01,2.059646746318010424e-01,1.290370289487461353e-01,1.557524122206948858e-01,7.652816159326550349e-02
1.039880505064530447e-02,1.400004055594599242e-02,-1.560004061993956921e-02,1.618007267651090098e-01,1.756041167864276220e-01,1.332056142790182252e-01,3.539951014654000444e-02,7.500140137348974834e-02,2.114013927838166440e-01,7.059992706728605849e-02,9.820158742111582961e-02,2.392024915830799070e-01,6.260232787127974208e-02,4.240042949380922604e-02,1.879999176082248757e-01,4.299954490322879797e-02,2.340334582062293667e-02,2.020053852779147424e-02,2.960021537057837965e-02,2.100015490542035124e-01,3.399453448527531285e-03,6.360026264473515878e-02,-1.200686895314694849e-03,9.320166373994226428e-02,6.020228462643707756e-02,1.760237106264521054e-02,1.559973562618011123e-02,6.480029552279734095e-02,1.740365309087078816e-02,2.980103890139073133e-02,6.799989361061858917e-02,7.480383667968357186e-02,1.800897379050539959e-03,4.601374191714816854e-03,1.486108291254050195e-01,1.900206896080978980e-02,3.620058492335192363e-02,3.240086783878729643e-02,4.919988985099366108e-02,1.182008227005992285e-01,1.048000441875831662e-01,1.274021155949058293e-01,2.740141087651215210e-02,2.580016875518309494e-02,3.739950548398610769e-02,7.520150463374934702e-02,1.100015562584922280e-01,1.144024320841500048e-01,8.660000173182702543e-02,4.580000091590850225e-02,1.960012390763415588e-02,2.800121669278870379e-02,1.324023232396833727e-01,1.808028362365195763e-01,2.762030148554880382e-01,7.640077968511330142e-02,1.570154248280183906e-01,2.607999321667724968e-01,2.248007286006228345e-01,5.660483096124451635e-02,0.000000000000000000e+00,6.420365546833040060e-02,6.280497672575716117e-02,2.448000414682342252e-01,3.920065321712015022e-02,2.820102607052000707e-02,4.680081145899160633e-02,1.440199820365924144e-02,1.990028100555367718e-01,3.819950641061650720e-02,2.439974442531303231e-02,1.679980875502692234e-02,1.192056495803786864e-01,7.960063416236053124e-02,-4.197902553561070130e-03,8.002124040217922091e-03,6.840047212964879553e-02,4.859966097311843591e-02,4.880096295009987012e-02,2.500035246523168650e-02,1.114022453647414979e-01,4.839961880488186097e-02,4.800196816310113579e-02,3.284115558439180127e-01
5.706258211852355960e-02,1.322026329326126681e-01,5.460334809231692094e-02,5.478586415761795697e-02,8.175759565567387865e-02,7.054200903138878320e-02,3.963032195549745507e-02,5.557022580245553345e-02,7.838041741375111060e-02,3.440430327724713216e-02,8.877155373234132951e-02,3.177084897755308446e-02,1.835611819588911786e-01,4.778720790719014760e-02,8.540754770335021173e-02,5.683426996016961025e-02,7.872358418689805182e-02,6.878320086712119696e-02,6.819421692418811687e-02,5.297793592110030397e-02,5.242428067276105885e-02,6.706317589451118999e-02,6.022947254292067981e-02,3.936801021173178677e-02,2.475643818051712353e-01,1.245397967770484615e-01,1.038146223939515611e-01,2.506068203536325478e-02,6.071032288986029368e-02,1.716868988355153142e-02,1.538097487007057118e-01,8.734305764800276428e-02,4.236656919223729528e-02,5.475167820388442824e-02,5.431851421559710097e-02,9.834519273653893889e-02,7.518342408729859760e-02,6.177513637224869153e-02,1.030081140418511038e-01,8.078361940495376592e-02,9.980159553856698951e-02,1.203698200620758607e-01,9.796286299995038416e-02,8.479634102618850700e-02,9.765977703305721291e-02,1.049706878628922230e-01,1.017735942321873893e-01,1.193653152476971541e-01,1.196038270009971843e-01,7.640244467287783670e-02,1.405997245978525545e-01,8.056663388236416645e-02,6.936615701117676558e-02,1.297687287093659547e-01,8.997160172980710191e-02,4.378075090580586803e-02,1.627161452114897766e-01,4.140613185709824534e-02,7.978828369054630221e-02,9.152751251960219991e-02,6.420365546833041448e-02,0.000000000000000000e+00,9.052885124516904525e-02,1.258186282175170478e-01,6.378145846827412702e-02,5.837033779654227789e-02,9.297939584351970488e-02,7.774245843850907667e-02,5.316701931267647785e-02,4.163366199227003933e-02,8.541401559376693431e-02,5.780987786192348654e-02,5.533803747834428050e-02,2.409906959355865852e-01,7.431173730639910324e-02,1.201367162446431019e-01,3.178667001551201132e-02,7.962197505074131154e-02,4.937466792513298119e-02,1.355917133848589251e-01,1.315673291048426730e-01,5.382596207175981834e-02,5.575632639763870163e-02,6.654175936076645037e-02
3.047481032615751567e-02,3.399967341613482907e-02,1.960290145582196247e-02,8.258453251251132721e-02,3.594549617384919238e-02,6.432861308506485076e-02,1.863629206478933237e-02,2.136200051632320199e-02,5.017516863018386258e-02,5.580660370139315513e-02,3.496276236570811796e-02,3.796486072443121251e-02,3.854375030073233649e-02,2.358353235869631651e-02,5.360846314295177745e-02,1.864024021716177357e-02,2.410055061159879775e-02,3.257814044649356977e-02,2.559144258142900114e-02,7.077431970232025971e-02,1.942844628776268373e-02,3.167490080418736836e-02,4.363566407124597896e-02,2.556029683722632270e-02,3.734367107888354742e-02,1.911735324086641721e-02,6.014013291975546516e-03,4.967625797463534609e-02,3.688683848511230962e-02,3.016249347768993824e-02,2.120690150676829075e-02,3.752651093423638173e-02,2.415827812259078652e-02,2.533902183042108583e-02,3.009737081892777805e-02,-1.874616696697661540e-03,2.177759074248075341e-02,1.436745623633856571e-02,4.680813539214785657e-02,4.417873086932193327e-02,3.959994243260791386e-02,5.856026294391660642e-02,-1.665197957477521085e-02,4.459431630834962551e-02,2.670856319914570731e-01,1.271660716100499744e-01,1.931734337178811767e-01,2.147640012527059217e-01,1.118053684858466845e-01,5.558266887695312297e-01,2.359525779264594683e-02,6.955900030613787477e-02,6.595878935234812668e-02,1.471635475322718434e-01,1.389685882727693111e-01,2.127854588387012580e-01,2.397057169269056209e-01,3.960778836188491581e-02,1.427894492770360735e-01,1.829199378188817171e-01,6.280497672575714729e-02,9.052885124516905913e-02,0.000000000000000000e+00,1.312241516929741059e-01,4.437680333157145718e-02,1.281679832747283365e-01,1.507785211785943602e-01,1.251333821436610705e-01,6.416058605436507356e-02,1.726488670410789295e-01,3.041520885799734591e-02,1.508171161051377052e-01,4.192307029677591612e-02,4.958094282001979103e-02,5.888947898430154509e-02,3.511491688174711578e-02,1.399893102890214791e-01,3.174396740354009094e-01,2.691811640703479780e-01,7.018778155613804304e-02,2.337668819476683979e-01,2.616431374315968394e-01,2.919620947548470791e-01,6.152839345736627746e-02
4.678803806481983407e-02,4.720043736504111326e-02,-8.800374395185677281e-03,1.590041751776073431e-01,1.164125854029810225e-01,6.121599978604008729e-02,6.593574050622602080e-03,4.100759373451275808e-02,1.922061042119040941e-01,4.379935452350212921e-02,6.700784383243796327e-02,1.304079920094924350e-01,5.701191738972796741e-02,4.640339000798277685e-02,1.303991548031335768e-01,8.219359134488650465e-02,1.941979972959274534e-02,6.420460845994298282e-02,4.280189055097956968e-02,1.440062806909649940e-01,1.779505907876628365e-02,4.758806126343820275e-02,8.393942720976875146e-03,4.320801029171828650e-02,8.581248240417548023e-02,9.215834153544183449e-03,2.679754991864324518e-02,3.878780607863669544e-02,3.622426449361596662e-02,3.260751293364451409e-02,6.559903817451909203e-02,5.161569221896111087e-02,1.420807974378821177e-02,-7.788653265295850808e-03,4.502213648557996939e-02,2.613758344766040683e-03,2.660443927607024361e-02,5.360651603707837498e-02,8.799907849058334619e-02,8.740471284999212775e-02,1.064005344435683398e-01,1.362094582254792796e-01,1.540959234308461774e-02,7.060157680943766889e-02,9.579013085688954654e-02,1.608092379288189877e-01,2.356089218943729913e-01,1.904116874555493444e-01,1.710002769929734046e-01,1.118001810983300232e-01,4.200115548657480657e-02,5.360893313782191805e-02,1.396099822491612685e-01,2.980119145658607915e-01,3.026101101044078034e-01,1.092052255037455621e-01,2.930475173826453394e-01,1.807992455142781452e-01,2.276039770391810046e-01,1.142238939816801885e-01,2.448000414682342252e-01,1.258186282175170756e-01,1.312241516929741059e-01,0.000000000000000000e+00,6.080498352665866107e-02,7.140788615670226602e-02,1.228061509590564065e-01,5.161569221896121495e-02,1.482095938138424385e-01,9.699373370832095609e-02,4.839760607317831337e-02,5.839832397208603865e-02,1.004182969624991123e-01,9.560434580700701013e-02,6.182614917930364523e-02,3.521768162720437939e-02,9.680355328818363025e-02,6.939599268275382926e-02,8.800677057380586199e-02,8.100311459757680854e-02,2.302116638261613446e-01,1.051952442709038066e-01,1.080124305186430933e-01,2.432218307452435890e-01
3.619349397290222425e-03,1.359999424063313422e-01,9.120083000033636644e-02,1.437955740629189849e-01,5.478602807990664431e-02,1.118009988147487636e-02,3.300968450719705266e-02,2.298986263861805407e-02,1.241936272507708494e-01,4.620119973642895089e-02,4.779014483787407536e-02,4.399058724182475233e-02,5.018547442336388636e-02,9.995370439823798858e-03,5.760176488608885481e-02,2.842136329908762082e-01,2.817458148951329511e-02,5.393794385715021920e-03,2.239748715362764944e-02,1.175931273211835992e-01,9.540797568066788914e-02,2.696275310673952874e-01,4.840928250091684759e-02,1.811912914072948966e-01,1.077867058207068740e-01,2.757875521860515822e-02,1.736043964760203839e-01,1.076225482457526111e-01,2.297053451951963643e-02,2.178984898381537347e-02,6.080177627700678739e-02,4.558126253708251474e-02,2.778892403149626003e-02,4.298438717504446394e-02,5.772278930428523767e-03,2.778113811473572128e-02,6.593801897011004366e-03,5.759168837119404971e-02,3.720169226898780573e-02,3.619398717564662610e-02,9.439980097975836371e-02,6.778944638687638136e-02,1.864845031474806551e-04,-1.820214713331651940e-02,3.261854254347769377e-02,3.198947132489082107e-02,5.199067203430327022e-02,7.398817611770133751e-02,3.220010882566907290e-02,3.460011693689907936e-02,1.843990965520715675e-01,6.878900139610237552e-02,2.007908439609883411e-01,8.038916331847101304e-02,5.299020400868580116e-02,8.999384897352095958e-02,7.617322048859365147e-02,6.560179336338355094e-02,2.319543643357475232e-02,5.257680892630081648e-02,3.920065321712015022e-02,6.378145846827412702e-02,4.437680333157145718e-02,6.080498352665866107e-02,0.000000000000000000e+00,6.179030414390576653e-02,1.192210173599108584e-03,2.118043786275615806e-02,6.978947250464542784e-02,1.542121537205825843e-01,2.880048952126506023e-01,1.056030094391699203e-01,2.651884932461676114e-01,8.719478625117518811e-02,-3.583389785379816755e-02,1.203818842515875231e-01,2.235964383387031573e-01,4.220650356236119172e-02,6.879179095390768051e-02,9.299627373546658082e-02,5.858839412960044346e-02,5.480823106578848469e-02,4.038573722181670878e-02,-1.082064367734402940e-02
1.102998724429534588e-02,7.099976944346707286e-02,2.500100040877850302e-02,3.799238068642193239e-02,3.537768030737035996e-02,2.016957796245808995e-02,-9.585740227506930541e-03,1.718427652077230555e-02,9.188910640827080423e-03,2.960183899988743511e-02,2.958447490410820099e-02,1.058496260687340207e-02,1.277633455188176975e-02,8.192879527715008978e-03,2.500260426164103641e-02,8.416133044824289366e-03,4.356110820902306391e-02,1.199053140399850177e-02,5.379645762564023992e-02,1.658820853185487970e-02,2.481149460376186680e-02,3.943099197670275891e-02,3.261404801686031141e-02,1.058337967448243384e-02,5.597745767093103425e-02,3.176703219122787442e-02,3.820594249605520354e-02,3.063068065116804004e-02,2.635411297171264683e-02,7.584122933673635367e-03,8.260307538814323780e-02,4.017034632016903278e-02,1.958274794821669024e-02,1.717489165308636739e-02,1.075751770042308354e-02,4.077110653664257900e-02,6.079106230132466648e-02,2.538675115437803026e-02,5.180282346633303947e-02,1.599057492017279605e-02,5.499964113475946242e-02,6.038346923289814039e-02,1.051814653602006211e-01,1.491980415279517969e-01,1.844329362804297268e-01,1.761861648348689025e-01,7.098588181696094401e-02,1.397828672634679747e-01,1.544012350913120668e-01,1.372010975034197167e-01,4.259794865765673816e-02,2.617864653468632286e-01,2.938214770563154360e-02,1.153837454558289816e-01,6.918510845089008432e-02,9.699070468478526719e-02,9.915772076107934319e-02,2.940264025047112720e-02,2.819307191073440813e-02,1.207670078921806722e-01,2.820102607052001054e-02,5.837033779654227789e-02,1.281679832747283365e-01,7.140788615670226602e-02,6.179030414390576653e-02,0.000000000000000000e+00,1.857903233478445104e-01,3.165809650237335071e-01,3.198296716218851365e-02,1.600185584410906414e-01,4.540600714634814017e-02,2.394060343545879599e-01,5.656955748779839144e-02,3.379155295321276120e-02,2.419713610683265903e-01,1.021689583525997730e-01,5.899336818058428106e-02,1.124108219490210919e-01,9.178766606765778602e-02,1.087946101554230632e-01,1.471836746587755484e-01,1.854143162484634400e-01,2.049818894695221161e-01,2.576979310261715006e-02
4.842374138741045719e-02,2.239950129584080893e-02,2.120069575778193299e-02,8.579455820907523622e-02,9.982814552908602160e-03,2.717755129409055170e-02,-1.098932173060083832e-02,1.978824852837479317e-02,2.859184155915464251e-02,3.500136017055405224e-02,2.818835351923951529e-02,6.718938852102947223e-02,3.778285183242562767e-02,4.879489913507147753e-02,4.640201696017642874e-02,3.461243141246342359e-02,3.177066409814034709e-02,6.299326556382592313e-02,2.479712427339232986e-02,5.719151557208244224e-02,2.940864675613480764e-02,3.842342260650846719e-02,2.841049101076965899e-02,4.198796048397699515e-02,5.658327480135851711e-02,5.077630859720241863e-02,3.400438590565481312e-02,3.802340985527236095e-02,1.896545435502753826e-02,9.388118539685135974e-03,5.080203755025475276e-02,9.976950703399297196e-03,3.458729171908850319e-02,3.458166568785483314e-02,3.056952346938953541e-02,4.297863677598991877e-02,4.379312388092355263e-02,1.038990781747916106e-02,5.960207873041150489e-02,4.192831659937188392e-03,3.999418135596323476e-03,4.618745619312890349e-02,1.433869851407904572e-01,1.829984822060611860e-01,1.278239281262387173e-01,1.775897665206948861e-01,1.079898666549705261e-01,1.395873742524030847e-01,1.770007964257327981e-01,1.198005390497332845e-01,-1.160185411137445825e-02,1.619886439273503509e-01,7.278729890392179880e-02,1.715887886832349885e-01,8.018900346268782731e-02,8.559287518439073761e-02,1.665759983971513702e-01,2.640192336891092340e-02,8.239510474790778805e-02,2.113815223595277570e-01,4.680081145899160633e-02,9.297939584351970488e-02,1.507785211785943602e-01,1.228061509590563927e-01,1.192210173599108801e-03,1.857903233478445382e-01,0.000000000000000000e+00,2.271845349067789233e-01,6.258768872539295647e-02,8.221302636069682812e-02,8.042039866441913400e-04,6.720333568364721122e-02,3.797685000862190824e-02,2.879359989178437162e-02,2.477829576649608900e-01,5.877564737747862506e-02,7.719507292687362299e-02,8.580783247866823060e-02,8.959072192050258898e-02,1.121958489076973209e-01,1.681882955510830557e-01,1.228101042805098964e-01,1.379855433079233140e-01,5.157840329483856512e-02
2.857879397502702864e-03,3.919963329162063498e-02,3.320257044454100193e-02,-9.815916644316753648e-03,1.555549929329583594e-02,3.594135253663439250e-02,2.062883832621285884e-02,8.569132314985673099e-03,2.777911603299442964e-02,1.780366265363963682e-02,2.936993140700511554e-02,2.237120493767999485e-02,5.175571044444687852e-02,2.786050661152474767e-03,3.280568330057751641e-02,2.343209705735184098e-02,3.532187252086225332e-02,3.178234012996568325e-02,2.199288074164181331e-02,5.576797063920125794e-03,4.182327389851986377e-02,3.645982139570569380e-02,3.762787935271903750e-02,4.276892137031410024e-02,3.735501323129850060e-02,6.193710085184496450e-02,6.241287850358000211e-02,3.805991387181065222e-02,2.730920611188629096e-02,1.096922451791105917e-02,3.920587912991308627e-02,3.554132820158735495e-02,2.376663638359204772e-02,2.335127345362690218e-02,2.211773096295771568e-02,8.014547807913727229e-02,6.938359214071504466e-02,2.957455315248608621e-02,4.440603824124825932e-02,3.018228685291250366e-02,2.239912192742836775e-02,5.736798367011594624e-02,1.729670434922406796e-01,2.042000371979211248e-01,1.238596654832418154e-01,1.367726097281375952e-01,4.117191253061373152e-02,4.756304510902183841e-02,1.338040699747163609e-01,7.980242738402366920e-02,9.995626308104311672e-03,1.839716657079290552e-01,-5.236091071657265200e-03,5.996658198346425939e-02,4.297045389024855416e-02,6.318185738413757691e-02,8.891015726924811347e-02,1.280507133390375654e-02,2.198666579531020904e-02,1.285323433613547728e-01,1.440199820365924144e-02,7.774245843850909055e-02,1.251333821436610705e-01,5.161569221896121495e-02,2.118043786275615806e-02,3.165809650237335071e-01,2.271845349067788955e-01,0.000000000000000000e+00,2.576671657921841135e-02,4.623297298514232601e-02,-1.038940729116178199e-02,1.120112623121323620e-01,5.393950033584425652e-02,3.238390510962656232e-02,3.129384575815888359e-01,1.171381136296062719e-01,3.838719122240333986e-02,1.154225613589251742e-01,8.557658024015722675e-02,1.005907096972324943e-01,6.176515392619414541e-02,9.042655507017030581e-02,1.215605064789195694e-01,4.274176623243410023e-02
7.343527799510554677e-02,4.139952162512892248e-02,9.800974972417202807e-03,2.459940738106553559e-01,1.737790872415168331e-01,1.581720255296877597e-01,3.641642684695980264e-02,1.023842117318348593e-01,1.879902376465850677e-01,1.224029543630387046e-01,8.078382987523888281e-02,2.489874891404058044e-01,6.957552830020126422e-02,6.619282869824427706e-02,2.158047673680071610e-01,7.761897040646574542e-02,2.915610341154983506e-02,2.678977750247454187e-02,4.099601773941365102e-02,2.297900594201826574e-01,4.481292816375000848e-02,7.463532246449475216e-02,1.141513496457703496e-02,7.858297548752730954e-02,6.397537330321681481e-02,1.576289921282965009e-02,8.206246854216532952e-03,7.143520387945714867e-02,4.235066421807036352e-02,3.358299544786224472e-02,7.500337919878334592e-02,1.041698602477743457e-01,2.118105195997004378e-02,2.117248131513954634e-02,1.975659181243190343e-01,3.966716285682401685e-03,2.358973731391464726e-02,3.138552666781410649e-02,8.260345412837215295e-02,1.383911790785009310e-01,1.238003208368045893e-01,1.159828871399815886e-01,1.877755788369295589e-02,3.239680428903295162e-02,4.203129550073819720e-02,3.178210975806670252e-02,1.013849949072297141e-01,1.165805876991291984e-01,6.760065431206951914e-02,5.120049557363843401e-02,4.099776446336125119e-02,2.818033290026599955e-02,2.781853974965159404e-01,1.345824883924300053e-01,1.495850461592114489e-01,5.458927400960094517e-02,1.223548925381623409e-01,2.170047791989948571e-01,2.565949800336046471e-01,5.275915279384302270e-02,1.990028100555367718e-01,5.316701931267647785e-02,6.416058605436507356e-02,1.482095938138424385e-01,6.978947250464542784e-02,3.198296716218851365e-02,6.258768872539295647e-02,2.576671657921841135e-02,0.000000000000000000e+00,4.441838347873466181e-02,5.100670306307848734e-02,1.020450343193184638e-02,1.493703907416465138e-01,5.179094757707308760e-02,2.114893259262290437e-02,2.536167649332157076e-02,1.261935066400594885e-01,3.201096096231360877e-02,3.618560086957763738e-02,5.599357433411662061e-02,1.007810184559167072e-01,3.901375184034038684e-02,3.657545170523190947e-02,8.576912244801108975e-02
1.017076276721991940e-02,6.008047379993765921e-04,1.739933960929664417e-02,9.040890320033936889e-02,3.062395769205191950e-02,9.431559206954166427e-03,3.856070228879832258e-04,6.816107446974389861e-03,8.411299132842515319e-03,3.599869100145201839e-02,1.481623543622339126e-02,1.021535394229582117e-02,-1.077628255562954745e-02,3.180750523832374249e-02,5.939808606955317843e-02,8.558537082885042668e-02,3.604383325610858307e-02,2.009620902611476603e-03,2.740423251349557304e-02,5.421267639114776826e-02,2.678912041449665535e-02,2.577131466248597236e-02,3.538688894252255135e-02,1.341702397195036756e-02,4.424112615887712367e-03,2.463550456488305257e-02,3.394431038970623874e-03,5.137222033676876187e-02,-1.395312096615599316e-02,3.681658740665783719e-02,5.397644388457264672e-03,4.423289614937123138e-02,1.217619765542549788e-03,3.242652085775310500e-02,-5.157146313841276357e-03,-4.757135730629620529e-02,-3.359076639133953129e-02,1.581381653277750057e-02,1.059768692071096953e-02,2.320985153833501555e-02,1.420091380040086095e-02,4.441838347873457854e-02,-8.438101777900994249e-02,-5.239723622292800920e-02,1.311768845511857018e-01,5.661775053552942083e-02,1.582176063113851783e-01,1.174224049199976139e-01,6.640053115325854349e-02,1.992015934597756166e-01,-1.299770655098192104e-02,8.621999996788938525e-02,4.901930884803668009e-02,8.662000739928549242e-02,7.521720175505275385e-02,2.362130867987678184e-01,1.312629972276059820e-01,-1.580252901226919526e-02,9.140807853972160446e-02,1.016458909622272727e-01,3.819950641061650720e-02,4.163366199227003933e-02,1.726488670410789295e-01,9.699373370832096997e-02,1.542121537205825843e-01,1.600185584410906414e-01,8.221302636069682812e-02,4.623297298514232601e-02,4.441838347873466181e-02,0.000000000000000000e+00,4.819483330746000133e-02,3.013985620400491117e-01,5.623513701115596952e-02,-5.791261218910326303e-03,1.964956704890069919e-02,1.983695840711803549e-02,2.042091635799518079e-01,2.115927028610938010e-01,3.462183690530740710e-01,3.920676316333081279e-02,1.308217514662526615e-01,2.629912882638869021e-01,1.770275910725885860e-01,5.431405535411995382e-03
-8.810608811054903081e-03,1.956004755530108830e-01,9.399981401845565465e-02,1.130031364357620138e-01,5.360907334089638765e-02,2.601173560620910832e-02,3.939525436375711231e-02,4.140597122951872322e-02,1.490046496584612745e-01,2.659946824862242584e-02,6.100614722198285933e-02,3.320559172732564374e-02,6.180957219741226027e-02,-7.597500003501096201e-03,6.959924081106065585e-02,2.253964244230022562e-01,5.861778579934191075e-02,3.140348086940619038e-02,3.800145609654966006e-02,8.040464015391063368e-02,6.739641060164273945e-02,3.635999518261503471e-01,2.439540537268395162e-02,1.928077687451845157e-01,1.642115156067877890e-01,5.361407381760002755e-02,1.835984000128627336e-01,7.479176194423599322e-02,1.781809859991029948e-02,-7.394466955800017838e-03,1.079992853506704653e-01,5.201255196147405030e-02,1.420631080872989359e-02,2.089635880393155086e-04,4.901802504696000512e-02,9.581349967842085757e-02,5.660357813210072780e-02,4.240504615398529159e-02,8.599925983318577882e-02,5.580357504439611288e-02,9.760037756266655429e-02,8.780709531742729446e-02,7.180832039425176505e-02,8.740123349827284838e-02,2.939118921594155096e-02,7.360660068687997770e-02,4.760570979676724546e-02,6.280784586934282099e-02,7.660007506060434457e-02,2.540002488954766144e-02,2.440011229290892369e-01,9.160749823707697859e-02,1.300079421035908733e-01,6.920723931494397740e-02,3.980595686278695644e-02,5.560388204488123098e-02,5.502247929583507086e-02,1.331993145797894795e-01,6.802537432855550008e-03,3.101557965354835578e-02,2.439974442531303231e-02,8.541401559376693431e-02,3.041520885799734938e-02,4.839760607317831337e-02,2.880048952126506023e-01,4.540600714634814017e-02,8.042039866441914485e-04,-1.038940729116178373e-02,5.100670306307848734e-02,4.819483330746000133e-02,0.000000000000000000e+00,7.719871438266781571e-02,2.252192707796542015e-01,1.616036290895977445e-01,-2.058470385321372470e-02,1.648194348953725685e-01,6.680269341767487712e-02,-6.033619927793013255e-04,3.560500019019250534e-02,1.446025665451524389e-01,4.460727686575192974e-02,8.795848616443224799e-03,1.160832579707559917e-02,3.321196167382090003e-02
2.479329191674340543e-02,4.560022368975264612e-02,1.559980813108883917e-02,7.002017303320624830e-03,2.320620131436547731e-02,3.680893725508883191e-02,1.139647989964341808e-02,4.180435490270182491e-02,1.860288193665304846e-02,4.339962520926569228e-02,2.940424951199639356e-02,-3.596228140148406260e-03,4.860689854521084430e-02,2.200184645928234678e-02,4.199942861675196731e-02,4.459637943253612347e-02,4.141265909646499321e-02,4.220254239047359357e-02,1.760101749926767239e-02,1.480307370811599112e-02,2.139729484668368223e-02,4.079373797035402288e-02,4.919690926634910644e-02,1.720435990923877695e-02,2.900653597175955126e-02,2.480952892475856916e-02,2.079863091888410967e-02,3.679362645695152118e-02,2.661392818500139465e-02,3.580430390719926276e-02,3.559942426518370590e-02,4.040904856101116410e-02,1.260452786183858913e-02,2.860699948061031297e-02,-4.189447485555345720e-03,-6.192582682304568174e-03,3.002409907163164620e-03,3.120359559945534711e-02,1.199940821877634040e-02,5.980260187277628564e-02,8.000204139693161895e-03,2.340463779641938427e-02,-5.499557148542479762e-02,-2.939922418494595596e-02,1.001955670882168498e-01,4.800464694027679891e-02,1.096046456857701218e-01,7.360595628710192573e-02,2.620001309869989664e-02,1.018000508949484795e-01,3.000062033838939504e-02,1.964067755194977560e-01,2.000482117231752385e-02,5.400519786054945592e-02,5.220444329490645657e-02,1.756032810133558442e-01,1.166224101645801647e-01,3.999402779316201841e-03,6.320193379475966267e-02,8.181413030077748505e-02,1.679980875502692234e-02,5.780987786192348654e-02,1.508171161051376774e-01,5.839832397208603865e-02,1.056030094391699203e-01,2.394060343545879321e-01,6.720333568364721122e-02,1.120112623121323620e-01,1.020450343193184638e-02,3.013985620400491672e-01,7.719871438266781571e-02,0.000000000000000000e+00,5.160995996414183273e-02,1.080223131940364657e-02,8.061784321537515674e-02,1.080134272941947610e-01,1.312020779406930238e-01,1.149979888946387890e-01,1.660044420660034548e-01,7.180172763433313732e-02,6.780561446615607224e-02,1.131975662321129117e-01,1.076076630127510703e-01,2.960871464324429936e-02
1.606165359582234498e-02,4.559989401677123910e-02,4.080301233513267123e-02,1.557891503723744520e-01,8.755686069433944729e-02,9.314201061377538893e-02,6.103196420781958204e-02,8.297065620031959798e-02,1.873840760732470578e-01,7.260572628118242000e-02,8.177060625884133294e-02,1.131734646972643310e-01,7.255454981973040451e-02,3.958663638969420889e-02,1.212090160309044345e-01,2.406428113516458911e-01,1.131572081900224583e-02,3.978177387615368377e-02,2.079251020083118517e-02,1.203799909371966459e-01,3.902442255177761277e-02,1.844719255984930140e-01,2.242876082578517186e-02,1.647725557423592169e-01,6.775430205513163773e-02,5.113309668724574236e-02,5.561340291307193678e-02,1.348689001155211620e-01,3.970580317585786778e-02,3.616870848266833666e-02,5.960693405429076663e-02,5.673967964141083536e-02,2.776512572532740739e-02,2.494887484879785081e-02,9.372006464486774824e-02,4.294036973661687073e-02,1.018069353077092482e-02,1.877286237181495510e-02,2.520577139202602457e-02,6.578272282817923533e-02,5.200010930209752330e-02,7.816730793603852978e-02,4.975970971179529551e-02,3.299456039763242615e-02,3.385767531883196457e-02,3.676712369566589866e-02,8.037212521307847413e-02,7.556248870995943556e-02,6.340213140234687850e-02,2.220074632700474310e-02,6.319721637960767913e-02,5.916489861435982045e-02,2.019712100600817850e-01,1.003667195636858828e-01,1.009714053224931712e-01,1.235832543114799148e-01,1.137081871578648068e-01,1.580102598091411570e-01,1.167893567810466271e-01,5.852290140272575075e-02,1.192056495803786725e-01,5.533803747834427356e-02,4.192307029677592306e-02,1.004182969624991123e-01,2.651884932461676114e-01,5.656955748779839144e-02,3.797685000862191518e-02,5.393950033584425652e-02,1.493703907416465138e-01,5.623513701115596952e-02,2.252192707796541737e-01,5.160995996414183273e-02,0.000000000000000000e+00,4.798369098647759651e-02,5.050694388622395392e-02,5.393020428758941304e-02,2.603944169908682382e-01,3.982113137697042976e-02,5.317421766301504149e-02,7.058934467057327578e-02,7.496402749175747060e-02,3.762603171710916100e-02,3.595425811204155941e-02,1.283442647408970516e-01
-1.118405488283084719e-02,2.876002617192951472e-01,9.680067612631623741e-02,4.899581697981762046e-02,5.758834917089159650e-02,2.798376062160569042e-02,1.180802428908451183e-02,2.099141958896016957e-02,9.939447071398462008e-02,-9.991225855505898607e-04,6.059183218461651477e-02,4.039203017661865958e-02,1.893906683136004632e-01,3.996056538415770736e-03,5.000144985890932897e-02,8.580969316902181676e-02,6.138059002623516558e-02,5.699502257136902089e-02,8.879805948454881637e-02,6.439384622093313748e-02,1.300624183540428219e-02,1.228199380786029055e-01,1.720762034055002207e-02,1.999098560052756796e-02,3.245934288943227441e-01,9.398478457817878440e-02,2.556039486588251308e-01,-4.383852254937162241e-03,2.617555049277960413e-02,-6.088054632159545492e-04,2.440019542102720429e-01,3.598402332709832452e-02,-7.809773521113188080e-03,7.786099692983139073e-03,5.417953299618195884e-02,1.077866550945249108e-01,1.269953935362461983e-01,5.159294376805338006e-02,1.636017451904288322e-01,4.139493989919632716e-02,1.107998303688686598e-01,1.553922010296248934e-01,1.309906489341199354e-01,1.377986177067454798e-01,5.981648607726119948e-02,1.187920960159908196e-01,6.639228079427247908e-02,1.415911134352619005e-01,1.142002763373696911e-01,3.300007985230472146e-02,2.891994319760528009e-01,9.759114957323603012e-02,5.719062441757947340e-02,1.223914719460152123e-01,6.859191553727436719e-02,2.479442436523612153e-02,9.257965049523264600e-02,9.880157672667483348e-02,5.919627952503570684e-02,6.298130342087031319e-02,7.960063416236053124e-02,2.409906959355865852e-01,4.958094282001978409e-02,9.560434580700701013e-02,8.719478625117518811e-02,3.379155295321275426e-02,2.879359989178437162e-02,3.238390510962656232e-02,5.179094757707308067e-02,-5.791261218910326303e-03,1.616036290895977445e-01,1.080223131940364657e-02,4.798369098647759651e-02,0.000000000000000000e+00,2.017510396967694269e-02,2.055890251274982428e-01,-3.640410666193648337e-02,4.460551585765291926e-02,1.599265187464814914e-02,1.989972165681733463e-01,7.659050862399904847e-02,4.040687892779672857e-02,3.558792592279214073e-02,6.398494279632241377e-02
9.889773878185197445e-03,-2.340408521432397332e-02,7.620788790071258978e-02,5.976444627081483121e-03,4.573446875826541608e-02,4.331084484968473342e-02,1.284420362030676971e-02,1.675334496741073473e-02,3.076873916006436782e-02,1.160563600065713484e-02,7.755820899465604157e-02,4.615806093234142010e-02,6.833415675806296663e-02,3.338085949559766591e-02,1.940860010279972861e-02,-1.715337696758997485e-02,7.988528342101856861e-02,8.797779020806538453e-02,9.139462688137016400e-02,2.456588275771832280e-02,3.883654490599764558e-02,2.869164223974358593e-02,4.384420587787375700e-02,4.095291460483251045e-02,5.353282474980284450e-02,9.090671639805791848e-02,7.622236066403639820e-02,3.349211926822659446e-02,3.786146590450000654e-02,1.275302496561824678e-02,1.022145766540872441e-01,3.090957482789097321e-02,3.555010879104017474e-02,3.432638191116417492e-02,4.387613032837729687e-02,1.455234881959581728e-01,1.351813245680387188e-01,4.496270102736373009e-02,7.621269995923860008e-02,-8.829458225100356855e-03,2.899968866383451083e-02,6.035213446609175719e-02,3.095640780414835036e-01,2.860110839479425016e-01,1.040914921578682817e-01,1.645629040119392650e-01,7.536037416954402546e-02,5.934502025723246976e-02,1.636117792942497762e-01,2.760198721590033030e-02,-4.541047679764852879e-02,2.869685015499747749e-01,8.545511153314101424e-03,7.415092843068832318e-02,3.155452897404277535e-02,3.697158984650004976e-02,7.145741298722449453e-02,4.341033243650642415e-02,3.378650879557364411e-03,1.586993714245783504e-01,-4.197902553561070997e-03,7.431173730639910324e-02,5.888947898430154509e-02,6.182614917930364523e-02,-3.583389785379816755e-02,2.419713610683266181e-01,2.477829576649609178e-01,3.129384575815888359e-01,2.114893259262290784e-02,1.964956704890069919e-02,-2.058470385321372123e-02,8.061784321537514286e-02,5.050694388622395392e-02,2.017510396967694269e-02,0.000000000000000000e+00,1.281064213938249430e-01,4.658183128665546041e-02,5.723308244168313214e-02,4.936304326140700943e-02,1.407911184133767979e-01,5.834727854356026172e-02,5.103990067860628144e-02,8.053755971269281611e-02,5.411195099769858241e-02
2.086800972132380264e-02,3.920140833234879718e-01,3.920338821458699968e-02,1.618268950734596048e-02,2.674933834573873029e-02,1.473085162758287076e-02,-1.767686278296389489e-03,3.976593207549819486e-02,6.217756421257829291e-02,1.180407861129096486e-02,5.936688263689542111e-02,3.076727150408297903e-02,8.975125534562009011e-02,9.184188426115017650e-03,4.000702681568719943e-02,1.002408576487684028e-01,9.971583954934390426e-02,3.818005827211624903e-02,7.959426400209537733e-02,2.917431543155512771e-02,4.502719741849095514e-02,1.788787344304454963e-01,4.763280119462846851e-02,6.956563444855332068e-02,2.289593982429254937e-01,1.547345953778708483e-01,1.356182237274477231e-01,1.526762960505106959e-02,2.449476619673011252e-02,2.336513670779853669e-02,1.544116804246234709e-01,4.393292243284732668e-02,3.536217827307226724e-02,5.454573163648199913e-02,5.450819568898376821e-02,1.181398025672210361e-01,6.818135961966252656e-02,7.917306687056571701e-02,6.480803564000199579e-02,4.978056145983406067e-02,3.879977222133570297e-02,5.336308147662351814e-02,2.125646863530830377e-01,1.525990293126182895e-01,7.986627447699641558e-02,1.107676663502512177e-01,5.356835947582981594e-02,8.235936914193345282e-02,5.460221121321072457e-02,2.780112585581059545e-02,2.964066573980038699e-01,2.879733124744438544e-01,1.515937840999325575e-02,3.676048169368892338e-02,1.776486511882792094e-02,8.776987441511216459e-03,4.249001266253318865e-02,5.720772648416371647e-02,1.278434005205982341e-02,7.051639009747610876e-02,8.002124040217920356e-03,1.201367162446430881e-01,3.511491688174711578e-02,3.521768162720437939e-02,1.203818842515875231e-01,1.021689583525997730e-01,5.877564737747862506e-02,1.171381136296062719e-01,2.536167649332157076e-02,1.983695840711803202e-02,1.648194348953725685e-01,1.080134272941947471e-01,5.393020428758941304e-02,2.055890251274982428e-01,1.281064213938249430e-01,0.000000000000000000e+00,-4.361803542107559745e-02,3.862327317760249484e-02,2.797069743099207112e-02,2.185947335827229943e-01,3.375856027845314938e-02,1.682775448440707727e-02,5.315085153655767919e-02,6.233422732383595705e-02
1.801384102326381020e-02,-1.520038489016157547e-02,8.400373739249695354e-03,1.341968861041266947e-01,3.959029102043752635e-02,4.318734500594276216e-02,2.820670780388584778e-02,6.939346821975431179e-02,9.395012547139496364e-03,5.260080934050404000e-02,4.259321042650835581e-02,6.719375461838217323e-02,2.458968348454002029e-02,4.799691581842505800e-02,5.800118428376362101e-02,1.626087634232712131e-01,1.378204947417193196e-02,7.795715509175090048e-03,-3.201806607171422264e-03,8.719513412117016471e-02,4.140526885841293997e-02,8.601581290582069328e-02,2.200628221845677898e-02,1.331938311639329353e-01,-1.621111695259396662e-02,5.984752539935106475e-03,-5.997495843905886401e-03,8.281572011134744060e-02,3.498097728845322302e-02,2.699306036775326809e-02,3.201085653392357795e-03,2.758684520943956511e-02,2.379234961936146225e-02,2.338899800121517839e-02,1.618153179384630019e-02,-4.901517346365470013e-02,-4.540452386800654383e-02,-2.006134231987207785e-03,-1.039893882421808781e-02,2.779580550059676872e-02,1.199965971348601439e-02,3.179244001160352190e-02,-9.781083977906096516e-02,-4.460152637436146095e-02,4.541336220085605974e-02,1.839263275628695224e-02,1.103941364722494656e-01,9.479233923951604912e-02,6.380010334591638965e-02,1.010001636040369355e-01,-2.360112236980788092e-02,4.439226236114630908e-02,2.023941897982587668e-01,1.267932675561971312e-01,9.659372986066062927e-02,3.319969802873857234e-01,1.681910121181871554e-01,-6.239903241508126808e-02,1.503972475623250038e-01,1.085876066586647370e-01,6.840047212964880941e-02,3.178667001551200438e-02,1.399893102890214791e-01,9.680355328818363025e-02,2.235964383387031573e-01,5.899336818058428800e-02,7.719507292687363686e-02,3.838719122240333292e-02,1.261935066400594885e-01,2.042091635799518079e-01,6.680269341767489100e-02,1.312020779406930515e-01,2.603944169908682382e-01,-3.640410666193647643e-02,4.658183128665546041e-02,-4.361803542107559745e-02,0.000000000000000000e+00,1.130048280390118232e-01,1.567950407805805690e-01,5.797137097988074202e-03,1.181929137693013693e-01,9.680599185388545636e-02,7.919102118945914315e-02,1.118631978234648459e-02
3.138319134565355911e-02,8.600504891010177233e-03,9.399547303995395980e-03,7.640517234003640912e-02,5.141493138600509299e-02,3.181977763289754041e-02,1.399149181127299323e-02,2.809629605846293825e-03,6.006760169955466244e-03,2.879912533299064381e-02,4.601009958052820065e-02,3.460946860909799860e-02,4.401531751310929635e-02,1.020436548310441061e-02,4.179868803533391686e-02,4.679090999471469114e-02,3.225141194150152497e-03,1.120582396314952732e-02,2.700249101939401417e-02,4.300751664386476270e-02,1.839340573459543465e-02,3.338325186203331546e-02,2.739207800770979834e-02,1.981031074991038837e-02,2.361489159247633432e-02,3.382198596542714680e-02,1.819671056827866160e-02,3.298323975875734615e-02,5.629218607475133633e-03,1.880980367054330138e-02,2.419863418449011427e-02,1.981937805499890681e-02,2.841091575018371909e-02,1.881579796015824327e-02,9.626506506340830327e-03,-2.478254884724260393e-02,-1.194247454120136954e-03,8.608233723967958356e-03,2.019862194566200003e-02,2.720591611446524297e-02,4.940062319968935300e-02,2.481087053805381901e-02,-3.558810483645005046e-02,-2.398087865102542255e-03,2.735907943372548057e-01,9.101114371761546973e-02,1.398105310345767460e-01,1.814147886889748429e-01,6.080017508724772091e-02,3.140009042334834244e-01,1.940149921873670150e-02,3.901156394041270514e-02,6.221187618607863790e-02,7.821209152791719355e-02,8.441051733580121064e-02,1.522071920978313730e-01,1.516435754913289802e-01,1.899861827401355674e-02,7.580466065496754835e-02,1.616325440539517488e-01,4.859966097311843591e-02,7.962197505074129766e-02,3.174396740354009094e-01,6.939599268275382926e-02,4.220650356236119866e-02,1.124108219490211058e-01,8.580783247866824448e-02,1.154225613589251742e-01,3.201096096231360877e-02,2.115927028610938010e-01,-6.033619927793013255e-04,1.149979888946387890e-01,3.982113137697042282e-02,4.460551585765291926e-02,5.723308244168313214e-02,3.862327317760248790e-02,1.130048280390118232e-01,0.000000000000000000e+00,2.238100971866642530e-01,4.960404594830006980e-02,1.828141511154888765e-01,3.725955502006275677e-01,3.206202342263428928e-01,3.581991082553047379e-02
2.282591432121127556e-02,1.439940357642179730e-02,-2.799336302566550732e-03,5.019359114738290717e-02,2.878093235758924159e-02,2.077423461013781086e-02,1.101237377432768422e-02,2.658676768895538653e-02,3.939086300513847116e-02,2.780152276509860465e-02,4.098696610388348482e-02,2.358738789727733709e-02,6.579758491299161731e-03,1.399398415718829981e-02,4.360229964042543899e-02,1.541381102125173250e-02,1.736568296174120785e-02,2.579206415296857180e-02,2.919678367784056539e-02,4.239023674799367869e-02,1.740968790521227327e-02,1.162554295142095157e-02,2.041179478086955351e-02,2.798612998462852303e-02,-1.942085974352024749e-02,3.037206151798060860e-02,-6.795286407573584465e-03,5.122685600889383822e-02,1.576042983780363144e-02,1.098655273944989554e-02,7.202082716254250630e-03,4.317504544520621435e-02,-1.541519679937989988e-02,5.782573593649219246e-04,6.963730011703805900e-03,-2.542671862498850632e-02,-5.808209478170743394e-03,1.318859360078206491e-02,1.200211132163946266e-02,4.219220616406622881e-02,5.239962395629228775e-02,5.938595951143443158e-02,-6.176901524231873022e-04,6.997322951479005224e-03,1.434272623432087390e-01,6.758670809544096991e-02,1.455889737594336930e-01,9.718477806213106363e-02,6.180035717137953577e-02,2.682015500544335795e-01,-1.080210417029314925e-02,5.078519232709865355e-02,3.838498947992192989e-02,9.678594482468955151e-02,9.018764402155464432e-02,3.135940331189333019e-01,1.429690218954426661e-01,2.680219952157721422e-02,9.759460274063078145e-02,1.097721259839090496e-01,4.880096295009986318e-02,4.937466792513297426e-02,2.691811640703479780e-01,8.800677057380586199e-02,6.879179095390766663e-02,9.178766606765778602e-02,8.959072192050258898e-02,8.557658024015724063e-02,3.618560086957763045e-02,3.462183690530740710e-01,3.560500019019249840e-02,1.660044420660034548e-01,5.317421766301504843e-02,1.599265187464814914e-02,4.936304326140701637e-02,2.797069743099207112e-02,1.567950407805805690e-01,2.238100971866642530e-01,0.000000000000000000e+00,7.299507583839079383e-02,1.149856706869279988e-01,2.164124234775421096e-01,1.899845752054562242e-01,4.237501648681088473e-02
1.701232634643278646e-02,2.177999631438115591e-01,8.180042629798933707e-02,6.279700627356975262e-02,6.899196956602256237e-02,2.898844010184769074e-02,1.480587430635425979e-02,4.839404969290456854e-02,6.399585319333973843e-02,3.240068399655384596e-02,9.519448395856450196e-02,1.419404124547649082e-02,1.383930689308184858e-01,9.397147536974603463e-03,4.820103027050632455e-02,4.200678914503693656e-02,9.758876377360983789e-02,8.599651809381568535e-02,7.539853435597837494e-02,6.859559692321312574e-02,3.800467715673794961e-02,1.378157882686023294e-01,2.740563292075357330e-02,3.899367446977335117e-02,2.083944184316709192e-01,1.153906558544342958e-01,1.474025728725340822e-01,1.181217732329274510e-02,5.078452316453251764e-02,-1.200651076961394698e-02,1.898012369862218940e-01,6.498958123919207353e-02,4.393008846647397485e-03,3.239046577592719078e-02,3.998510466681601261e-02,1.139912788924959536e-01,9.599655968984187326e-02,5.659496006498478116e-02,1.106011213655674480e-01,7.079645486785578201e-02,8.459979000079405342e-02,1.235943151665376410e-01,1.587940307604728263e-01,1.815990106574341956e-01,9.721325070142949887e-02,1.545948419281049646e-01,6.779449680473806361e-02,1.125935521910163967e-01,1.340001715031787777e-01,7.240009266291153045e-02,1.669992838906663724e-01,1.357942511005792718e-01,4.459316955996319581e-02,1.061939000742388173e-01,6.839423527651992962e-02,2.939597738758039855e-02,1.219896709701592530e-01,5.300103727781871332e-02,6.379730528166072112e-02,1.279905644515942631e-01,2.500035246523168997e-02,1.355917133848589251e-01,7.018778155613805692e-02,8.100311459757680854e-02,9.299627373546658082e-02,1.087946101554230632e-01,1.121958489076973209e-01,1.005907096972324943e-01,5.599357433411662754e-02,3.920676316333081973e-02,1.446025665451524389e-01,7.180172763433315120e-02,7.058934467057326190e-02,1.989972165681733185e-01,1.407911184133767979e-01,2.185947335827229943e-01,5.797137097988074202e-03,4.960404594830006980e-02,7.299507583839079383e-02,0.000000000000000000e+00,8.759344185646188163e-02,5.940514284774858073e-02,7.179202024221016665e-02,7.458988554248371927e-02
1.703617909160008020e-02,6.259976242915486766e-02,3.801003763458354542e-03,1.323921907293446887e-01,7.937441203074893648e-02,3.896419774563780053e-02,8.817436970280345329e-03,2.438127779491408922e-02,9.518803090285547774e-02,1.560210077531226473e-02,3.398146517189351568e-02,6.538298697908247192e-02,3.957237094012708983e-02,4.991426444943652431e-03,6.780367294003880607e-02,7.602068185599526740e-02,6.715448994636401270e-02,4.558913757152552315e-02,1.539538551491712037e-02,1.005872126883565615e-01,2.281379086650309196e-02,5.583768832426583978e-02,3.141686182604458422e-02,2.058026057651761789e-02,7.397338635728306633e-02,4.096071053668236955e-02,1.860695189274278946e-02,1.663616353250037955e-02,2.914483974634359681e-02,-1.281944829088089988e-02,3.660330793026327079e-02,4.096428162112532301e-02,2.717945825873521390e-02,2.769371682836728205e-03,1.634930692280720313e-02,-7.236768689676455028e-03,-5.211593887757533759e-03,2.458410689476482960e-02,5.620353723127605172e-02,7.358954073805963614e-02,6.339977166039115208e-02,9.078080647260393377e-02,3.750518861114058742e-04,6.599694171375750096e-02,2.016396208479472041e-01,1.945837994552454819e-01,1.997855054316752532e-01,2.829827989670705701e-01,1.960022577332407867e-01,2.484028613313112588e-01,3.539753439998831464e-02,6.497935810803202872e-02,1.577814088283218119e-01,2.541835391024157564e-01,1.551838308062584160e-01,1.177892761365027519e-01,2.375607621900918953e-01,6.380362614391371645e-02,1.565934183033590998e-01,2.059646746318010702e-01,1.114022453647414840e-01,1.315673291048426730e-01,2.337668819476683701e-01,2.302116638261613724e-01,5.858839412960043652e-02,1.471836746587755762e-01,1.681882955510830280e-01,6.176515392619414541e-02,1.007810184559166933e-01,1.308217514662526615e-01,4.460727686575192974e-02,6.780561446615605836e-02,7.496402749175747060e-02,7.659050862399906234e-02,5.834727854356026172e-02,3.375856027845314938e-02,1.181929137693013554e-01,1.828141511154888488e-01,1.149856706869280126e-01,8.759344185646188163e-02,0.000000000000000000e+00,2.070177146574239679e-01,2.137782206557113096e-01,5.976507005070686579e-02
2.397856658632007559e-02,8.800639715008447272e-03,1.239945610005588859e-02,6.660643229878807081e-02,2.241787616320458851e-02,-2.157735575293523098e-02,1.789220723574660695e-03,5.812071443784355869e-03,-5.916058207390906612e-04,1.939888895820513978e-02,3.181239641550850233e-02,1.441156774685265103e-02,-1.258228487406870891e-02,1.160547047847943977e-02,4.639841730329533065e-02,5.938874348530849556e-02,1.023179621157606876e-02,1.140728345742100976e-02,2.160310770494066127e-02,3.840934474962763578e-02,4.991642865347267061e-03,3.077878335733339951e-02,1.589817361587669625e-03,-6.387486332744250934e-03,1.701838107701724237e-02,1.722651191360867473e-02,3.595820123104194379e-03,3.357887261598594547e-02,3.436259255735290685e-03,2.221227642594884866e-02,2.239830499377671799e-02,3.242452982249061089e-02,1.813224389107277864e-03,1.301952327702597494e-02,-8.968166576554815680e-03,-2.857815613173109170e-02,5.807242133241124517e-03,-3.189833808113398672e-03,3.159834804575894357e-02,3.407224422878321699e-03,2.880073010657847182e-02,4.941389929982493295e-02,-2.098477966861627547e-02,4.300260701224004750e-02,3.517893175501738412e-01,1.688148471306257781e-01,1.592132646535844021e-01,2.264188472429225218e-01,1.678007550295929906e-01,3.202014407656476047e-01,2.240190465065779526e-02,5.081456482809373898e-02,6.241473974145440862e-02,1.600162114262823065e-01,1.070133363337260196e-01,1.204087479462143534e-01,1.006470935140976741e-01,3.598217017987286482e-03,5.720574952447134154e-02,1.290370289487461353e-01,4.839961880488186097e-02,5.382596207175981834e-02,2.616431374315968950e-01,1.051952442709038066e-01,5.480823106578848469e-02,1.854143162484634400e-01,1.228101042805098964e-01,9.042655507017030581e-02,3.901375184034038684e-02,2.629912882638869021e-01,8.795848616443223064e-03,1.131975662321129117e-01,3.762603171710916100e-02,4.040687892779672163e-02,5.103990067860628144e-02,1.682775448440707727e-02,9.680599185388545636e-02,3.725955502006276232e-01,2.164124234775421374e-01,5.940514284774857379e-02,2.070177146574239679e-01,0.000000000000000000e+00,3.340245189761936184e-01,5.562533992156244722e-02
4.324482694106775854e-02,3.639945302662264681e-02,-4.798920922413313188e-03,6.898969942377629339e-02,4.796797684505658965e-02,3.035619840977910044e-02,2.222139562014378844e-02,4.976925834909204371e-03,3.858456179084258919e-02,2.300270847814815320e-02,4.057780936187031090e-02,3.877889435697138426e-02,2.056591951338062815e-02,1.989597728639118292e-03,5.080434324654362066e-02,4.742437463735944825e-02,2.654156765880454072e-02,2.098649478650764164e-02,1.319442908635998050e-02,4.838363317941297981e-02,2.861683183228970473e-02,4.364484462010357474e-02,1.322001677150751696e-02,3.237647248654196286e-02,6.565432065142731005e-03,3.715212357943992183e-02,2.440855361995434430e-02,4.644496837335406608e-02,1.213148438847343885e-02,1.777724350752436441e-02,4.160418685825034019e-02,2.995617951473908414e-02,2.297509133137273091e-02,1.776354622577050457e-02,1.573854875323060440e-02,-1.624481790756888977e-02,1.378635295719699526e-02,4.918139336315058285e-02,2.800395567555568135e-02,3.778682572156578240e-02,2.959933852318524447e-02,4.937579088062879484e-02,8.570103006671150533e-03,4.459612477117172458e-02,2.750504204772044603e-01,1.723800618241189408e-01,1.795822789383661466e-01,1.883765255489320833e-01,1.230020687053231393e-01,3.010050624414817855e-01,1.079670387507300142e-02,7.117527267658904644e-02,5.317477951204243464e-02,1.483773878045333838e-01,9.937926867044655221e-02,1.275874985291392816e-01,1.501405911410038096e-01,2.280386728217247486e-02,6.719079992611926011e-02,1.557524122206948858e-01,4.800196816310113579e-02,5.575632639763870857e-02,2.919620947548470791e-01,1.080124305186430933e-01,4.038573722181670878e-02,2.049818894695221161e-01,1.379855433079233140e-01,1.215605064789195694e-01,3.657545170523190947e-02,1.770275910725885860e-01,1.160832579707559917e-02,1.076076630127510703e-01,3.595425811204155941e-02,3.558792592279213379e-02,8.053755971269281611e-02,5.315085153655767919e-02,7.919102118945915703e-02,3.206202342263428928e-01,1.899845752054562242e-01,7.179202024221015277e-02,2.137782206557113096e-01,3.340245189761936184e-01,0.000000000000000000e+00,4.955710537170340824e-02
-3.542490506916961667e-03,3.439948718756550422e-02,1.280194950230773530e-02,2.258513370578457344e-02,1.587622637176479279e-01,1.339473146231589529e-01,4.462972387721172995e-02,5.417088417056670907e-02,1.985849809798715671e-01,6.031380821809125990e-04,7.937185230128256108e-02,1.943776786602655626e-01,8.255720170590331863e-02,2.158665298001523694e-02,1.852103464866313720e-01,1.903192801865544875e-02,3.332170352292188747e-02,4.138265979228440000e-02,2.199288074164185841e-02,1.759827471019307088e-01,1.142223002038722859e-02,4.166012194304653110e-02,-6.373713359022423371e-03,8.557060075025928192e-02,5.215572981147890280e-02,4.793615728230410378e-02,4.001217518212098895e-02,5.326079239480727145e-02,3.290977967011574079e-02,3.297006971139312265e-02,8.120716425992795251e-02,9.554497845864312611e-02,2.056650807058967717e-02,2.615141596676787833e-02,2.093343429767715869e-01,8.494576270755842262e-02,6.618348558660848424e-02,5.637552325872863951e-02,5.000620959191696274e-02,1.281855500724186359e-01,8.760110650750739525e-02,8.976928283926391416e-02,1.225648290331861900e-01,1.089971109094710483e-01,4.705555380022416467e-02,7.757028684746584968e-02,1.419757064331523544e-01,8.116448714410517962e-02,8.340253689006985049e-02,4.660141749493110219e-02,3.239631171077880095e-02,2.876530285279257221e-02,-6.843868213122290822e-02,1.499702717834784926e-01,3.229812108982021424e-01,7.078211424991136258e-02,1.689191446862563228e-01,2.780131860119974818e-01,1.767916253144574401e-01,7.652816159326551737e-02,3.284115558439180127e-01,6.654175936076645037e-02,6.152839345736627746e-02,2.432218307452436168e-01,-1.082064367734402940e-02,2.576979310261715006e-02,5.157840329483857206e-02,4.274176623243410023e-02,8.576912244801108975e-02,5.431405535411995382e-03,3.321196167382090697e-02,2.960871464324429936e-02,1.283442647408970239e-01,6.398494279632242765e-02,5.411195099769858241e-02,6.233422732383595705e-02,1.118631978234648459e-02,3.581991082553047379e-02,4.237501648681088473e-02,7.458988554248371927e-02,5.976507005070686579e-02,5.562533992156245416e-02,4.955710537170341518e-02,0.000000000000000000e+00
